artifact,release_path,bytes,sha256,stage,generator,command,reference_status,release_status
00-e1-规模与可控概率/README.md,outputs/00-e1-规模与可控概率/README.md,816,a48be7032c7e5df9decdff0b0c1d61b17c4d63c8770f27a457999774a82cf2ad,publication_figures,tools/generate_boxplot_outputs.py,python tools/generate_boxplot_outputs.py,present_in_reference_tree,rebuild_from_code
00-e1-规模与可控概率/e1_p_ctrl_boxplot_by_N.pdf,outputs/00-e1-规模与可控概率/e1_p_ctrl_boxplot_by_N.pdf,33804,5758b8a19a80e746964b8b926c436e40c9b6a206d4e5d46b5eca15da1d954fd2,publication_figures,plots/leaf/e1_p_ctrl_boxplot_by_n.py,python plots/leaf/e1_p_ctrl_boxplot_by_n.py,present_in_reference_tree,rebuild_from_code
00-e1-规模与可控概率/e1_p_ctrl_boxplot_by_N.png,outputs/00-e1-规模与可控概率/e1_p_ctrl_boxplot_by_N.png,123340,af5b7b1a4b98a1e189c3883692d583799a597f985bb1d485230135bf2eb43080,publication_figures,plots/leaf/e1_p_ctrl_boxplot_by_n.py,python plots/leaf/e1_p_ctrl_boxplot_by_n.py,present_in_reference_tree,rebuild_from_code
01-e20-迁移N95与效果/README.md,outputs/01-e20-迁移N95与效果/README.md,784,a2511f927914f572343103ed10a269c452132a6406b98090b3cd4977a0db836c,publication_figures,tools/generate_boxplot_outputs.py,python tools/generate_boxplot_outputs.py,present_in_reference_tree,rebuild_from_code
01-e20-迁移N95与效果/e20_n95_inflation_boxplot.pdf,outputs/01-e20-迁移N95与效果/e20_n95_inflation_boxplot.pdf,23829,c9122f0b93f9e05925c4acd8ac73fcf28fac085375b32c600e35a72074b45f2a,publication_figures,plots/leaf/e20_n95_inflation.py,python plots/leaf/e20_n95_inflation.py,present_in_reference_tree,rebuild_from_code
01-e20-迁移N95与效果/e20_n95_inflation_boxplot.png,outputs/01-e20-迁移N95与效果/e20_n95_inflation_boxplot.png,77189,8fc5bbca8ad3e79feab643ca8404d02a5778a7b9bc2fd8b2e1232b703309922c,publication_figures,plots/leaf/e20_n95_inflation.py,python plots/leaf/e20_n95_inflation.py,present_in_reference_tree,rebuild_from_code
01-e20-迁移N95与效果/e20_r2_vs_N_boxplot.pdf,outputs/01-e20-迁移N95与效果/e20_r2_vs_N_boxplot.pdf,72903,ee90f20bd78f44f14aaed84db96cff710d5cd050fdd374eb897c60c4cabe542f,publication_figures,plots/leaf/e20_r2_vs_n.py,python plots/leaf/e20_r2_vs_n.py,present_in_reference_tree,rebuild_from_code
01-e20-迁移N95与效果/e20_r2_vs_N_boxplot.png,outputs/01-e20-迁移N95与效果/e20_r2_vs_N_boxplot.png,129176,3c75f8cbd7b75910f1e8b2feddf664f853f195fed1bae5a3b548bcee14a0da20,publication_figures,plots/leaf/e20_r2_vs_n.py,python plots/leaf/e20_r2_vs_n.py,present_in_reference_tree,rebuild_from_code
02-e21-原始与混合算法效果/README.md,outputs/02-e21-原始与混合算法效果/README.md,1035,53e4db091373936011265d381497c4e9cc00fe79b491d3d8db9b88912acd65ca,publication_figures,tools/generate_boxplot_outputs.py,python tools/generate_boxplot_outputs.py,present_in_reference_tree,rebuild_from_code
02-e21-原始与混合算法效果/e21_raw_vs_mixed_algorithm_boxplot.pdf,outputs/02-e21-原始与混合算法效果/e21_raw_vs_mixed_algorithm_boxplot.pdf,171615,59df56c0d1b8b749e8a5f2bdbd9df50a94446d04fbc536bb7fd8918ee1913660,publication_figures,plots/leaf/e21_algorithm_effect.py,python plots/leaf/e21_algorithm_effect.py,present_in_reference_tree,rebuild_from_code
02-e21-原始与混合算法效果/e21_raw_vs_mixed_algorithm_boxplot.png,outputs/02-e21-原始与混合算法效果/e21_raw_vs_mixed_algorithm_boxplot.png,746290,a0682b708fc98f1691d1f89404a3dc7d772fa4ded33eadd4ba542928ffc769b2,publication_figures,plots/leaf/e21_algorithm_effect.py,python plots/leaf/e21_algorithm_effect.py,present_in_reference_tree,rebuild_from_code
03-e21-两两组合弃电率/README.md,outputs/03-e21-两两组合弃电率/README.md,872,84ff5477b91b825fb082db7c2bb84ecc1681df6d36e845f610ea28becb4e9ce4,publication_figures,tools/generate_boxplot_outputs.py,python tools/generate_boxplot_outputs.py,present_in_reference_tree,rebuild_from_code
03-e21-两两组合弃电率/e21_pairwise_curtailment_boxplot.pdf,outputs/03-e21-两两组合弃电率/e21_pairwise_curtailment_boxplot.pdf,33505,2a02b24a1137ace69c756838cf5cb8246d4ad36bf9edfc332510cf0dcd1cbc8b,publication_figures,plots/leaf/e21_pairwise_curtailment.py,python plots/leaf/e21_pairwise_curtailment.py,present_in_reference_tree,rebuild_from_code
03-e21-两两组合弃电率/e21_pairwise_curtailment_boxplot.png,outputs/03-e21-两两组合弃电率/e21_pairwise_curtailment_boxplot.png,114739,31c8cb1384cbb2f38e54e40e6b1131895b1ada0bc05394e7a585be0b7eb5c125,publication_figures,plots/leaf/e21_pairwise_curtailment.py,python plots/leaf/e21_pairwise_curtailment.py,present_in_reference_tree,rebuild_from_code
04-e21-两两组合R2规模/README.md,outputs/04-e21-两两组合R2规模/README.md,800,3b9664cbd4ed068eedf0fdc7530458e6e98b0d5f31913b44d7ab4debb1a6d20c,publication_figures,tools/generate_boxplot_outputs.py,python tools/generate_boxplot_outputs.py,present_in_reference_tree,rebuild_from_code
04-e21-两两组合R2规模/e21_pairwise_r2_vs_N_boxplot.pdf,outputs/04-e21-两两组合R2规模/e21_pairwise_r2_vs_N_boxplot.pdf,133379,edf479969ed4a33122e4604bb2a843fba1457914fb751aeb1667493fcf8690a9,publication_figures,plots/leaf/e21_pairwise_r2.py,python plots/leaf/e21_pairwise_r2.py,present_in_reference_tree,rebuild_from_code
04-e21-两两组合R2规模/e21_pairwise_r2_vs_N_boxplot.png,outputs/04-e21-两两组合R2规模/e21_pairwise_r2_vs_N_boxplot.png,117310,7b98e7d56a60ef38636b12c669f72943d6c39c6002c8a9be3c4379d43662f2af,publication_figures,plots/leaf/e21_pairwise_r2.py,python plots/leaf/e21_pairwise_r2.py,present_in_reference_tree,rebuild_from_code
05-e21-Gamma边界/README.md,outputs/05-e21-Gamma边界/README.md,882,a214c03b38822a3c36856754cccfc641d3ac037e5ec574b2e8e76b736ee692c3,publication_figures,tools/generate_boxplot_outputs.py,python tools/generate_boxplot_outputs.py,present_in_reference_tree,rebuild_from_code
05-e21-Gamma边界/e21_gamma_r2_boxplot.pdf,outputs/05-e21-Gamma边界/e21_gamma_r2_boxplot.pdf,57013,33749f95eb738c9ae34752193d4f1efc7ef89b08d1cc34a8fe727b00cc05a504,publication_figures,plots/leaf/e21_gamma_r2.py,python plots/leaf/e21_gamma_r2.py,present_in_reference_tree,rebuild_from_code
05-e21-Gamma边界/e21_gamma_r2_boxplot.png,outputs/05-e21-Gamma边界/e21_gamma_r2_boxplot.png,143529,294924ebfa15b01492bc12fd1e369c5bd80484ea10c10f760b031ffcd5588152,publication_figures,plots/leaf/e21_gamma_r2.py,python plots/leaf/e21_gamma_r2.py,present_in_reference_tree,rebuild_from_code
06-e22-IEEE69算法与R2/README.md,outputs/06-e22-IEEE69算法与R2/README.md,840,66141fbdebaa147835976705431d6bb99e3b3657ee6cd20babc68e31ef93310d,publication_figures,tools/generate_boxplot_outputs.py,python tools/generate_boxplot_outputs.py,present_in_reference_tree,rebuild_from_code
06-e22-IEEE69算法与R2/e22_ieee69_algorithm_boxplots.pdf,outputs/06-e22-IEEE69算法与R2/e22_ieee69_algorithm_boxplots.pdf,81771,dca9deca10d67797be576bd0fc67a755a6f5d7872440ed3721a02d3b1d0cfab1,publication_figures,plots/leaf/e22_algorithm_boxplots.py,python plots/leaf/e22_algorithm_boxplots.py,present_in_reference_tree,rebuild_from_code
06-e22-IEEE69算法与R2/e22_ieee69_algorithm_boxplots.png,outputs/06-e22-IEEE69算法与R2/e22_ieee69_algorithm_boxplots.png,1085487,ec661b873022b87f81e7b70accb6f67dcc9451f8b7af5fddcc281f509dd22c87,publication_figures,plots/leaf/e22_algorithm_boxplots.py,python plots/leaf/e22_algorithm_boxplots.py,present_in_reference_tree,rebuild_from_code
07-e23-IEEE69压力曲线/README.md,outputs/07-e23-IEEE69压力曲线/README.md,877,fc53aa391b5aad4b17238f98c7c3bc6a2c5e7811336323ba935ed622d994bb11,publication_figures,tools/generate_boxplot_outputs.py,python tools/generate_boxplot_outputs.py,present_in_reference_tree,rebuild_from_code
07-e23-IEEE69压力曲线/e23_line_derating_boxplot.pdf,outputs/07-e23-IEEE69压力曲线/e23_line_derating_boxplot.pdf,181147,6933d617ca8a00930d9d4589390bd9b96bdad890963d15da5a7bf2c05845fc48,publication_figures,plots/leaf/e23_line_derating.py,python plots/leaf/e23_line_derating.py,present_in_reference_tree,rebuild_from_code
07-e23-IEEE69压力曲线/e23_line_derating_boxplot.png,outputs/07-e23-IEEE69压力曲线/e23_line_derating_boxplot.png,1021743,ce43195d99ad6e404ad2db736a0a0430d122c6d49c717d0ace38a96783033c0a,publication_figures,plots/leaf/e23_line_derating.py,python plots/leaf/e23_line_derating.py,present_in_reference_tree,rebuild_from_code
07-e23-IEEE69压力曲线/e23_request_intensity_boxplot.pdf,outputs/07-e23-IEEE69压力曲线/e23_request_intensity_boxplot.pdf,293325,ec3c2f98fbeed22d0654b040b31786e91a46889ae8ba18c79aa7e2606eb0af4a,publication_figures,plots/leaf/e23_request_intensity.py,python plots/leaf/e23_request_intensity.py,present_in_reference_tree,rebuild_from_code
07-e23-IEEE69压力曲线/e23_request_intensity_boxplot.png,outputs/07-e23-IEEE69压力曲线/e23_request_intensity_boxplot.png,1010603,612d3a49467ff73849d87e86b5c821284850e36476d9a375094f6bd92c877de4,publication_figures,plots/leaf/e23_request_intensity.py,python plots/leaf/e23_request_intensity.py,present_in_reference_tree,rebuild_from_code
07-e23-IEEE69压力曲线/e23_spatial_concentration_boxplot.pdf,outputs/07-e23-IEEE69压力曲线/e23_spatial_concentration_boxplot.pdf,201457,4b8e9b15c4b1e1514a473c932c87ea343a94c60788cd8bcc9bc7d189a5cdcade,publication_figures,plots/leaf/e23_spatial_concentration.py,python plots/leaf/e23_spatial_concentration.py,present_in_reference_tree,rebuild_from_code
07-e23-IEEE69压力曲线/e23_spatial_concentration_boxplot.png,outputs/07-e23-IEEE69压力曲线/e23_spatial_concentration_boxplot.png,800460,79a2e8b8c53d7d3132c21ef2a030a95d5705625ce3a9c1d127b94c6b4f498fa1,publication_figures,plots/leaf/e23_spatial_concentration.py,python plots/leaf/e23_spatial_concentration.py,present_in_reference_tree,rebuild_from_code
08-e24-IEEE123效果与安全/README.md,outputs/08-e24-IEEE123效果与安全/README.md,855,9f6c5fcf71c6d197f1fe0f75489c89394ae747d737aa695dec1dd05b37e96a5a,publication_figures,tools/generate_boxplot_outputs.py,python tools/generate_boxplot_outputs.py,present_in_reference_tree,rebuild_from_code
08-e24-IEEE123效果与安全/e24_effect_boxplot.pdf,outputs/08-e24-IEEE123效果与安全/e24_effect_boxplot.pdf,46092,f80c3af9a0f9337c7df2bf635446867ee5f3a6b9cfa78465a103ff6090311989,publication_figures,plots/leaf/e24_effect.py,python plots/leaf/e24_effect.py,present_in_reference_tree,rebuild_from_code
08-e24-IEEE123效果与安全/e24_effect_boxplot.png,outputs/08-e24-IEEE123效果与安全/e24_effect_boxplot.png,663893,abd26f5e491f60d5f6dfc5e9b46dcd2010bf4c90cffd55a7ae4283a9486609b3,publication_figures,plots/leaf/e24_effect.py,python plots/leaf/e24_effect.py,present_in_reference_tree,rebuild_from_code
08-e24-IEEE123效果与安全/e24_network_acceptance_boxplot.pdf,outputs/08-e24-IEEE123效果与安全/e24_network_acceptance_boxplot.pdf,47516,00ce9e311da504abfae1538c0a5266370e1e333c829e234075e1695ac085d083,publication_figures,plots/leaf/e24_network_acceptance.py,python plots/leaf/e24_network_acceptance.py,present_in_reference_tree,rebuild_from_code
08-e24-IEEE123效果与安全/e24_network_acceptance_boxplot.png,outputs/08-e24-IEEE123效果与安全/e24_network_acceptance_boxplot.png,501392,ed468845a1b7244bbe57da6511de7280aec68edda35806b928f86f2ac19ef2b1,publication_figures,plots/leaf/e24_network_acceptance.py,python plots/leaf/e24_network_acceptance.py,present_in_reference_tree,rebuild_from_code
FIGURE_DATA_SUMMARY.md,outputs/FIGURE_DATA_SUMMARY.md,2397,742df69a3146793131d37b355848325d6e085fa2ad9fd6cf5095783273c35a61,metadata_or_manual,manual_or_source_metadata,see artifact notes,present_in_reference_tree,rebuild_from_code
README.md,outputs/README.md,1816,2ab5e2d3c62ec8faa2b972b1b7e00d09040a3c0378a68c3fbd3704460cac1b1e,metadata_or_manual,manual_or_source_metadata,see artifact notes,present_in_reference_tree,rebuild_from_code
Supplementary_Tables_S1_S4_S5_Chinese.docx,outputs/Supplementary_Tables_S1_S4_S5_Chinese.docx,46642,009af13e754d2dec94ce85a321c043de94021adfc9f2227e64cace10c6e57e83,supplementary_tables,tools/build_supplementary_tables_s1_s4_s5.py,python tools/build_supplementary_tables_s1_s4_s5.py,present_in_reference_tree,rebuild_from_code
Supplementary_Tables_S1_S4_S5_English.docx,outputs/Supplementary_Tables_S1_S4_S5_English.docx,50500,0e05d77ef8646f1e399f9445ec38451373734ab083b880f78fbbb4bed2e92635,supplementary_tables,tools/build_supplementary_tables_s1_s4_s5.py,python tools/build_supplementary_tables_s1_s4_s5.py,present_in_reference_tree,rebuild_from_code
appendix/README.md,outputs/appendix/README.md,242,8abfc9d527085ee59821721748e5c7a4a8fb16d564d1e27cb497937a8fc8546d,appendix,tools/build_appendix.py,python tools/build_appendix.py,present_in_reference_tree,rebuild_from_code
appendix/appendix_figures.docx,outputs/appendix/appendix_figures.docx,8363484,e4c9362e7f94f27438f8976481ad1dc4a144e7c014281ccaa5f753b92fb00dc5,appendix,tools/build_appendix.py,python tools/build_appendix.py,present_in_reference_tree,rebuild_from_code
appendix/appendix_figures.md,outputs/appendix/appendix_figures.md,21056,58e483e2be8a0a8b594558a8cc7baea051ee398dd17428ee75cc7611e4c4f0ce,appendix,tools/build_appendix.py,python tools/build_appendix.py,present_in_reference_tree,rebuild_from_code
appendix/figures/Appendix_Fig_01.pdf,outputs/appendix/figures/Appendix_Fig_01.pdf,196582,48a7b46c01791c952b27ba8df1a0f815d4f51a4ec32f0047e1eecfd9fec1ead6,appendix,tools/build_appendix.py,python tools/build_appendix.py,present_in_reference_tree,rebuild_from_code
appendix/figures/Appendix_Fig_01.png,outputs/appendix/figures/Appendix_Fig_01.png,156703,36b1923e44772acbf3eb2e5c858fd40ca7be5eacd33bc0c415ef85c9366b74f4,appendix,tools/build_appendix.py,python tools/build_appendix.py,present_in_reference_tree,rebuild_from_code
appendix/figures/Appendix_Fig_02.pdf,outputs/appendix/figures/Appendix_Fig_02.pdf,373068,491978d08def563670999f6c9e6d2bac51043c8db8fd0e83c78601549ff493a7,appendix,tools/build_appendix.py,python tools/build_appendix.py,present_in_reference_tree,rebuild_from_code
appendix/figures/Appendix_Fig_02.png,outputs/appendix/figures/Appendix_Fig_02.png,274250,0a4f21a3623539a63e1a5630688ce3cc1ce49fc64451616e78d0499777bfd193,appendix,tools/build_appendix.py,python tools/build_appendix.py,present_in_reference_tree,rebuild_from_code
appendix/figures/Appendix_Fig_03.pdf,outputs/appendix/figures/Appendix_Fig_03.pdf,286718,a36c1b0abde21f251605f09430f1060da222af67099a6d5e102c6b84a208c208,appendix,tools/build_appendix.py,python tools/build_appendix.py,present_in_reference_tree,rebuild_from_code
appendix/figures/Appendix_Fig_03.png,outputs/appendix/figures/Appendix_Fig_03.png,378517,853349236a66b736fd50da6ba3f72feedee534a42787ff6349d65133f37aa7c1,appendix,tools/build_appendix.py,python tools/build_appendix.py,present_in_reference_tree,rebuild_from_code
appendix/figures/Appendix_Fig_04.pdf,outputs/appendix/figures/Appendix_Fig_04.pdf,167645,1a4480118fc70f827158489998eb3bc374c410ab2225e813e7f83e5b571b5271,appendix,tools/build_appendix.py,python tools/build_appendix.py,present_in_reference_tree,rebuild_from_code
appendix/figures/Appendix_Fig_04.png,outputs/appendix/figures/Appendix_Fig_04.png,165624,f085d1b86fa51e14732f6faa5d6a33d9b414c48dd3bec7e9721750e5013195bc,appendix,tools/build_appendix.py,python tools/build_appendix.py,present_in_reference_tree,rebuild_from_code
appendix/figures/Appendix_Fig_05.pdf,outputs/appendix/figures/Appendix_Fig_05.pdf,267854,35a88df83f83983ba253f6a54219bf43ece588445d85db3fc7918dcc95f67372,appendix,tools/build_appendix.py,python tools/build_appendix.py,present_in_reference_tree,rebuild_from_code
appendix/figures/Appendix_Fig_05.png,outputs/appendix/figures/Appendix_Fig_05.png,184305,3e721e55c45ce51f25028e65285fc0903a80ea5074c0a077ca070b94aad9332f,appendix,tools/build_appendix.py,python tools/build_appendix.py,present_in_reference_tree,rebuild_from_code
appendix/figures/Appendix_Fig_06.pdf,outputs/appendix/figures/Appendix_Fig_06.pdf,121770,8e2398455a859587e6f60ad6c63c0522c4826586575fd01dd5d5c7b6680dc343,appendix,tools/build_appendix.py,python tools/build_appendix.py,present_in_reference_tree,rebuild_from_code
appendix/figures/Appendix_Fig_06.png,outputs/appendix/figures/Appendix_Fig_06.png,113251,d4228592414b6617454f12ceacedc9c92e80fa3f1a14367b9bbbe6d3a88cbac2,appendix,tools/build_appendix.py,python tools/build_appendix.py,present_in_reference_tree,rebuild_from_code
appendix/figures/Appendix_Fig_07.pdf,outputs/appendix/figures/Appendix_Fig_07.pdf,187802,1af093da43bf7b63d046c02ea82b85eb907e03f63b86440a9e2b49a0f84698d3,appendix,tools/build_appendix.py,python tools/build_appendix.py,present_in_reference_tree,rebuild_from_code
appendix/figures/Appendix_Fig_07.png,outputs/appendix/figures/Appendix_Fig_07.png,191198,0c07962b02def14cf83a87832abf504c4d4f12121fe06292150350095f4414f2,appendix,tools/build_appendix.py,python tools/build_appendix.py,present_in_reference_tree,rebuild_from_code
appendix/figures/Appendix_Fig_08.pdf,outputs/appendix/figures/Appendix_Fig_08.pdf,613728,0c2b0eb960290e2b3e579e30106a605b0533cbfd26fc591b10eb12aa9535b047,appendix,tools/build_appendix.py,python tools/build_appendix.py,present_in_reference_tree,rebuild_from_code
appendix/figures/Appendix_Fig_08.png,outputs/appendix/figures/Appendix_Fig_08.png,407331,912163bddf66758cb549236659e9922ac86d6ff2c0ad06d7d27a9da968ae905f,appendix,tools/build_appendix.py,python tools/build_appendix.py,present_in_reference_tree,rebuild_from_code
appendix/figures/Appendix_Fig_09.pdf,outputs/appendix/figures/Appendix_Fig_09.pdf,272736,c87df40ea226d31c110795967e429f043109d2f465188bdf85b93478835131cb,appendix,tools/build_appendix.py,python tools/build_appendix.py,present_in_reference_tree,rebuild_from_code
appendix/figures/Appendix_Fig_09.png,outputs/appendix/figures/Appendix_Fig_09.png,111447,f5e43e9bd3d33ce5b74c80e029e03b8ee21f617d66a6bde955a8f8bebe6de5a7,appendix,tools/build_appendix.py,python tools/build_appendix.py,present_in_reference_tree,rebuild_from_code
appendix/figures/Appendix_Fig_10.pdf,outputs/appendix/figures/Appendix_Fig_10.pdf,323462,b6d9df129dfcd942e48b240fb07325008b03d2796b5581e100f80fadfcd21def,appendix,tools/build_appendix.py,python tools/build_appendix.py,present_in_reference_tree,rebuild_from_code
appendix/figures/Appendix_Fig_10.png,outputs/appendix/figures/Appendix_Fig_10.png,478437,9c65b5f488d2671ff7e3b739e6419a2e7a497c1c19ebc5e31ca7f85aaccb21de,appendix,tools/build_appendix.py,python tools/build_appendix.py,present_in_reference_tree,rebuild_from_code
appendix/figures/Appendix_Fig_11.pdf,outputs/appendix/figures/Appendix_Fig_11.pdf,169875,ce945eff5b205210d3099f315ccefbe8cbf7a184bea858a691eebb38840e94a4,appendix,tools/build_appendix.py,python tools/build_appendix.py,present_in_reference_tree,rebuild_from_code
appendix/figures/Appendix_Fig_11.png,outputs/appendix/figures/Appendix_Fig_11.png,204045,a3f375b36803feab35423f5443a76b4a467aede1527503fad2b5555f914349e6,appendix,tools/build_appendix.py,python tools/build_appendix.py,present_in_reference_tree,rebuild_from_code
appendix/figures/Appendix_Fig_12.pdf,outputs/appendix/figures/Appendix_Fig_12.pdf,215262,45cd683ebb340c532e3ddf427f52ed9a476db92720b5193833ac0fcdbdc865f4,appendix,tools/build_appendix.py,python tools/build_appendix.py,present_in_reference_tree,rebuild_from_code
appendix/figures/Appendix_Fig_12.png,outputs/appendix/figures/Appendix_Fig_12.png,182846,0da0fbaa0eabc5eac25527301209a43f6843389ec5346da82feb7e141ffc5ccf,appendix,tools/build_appendix.py,python tools/build_appendix.py,present_in_reference_tree,rebuild_from_code
appendix/figures/Appendix_Fig_13.pdf,outputs/appendix/figures/Appendix_Fig_13.pdf,206334,76f9dfd8da95ece3552f90c2f05c1955bba315ff26ab1ef0bc348c8c00a7fc4c,appendix,tools/build_appendix.py,python tools/build_appendix.py,present_in_reference_tree,rebuild_from_code
appendix/figures/Appendix_Fig_13.png,outputs/appendix/figures/Appendix_Fig_13.png,194062,ea4bdcd496c521bd7b134eedc2fa2e83767e9ddbb1e0b27403db228bfc31544d,appendix,tools/build_appendix.py,python tools/build_appendix.py,present_in_reference_tree,rebuild_from_code
appendix/figures/Appendix_Fig_14.pdf,outputs/appendix/figures/Appendix_Fig_14.pdf,145265,a3f9c43c0ca5f281c34123a9ca2609adb1206c8274e2e8b1b219cfa138b33a64,appendix,tools/build_appendix.py,python tools/build_appendix.py,present_in_reference_tree,rebuild_from_code
appendix/figures/Appendix_Fig_14.png,outputs/appendix/figures/Appendix_Fig_14.png,129176,3c75f8cbd7b75910f1e8b2feddf664f853f195fed1bae5a3b548bcee14a0da20,appendix,tools/build_appendix.py,python tools/build_appendix.py,present_in_reference_tree,rebuild_from_code
appendix/figures/Appendix_Fig_15.pdf,outputs/appendix/figures/Appendix_Fig_15.pdf,228397,7c260746743e958fa188cd0d3530f23917cc4eadd3b66e9e15350052124a722c,appendix,tools/build_appendix.py,python tools/build_appendix.py,present_in_reference_tree,rebuild_from_code
appendix/figures/Appendix_Fig_15.png,outputs/appendix/figures/Appendix_Fig_15.png,746290,a0682b708fc98f1691d1f89404a3dc7d772fa4ded33eadd4ba542928ffc769b2,appendix,tools/build_appendix.py,python tools/build_appendix.py,present_in_reference_tree,rebuild_from_code
appendix/figures/Appendix_Fig_16.pdf,outputs/appendix/figures/Appendix_Fig_16.pdf,82152,1581c8ab1120c491f64acf1946323bb00f3ca974f3fb846f99405f36353402af,appendix,tools/build_appendix.py,python tools/build_appendix.py,present_in_reference_tree,rebuild_from_code
appendix/figures/Appendix_Fig_16.png,outputs/appendix/figures/Appendix_Fig_16.png,117310,7b98e7d56a60ef38636b12c669f72943d6c39c6002c8a9be3c4379d43662f2af,appendix,tools/build_appendix.py,python tools/build_appendix.py,present_in_reference_tree,rebuild_from_code
appendix/figures/Appendix_Fig_17.pdf,outputs/appendix/figures/Appendix_Fig_17.pdf,113081,71e8f46185a690e43fefcbbe208839e1670b4a685b0774f90c488fe3adfb7043,appendix,tools/build_appendix.py,python tools/build_appendix.py,present_in_reference_tree,rebuild_from_code
appendix/figures/Appendix_Fig_17.png,outputs/appendix/figures/Appendix_Fig_17.png,143529,294924ebfa15b01492bc12fd1e369c5bd80484ea10c10f760b031ffcd5588152,appendix,tools/build_appendix.py,python tools/build_appendix.py,present_in_reference_tree,rebuild_from_code
appendix/figures/Appendix_Fig_18.pdf,outputs/appendix/figures/Appendix_Fig_18.pdf,315453,5c5769d0c98b186985a6a9307f2a4455ac9bf074dd075c625d46ffb505537929,appendix,tools/build_appendix.py,python tools/build_appendix.py,present_in_reference_tree,rebuild_from_code
appendix/figures/Appendix_Fig_18.png,outputs/appendix/figures/Appendix_Fig_18.png,1085487,ec661b873022b87f81e7b70accb6f67dcc9451f8b7af5fddcc281f509dd22c87,appendix,tools/build_appendix.py,python tools/build_appendix.py,present_in_reference_tree,rebuild_from_code
appendix/figures/Appendix_Fig_19.pdf,outputs/appendix/figures/Appendix_Fig_19.pdf,357646,3cb3ef8943133bf874b344417c7281a98df8eabb8692ae700516022c3dacec0b,appendix,tools/build_appendix.py,python tools/build_appendix.py,present_in_reference_tree,rebuild_from_code
appendix/figures/Appendix_Fig_19.png,outputs/appendix/figures/Appendix_Fig_19.png,1021743,ce43195d99ad6e404ad2db736a0a0430d122c6d49c717d0ace38a96783033c0a,appendix,tools/build_appendix.py,python tools/build_appendix.py,present_in_reference_tree,rebuild_from_code
appendix/figures/Appendix_Fig_20.pdf,outputs/appendix/figures/Appendix_Fig_20.pdf,375254,7f25da82662ebc508dbd625992457032f0c82d63eb429cdba26e8cb4b042d291,appendix,tools/build_appendix.py,python tools/build_appendix.py,present_in_reference_tree,rebuild_from_code
appendix/figures/Appendix_Fig_20.png,outputs/appendix/figures/Appendix_Fig_20.png,1010603,612d3a49467ff73849d87e86b5c821284850e36476d9a375094f6bd92c877de4,appendix,tools/build_appendix.py,python tools/build_appendix.py,present_in_reference_tree,rebuild_from_code
appendix/figures/Appendix_Fig_21.pdf,outputs/appendix/figures/Appendix_Fig_21.pdf,300455,093011c17108e2264176593aab3329eac4b9264a1124c9e3adda56b45479d881,appendix,tools/build_appendix.py,python tools/build_appendix.py,present_in_reference_tree,rebuild_from_code
appendix/figures/Appendix_Fig_21.png,outputs/appendix/figures/Appendix_Fig_21.png,800460,79a2e8b8c53d7d3132c21ef2a030a95d5705625ce3a9c1d127b94c6b4f498fa1,appendix,tools/build_appendix.py,python tools/build_appendix.py,present_in_reference_tree,rebuild_from_code
appendix/figures/Appendix_Fig_22.pdf,outputs/appendix/figures/Appendix_Fig_22.pdf,294446,7d81cc1be465d31714475ca96de1f44057bbc5e68686a52f9671e5808da45fae,appendix,tools/build_appendix.py,python tools/build_appendix.py,present_in_reference_tree,rebuild_from_code
appendix/figures/Appendix_Fig_22.png,outputs/appendix/figures/Appendix_Fig_22.png,158528,7713897bc46fc785ec79edf1c2561791aa43fed9f9533caf0a800a2d4441efb8,appendix,tools/build_appendix.py,python tools/build_appendix.py,present_in_reference_tree,rebuild_from_code
appendix/figures/Appendix_Fig_23.pdf,outputs/appendix/figures/Appendix_Fig_23.pdf,1472265,f636902886b9a5198420fb390ef0d534dfc260de92f3bb4d3627c8d145979095,appendix,tools/build_appendix.py,python tools/build_appendix.py,present_in_reference_tree,rebuild_from_code
appendix/figures/Appendix_Fig_23.png,outputs/appendix/figures/Appendix_Fig_23.png,725386,5e59bc76fce0b07b2c028e2690b69c7e9d7218e11d8652a65814e1407462bad5,appendix,tools/build_appendix.py,python tools/build_appendix.py,present_in_reference_tree,rebuild_from_code
appendix/figures/Appendix_Fig_24.pdf,outputs/appendix/figures/Appendix_Fig_24.pdf,214621,bad5c1459b87bfd0744193e112613183b1bb04bfb60630da4753bc81fe68df70,appendix,tools/build_appendix.py,python tools/build_appendix.py,present_in_reference_tree,rebuild_from_code
appendix/figures/Appendix_Fig_24.png,outputs/appendix/figures/Appendix_Fig_24.png,166682,e878c78b54f7b9d2a0e00ba4bdf135f7d104dcca35b1bea8b349e82c98d89d85,appendix,tools/build_appendix.py,python tools/build_appendix.py,present_in_reference_tree,rebuild_from_code
appendix/figures/Appendix_Fig_25.pdf,outputs/appendix/figures/Appendix_Fig_25.pdf,2071861,d83d30dc5ddb5ec5bb2df3a865552fa3a169170b170153eddc7f90c73d7c68aa,appendix,tools/build_appendix.py,python tools/build_appendix.py,present_in_reference_tree,rebuild_from_code
appendix/figures/Appendix_Fig_25.png,outputs/appendix/figures/Appendix_Fig_25.png,1725667,0d630f8b020862a17be3243bec8279518041321113bfd2bbe85c7b1cca7e9b42,appendix,tools/build_appendix.py,python tools/build_appendix.py,present_in_reference_tree,rebuild_from_code
data_available/DATA_AVAILABILITY.md,../data/DATA_AVAILABILITY.md,485,47d9bc102bd0802c40e4c294b6e2ff89cb433c4437f12b1dbdf841537f418b30,data_availability,generation/preprocess.py or generation/dataset_combinations,python generation/preprocess.py --data-root data; python -m generation.dataset_combinations all --data-root data,present_in_reference_tree,rebuild_from_code
data_available/README.md,../data/README.md,5052,f1edbc56c6694d35fdb23ba2fa226c15536d8f7abd19822dc1f1310944c15469,data_availability,generation/preprocess.py or generation/dataset_combinations,python generation/preprocess.py --data-root data; python -m generation.dataset_combinations all --data-root data,present_in_reference_tree,rebuild_from_code
data_available/SHA256SUMS,../data/SHA256SUMS,18432,a6659427c2f0ce2211be43a759a0858a2bec7eeae0f16cbb9d7fb0c27a7266ed,data_availability,generation/preprocess.py or generation/dataset_combinations,python generation/preprocess.py --data-root data; python -m generation.dataset_combinations all --data-root data,present_in_reference_tree,rebuild_from_code
data_available/configuration/generation_config.json,../data/configuration/generation_config.json,775,733a9619695b01ecbd9b6ff0d3df736d4ccaf396f600991eed60589867f2cd87,data_availability,generation/preprocess.py or generation/dataset_combinations,python generation/preprocess.py --data-root data; python -m generation.dataset_combinations all --data-root data,present_in_reference_tree,rebuild_from_code
data_available/configuration/pairwise_seed_config.json,../data/configuration/pairwise_seed_config.json,2074,be777dcf471bb9991f5a425de9b3c13853377d1ce6507b931c1bfac893b010ab,data_availability,generation/preprocess.py or generation/dataset_combinations,python generation/preprocess.py --data-root data; python -m generation.dataset_combinations all --data-root data,present_in_reference_tree,rebuild_from_code
data_available/configuration/preprocessing_config.json,../data/configuration/preprocessing_config.json,6991,2e524556db6e8e473122c48b74cb4249f531650c08e22e4d4fb3e48ddab9d690,data_availability,generation/preprocess.py or generation/dataset_combinations,python generation/preprocess.py --data-root data; python -m generation.dataset_combinations all --data-root data,present_in_reference_tree,rebuild_from_code
data_available/configuration/scenario_config.json,../data/configuration/scenario_config.json,19757,9f39066db5bbf971fe9b630d49ff67b6e79a933901fcab2f47726bdac8401085,data_availability,generation/preprocess.py or generation/dataset_combinations,python generation/preprocess.py --data-root data; python -m generation.dataset_combinations all --data-root data,present_in_reference_tree,rebuild_from_code
data_available/configuration/source_metadata.json,../data/configuration/source_metadata.json,3657,59604a9b4f7c759730b8e80b4ee4896fb8a2998224f70f231b5b85edf43a1713,data_availability,generation/preprocess.py or generation/dataset_combinations,python generation/preprocess.py --data-root data; python -m generation.dataset_combinations all --data-root data,present_in_reference_tree,rebuild_from_code
data_available/generated_data/README.md,../data/generated_data/README.md,606,cb5fb814cc236c26204427b5ec51aa5a1a6be03f48f72ea72adea9721a09902b,data_availability,generation/preprocess.py or generation/dataset_combinations,python generation/preprocess.py --data-root data; python -m generation.dataset_combinations all --data-root data,present_in_reference_tree,rebuild_from_code
data_available/generated_data/mixed_scenarios/S1-A.csv,../data/generated_data/mixed_scenarios/S1-A.csv,868637,4587cf5ecbd8feeebef917f157718ee5a5e84305e4721c5f99b974e4abe6c21e,data_availability,generation/preprocess.py or generation/dataset_combinations,python generation/preprocess.py --data-root data; python -m generation.dataset_combinations all --data-root data,present_in_reference_tree,rebuild_from_code
data_available/generated_data/mixed_scenarios/S1-B.csv,../data/generated_data/mixed_scenarios/S1-B.csv,882423,6c435468ce6fb8d91b9112fdd3759d05d18a4c62c4ebd95bf320773ab946051e,data_availability,generation/preprocess.py or generation/dataset_combinations,python generation/preprocess.py --data-root data; python -m generation.dataset_combinations all --data-root data,present_in_reference_tree,rebuild_from_code
data_available/generated_data/mixed_scenarios/S2-A.csv,../data/generated_data/mixed_scenarios/S2-A.csv,1165195,911b7dfc5a8845a5a27f7de2c442649bc8e582f26f71b963e0d906122de6bbe3,data_availability,generation/preprocess.py or generation/dataset_combinations,python generation/preprocess.py --data-root data; python -m generation.dataset_combinations all --data-root data,present_in_reference_tree,rebuild_from_code
data_available/generated_data/mixed_scenarios/S2-B.csv,../data/generated_data/mixed_scenarios/S2-B.csv,1206979,6ffaecb1fb4616b3e934f1758e915f437e0b93987449e3df37bf9a7e5154b532,data_availability,generation/preprocess.py or generation/dataset_combinations,python generation/preprocess.py --data-root data; python -m generation.dataset_combinations all --data-root data,present_in_reference_tree,rebuild_from_code
data_available/generated_data/mixed_scenarios/S3-A.csv,../data/generated_data/mixed_scenarios/S3-A.csv,2148757,4caafa0c911fb6d639434d221849c3d944fa85a25e820e5901ed1de26d46cabb,data_availability,generation/preprocess.py or generation/dataset_combinations,python generation/preprocess.py --data-root data; python -m generation.dataset_combinations all --data-root data,present_in_reference_tree,rebuild_from_code
data_available/generated_data/mixed_scenarios/S3-B.csv,../data/generated_data/mixed_scenarios/S3-B.csv,2289998,dca9e4a9a464bc6fd584cbd115bcf2da405ccce9680741a65bec67f6dbd87d24,data_availability,generation/preprocess.py or generation/dataset_combinations,python generation/preprocess.py --data-root data; python -m generation.dataset_combinations all --data-root data,present_in_reference_tree,rebuild_from_code
data_available/generated_data/mixed_scenarios/S4-A.csv,../data/generated_data/mixed_scenarios/S4-A.csv,3335798,08fe74bb13185d473225463a13f9486f841db4ffe73cdff82775b1d3b967aa64,data_availability,generation/preprocess.py or generation/dataset_combinations,python generation/preprocess.py --data-root data; python -m generation.dataset_combinations all --data-root data,present_in_reference_tree,rebuild_from_code
data_available/generated_data/mixed_scenarios/S4-B.csv,../data/generated_data/mixed_scenarios/S4-B.csv,3335379,06e7ce3e3c9b79954482d66ca3727d5cd6ea2139fb80f5dd86eccc8c37b2085a,data_availability,generation/preprocess.py or generation/dataset_combinations,python generation/preprocess.py --data-root data; python -m generation.dataset_combinations all --data-root data,present_in_reference_tree,rebuild_from_code
data_available/generated_data/mixed_scenarios/S5-A.csv,../data/generated_data/mixed_scenarios/S5-A.csv,3336310,d19ed763d86c2aff32fca7c1df343886c0ed1eb28d3092ae6e8454ce550deb37,data_availability,generation/preprocess.py or generation/dataset_combinations,python generation/preprocess.py --data-root data; python -m generation.dataset_combinations all --data-root data,present_in_reference_tree,rebuild_from_code
data_available/generated_data/mixed_scenarios/S5-B.csv,../data/generated_data/mixed_scenarios/S5-B.csv,3299522,b349570b1621ff6a1de908bf4b02d664e6f22ac8d1562973b418c45e1a3170a9,data_availability,generation/preprocess.py or generation/dataset_combinations,python generation/preprocess.py --data-root data; python -m generation.dataset_combinations all --data-root data,present_in_reference_tree,rebuild_from_code
data_available/generated_data/mixed_scenarios/S5-C.csv,../data/generated_data/mixed_scenarios/S5-C.csv,3344809,2784fdabbf8beb532d8d3c350fccec17ccc0007a63d44275d739dd4b72f5af26,data_availability,generation/preprocess.py or generation/dataset_combinations,python generation/preprocess.py --data-root data; python -m generation.dataset_combinations all --data-root data,present_in_reference_tree,rebuild_from_code
data_available/generated_data/mixed_scenarios/S6-A.csv,../data/generated_data/mixed_scenarios/S6-A.csv,1036845,bbc3bc6b2685662a955ac04a657f90633dd0135bdcac111969b6bab9f79d9ace,data_availability,generation/preprocess.py or generation/dataset_combinations,python generation/preprocess.py --data-root data; python -m generation.dataset_combinations all --data-root data,present_in_reference_tree,rebuild_from_code
data_available/generated_data/mixed_scenarios/S6-B.csv,../data/generated_data/mixed_scenarios/S6-B.csv,1234678,4d1f245605b0c38efa53f506b64b0e958bfbf4b8b9eeec4275d242f6210127d0,data_availability,generation/preprocess.py or generation/dataset_combinations,python generation/preprocess.py --data-root data; python -m generation.dataset_combinations all --data-root data,present_in_reference_tree,rebuild_from_code
data_available/generated_data/mixed_scenarios/S6-C.csv,../data/generated_data/mixed_scenarios/S6-C.csv,1238028,085880bfc21654817d67eeb394ae2b91e8195a296ce8c4d290300912a4c1f877,data_availability,generation/preprocess.py or generation/dataset_combinations,python generation/preprocess.py --data-root data; python -m generation.dataset_combinations all --data-root data,present_in_reference_tree,rebuild_from_code
data_available/generated_data/pairwise/P001.csv,../data/generated_data/pairwise/P001.csv,11234,6c674e4f9fe43d5d2f5c0f835c6736f2b0a4bf79c24911cf9fdbbf2a5ec320ea,data_availability,generation/preprocess.py or generation/dataset_combinations,python generation/preprocess.py --data-root data; python -m generation.dataset_combinations all --data-root data,present_in_reference_tree,rebuild_from_code
data_available/generated_data/pairwise/P002.csv,../data/generated_data/pairwise/P002.csv,10936,cff6ab811439781bb3742ab9ad5c917330b088d94be592eacc7de46ba2768e0e,data_availability,generation/preprocess.py or generation/dataset_combinations,python generation/preprocess.py --data-root data; python -m generation.dataset_combinations all --data-root data,present_in_reference_tree,rebuild_from_code
data_available/generated_data/pairwise/P003.csv,../data/generated_data/pairwise/P003.csv,11721,85713e68d7781944ffd45552c0d03a57aa4a02aa823c43d8817b098d0e064549,data_availability,generation/preprocess.py or generation/dataset_combinations,python generation/preprocess.py --data-root data; python -m generation.dataset_combinations all --data-root data,present_in_reference_tree,rebuild_from_code
data_available/generated_data/pairwise/P004.csv,../data/generated_data/pairwise/P004.csv,11474,14afafbbb1bfebd94ed4fdfe9cfb766cc16905d90b7fbb703f2d6dc59e3ad467,data_availability,generation/preprocess.py or generation/dataset_combinations,python generation/preprocess.py --data-root data; python -m generation.dataset_combinations all --data-root data,present_in_reference_tree,rebuild_from_code
data_available/generated_data/pairwise/P005.csv,../data/generated_data/pairwise/P005.csv,10954,ea45c699e07d13b32a70983264b65e7be5a09600743333ceeaff0f8fc09b1d48,data_availability,generation/preprocess.py or generation/dataset_combinations,python generation/preprocess.py --data-root data; python -m generation.dataset_combinations all --data-root data,present_in_reference_tree,rebuild_from_code
data_available/generated_data/pairwise/P006.csv,../data/generated_data/pairwise/P006.csv,11194,eea6523182c3e0484f45dab03674987f5a4c8e01bf437a578597a01b8c059c4a,data_availability,generation/preprocess.py or generation/dataset_combinations,python generation/preprocess.py --data-root data; python -m generation.dataset_combinations all --data-root data,present_in_reference_tree,rebuild_from_code
data_available/generated_data/pairwise/P007.csv,../data/generated_data/pairwise/P007.csv,11424,dcc1fca92d3b03d9740c6b60c43fb1ce6f698f4d0d6602b21695cdb22f515605,data_availability,generation/preprocess.py or generation/dataset_combinations,python generation/preprocess.py --data-root data; python -m generation.dataset_combinations all --data-root data,present_in_reference_tree,rebuild_from_code
data_available/generated_data/pairwise/P008.csv,../data/generated_data/pairwise/P008.csv,11556,d06c4c9ee959ee294747edf3b6ac0af9ff49ab0cc5877fe1eea543bc43d64d8f,data_availability,generation/preprocess.py or generation/dataset_combinations,python generation/preprocess.py --data-root data; python -m generation.dataset_combinations all --data-root data,present_in_reference_tree,rebuild_from_code
data_available/generated_data/pairwise/P009.csv,../data/generated_data/pairwise/P009.csv,10999,88eb8830df85f370ea48d20aa7595f578bd7bb57ddb04b68edfc4a22e4a541f8,data_availability,generation/preprocess.py or generation/dataset_combinations,python generation/preprocess.py --data-root data; python -m generation.dataset_combinations all --data-root data,present_in_reference_tree,rebuild_from_code
data_available/generated_data/pairwise/P010.csv,../data/generated_data/pairwise/P010.csv,11044,50496998289d920163f42cdf5a4255bad2c32cdb6c2fd3baf665ec56c3d4581e,data_availability,generation/preprocess.py or generation/dataset_combinations,python generation/preprocess.py --data-root data; python -m generation.dataset_combinations all --data-root data,present_in_reference_tree,rebuild_from_code
data_available/generated_data/pairwise/P011.csv,../data/generated_data/pairwise/P011.csv,10944,c04dd1de13e73f0edea0c6db442902900e9937beb8a74712ba704723fe85fc2e,data_availability,generation/preprocess.py or generation/dataset_combinations,python generation/preprocess.py --data-root data; python -m generation.dataset_combinations all --data-root data,present_in_reference_tree,rebuild_from_code
data_available/generated_data/pairwise/P012.csv,../data/generated_data/pairwise/P012.csv,11207,6eda5b9b3d21a8d21e43f7750acd23a460f2651e35771afa0dbd5973437a120d,data_availability,generation/preprocess.py or generation/dataset_combinations,python generation/preprocess.py --data-root data; python -m generation.dataset_combinations all --data-root data,present_in_reference_tree,rebuild_from_code
data_available/generated_data/pairwise/P013.csv,../data/generated_data/pairwise/P013.csv,11288,c418e4f393edb0a1a662ca74172225b0546caff69e18d8b71849f488c83f273c,data_availability,generation/preprocess.py or generation/dataset_combinations,python generation/preprocess.py --data-root data; python -m generation.dataset_combinations all --data-root data,present_in_reference_tree,rebuild_from_code
data_available/generated_data/pairwise/P014.csv,../data/generated_data/pairwise/P014.csv,11145,1bc207b0e8ce899f89b4efa299a8ad224aaff093cfca0de2a1cc513c05257b28,data_availability,generation/preprocess.py or generation/dataset_combinations,python generation/preprocess.py --data-root data; python -m generation.dataset_combinations all --data-root data,present_in_reference_tree,rebuild_from_code
data_available/generated_data/pairwise/P015.csv,../data/generated_data/pairwise/P015.csv,10884,d11a3f0a81c77f5197a4b5b8bb4e12f547a22cc94d054beebb9ae64266d8184a,data_availability,generation/preprocess.py or generation/dataset_combinations,python generation/preprocess.py --data-root data; python -m generation.dataset_combinations all --data-root data,present_in_reference_tree,rebuild_from_code
data_available/generated_data/pairwise/P016.csv,../data/generated_data/pairwise/P016.csv,11722,2a3e2a48b904d2a97d361d4c5c5794a88fb5d6d721067fe4fd12a27cab2f2a4e,data_availability,generation/preprocess.py or generation/dataset_combinations,python generation/preprocess.py --data-root data; python -m generation.dataset_combinations all --data-root data,present_in_reference_tree,rebuild_from_code
data_available/generated_data/pairwise/P017.csv,../data/generated_data/pairwise/P017.csv,11464,736cb522724bc02fa6944c502cb8162b712fe64a4ed5c99223249d0b60a558bd,data_availability,generation/preprocess.py or generation/dataset_combinations,python generation/preprocess.py --data-root data; python -m generation.dataset_combinations all --data-root data,present_in_reference_tree,rebuild_from_code
data_available/generated_data/pairwise/P018.csv,../data/generated_data/pairwise/P018.csv,11007,b37122aba7d11ef246ed1bdf2b837f5c77380c17022ede2e3ab9f71084d309cc,data_availability,generation/preprocess.py or generation/dataset_combinations,python generation/preprocess.py --data-root data; python -m generation.dataset_combinations all --data-root data,present_in_reference_tree,rebuild_from_code
data_available/generated_data/pairwise/P019.csv,../data/generated_data/pairwise/P019.csv,11241,9b9894ad68fd29b3d19b3917b776a28b24534fb2e9a0a2a99f9b1124e3c13c12,data_availability,generation/preprocess.py or generation/dataset_combinations,python generation/preprocess.py --data-root data; python -m generation.dataset_combinations all --data-root data,present_in_reference_tree,rebuild_from_code
data_available/generated_data/pairwise/P020.csv,../data/generated_data/pairwise/P020.csv,11443,b1415927d5e196790d314246508a758d001dcacb5d3ed2eb2b947d3848878ca6,data_availability,generation/preprocess.py or generation/dataset_combinations,python generation/preprocess.py --data-root data; python -m generation.dataset_combinations all --data-root data,present_in_reference_tree,rebuild_from_code
data_available/generated_data/pairwise/P021.csv,../data/generated_data/pairwise/P021.csv,11521,a11f595899b717469ae209c018aef9759ba98fda7cf90251b5a3854c984539b2,data_availability,generation/preprocess.py or generation/dataset_combinations,python generation/preprocess.py --data-root data; python -m generation.dataset_combinations all --data-root data,present_in_reference_tree,rebuild_from_code
data_available/generated_data/pairwise/P022.csv,../data/generated_data/pairwise/P022.csv,11094,920b53e4b718993c7f8a47de12d748933241c2e7f4fef2d7d754190c585096d5,data_availability,generation/preprocess.py or generation/dataset_combinations,python generation/preprocess.py --data-root data; python -m generation.dataset_combinations all --data-root data,present_in_reference_tree,rebuild_from_code
data_available/generated_data/pairwise/P023.csv,../data/generated_data/pairwise/P023.csv,11072,cc3a64a87756dd2bb20d1717dd7e92e2d9937c5b5d21a8f5b06f5f7d55a6b288,data_availability,generation/preprocess.py or generation/dataset_combinations,python generation/preprocess.py --data-root data; python -m generation.dataset_combinations all --data-root data,present_in_reference_tree,rebuild_from_code
data_available/generated_data/pairwise/P024.csv,../data/generated_data/pairwise/P024.csv,10974,a5f5c417fd72c8e77cfb8310551452cfcabae0f279a08e4a0ffbb2c54015da54,data_availability,generation/preprocess.py or generation/dataset_combinations,python generation/preprocess.py --data-root data; python -m generation.dataset_combinations all --data-root data,present_in_reference_tree,rebuild_from_code
data_available/generated_data/pairwise/P025.csv,../data/generated_data/pairwise/P025.csv,11208,c98cd5ea29384135dfac11774180696cf010367d4ebccbd0c2f86fc8936e09b1,data_availability,generation/preprocess.py or generation/dataset_combinations,python generation/preprocess.py --data-root data; python -m generation.dataset_combinations all --data-root data,present_in_reference_tree,rebuild_from_code
data_available/generated_data/pairwise/P026.csv,../data/generated_data/pairwise/P026.csv,11278,2169756d063ce47f03eed858046e1fa5419c84e73e15e94bcd2f9be0e81cccc7,data_availability,generation/preprocess.py or generation/dataset_combinations,python generation/preprocess.py --data-root data; python -m generation.dataset_combinations all --data-root data,present_in_reference_tree,rebuild_from_code
data_available/generated_data/pairwise/P027.csv,../data/generated_data/pairwise/P027.csv,11168,b0a71b516d0a120b4d5f3e7547720b2f7d716c562d584f0a31bbacb20cb10fec,data_availability,generation/preprocess.py or generation/dataset_combinations,python generation/preprocess.py --data-root data; python -m generation.dataset_combinations all --data-root data,present_in_reference_tree,rebuild_from_code
data_available/generated_data/pairwise/P028.csv,../data/generated_data/pairwise/P028.csv,11126,11085a9a0f9d9b934e31c032b01e08304c5f0825c8dee7ac2554758617802bb6,data_availability,generation/preprocess.py or generation/dataset_combinations,python generation/preprocess.py --data-root data; python -m generation.dataset_combinations all --data-root data,present_in_reference_tree,rebuild_from_code
data_available/generated_data/pairwise/P029.csv,../data/generated_data/pairwise/P029.csv,10804,e47a5008d15aa50f6619dc498ae064ee744f0ddba7fc43eb9a13ebefaa6d6f1c,data_availability,generation/preprocess.py or generation/dataset_combinations,python generation/preprocess.py --data-root data; python -m generation.dataset_combinations all --data-root data,present_in_reference_tree,rebuild_from_code
data_available/generated_data/pairwise/P030.csv,../data/generated_data/pairwise/P030.csv,10277,859cf608234a3ea255baa02a351195ed4b89957e10a8a8236f62515ab7c3749b,data_availability,generation/preprocess.py or generation/dataset_combinations,python generation/preprocess.py --data-root data; python -m generation.dataset_combinations all --data-root data,present_in_reference_tree,rebuild_from_code
data_available/generated_data/pairwise/P031.csv,../data/generated_data/pairwise/P031.csv,10578,7ffd1df46b561403a55a4fd336340aff5d079a14cc779a1308dea20c2633aa3d,data_availability,generation/preprocess.py or generation/dataset_combinations,python generation/preprocess.py --data-root data; python -m generation.dataset_combinations all --data-root data,present_in_reference_tree,rebuild_from_code
data_available/generated_data/pairwise/P032.csv,../data/generated_data/pairwise/P032.csv,10773,46160f9b00790b4ed97e8227523a9de8f24878451649c6531f045d690493f159,data_availability,generation/preprocess.py or generation/dataset_combinations,python generation/preprocess.py --data-root data; python -m generation.dataset_combinations all --data-root data,present_in_reference_tree,rebuild_from_code
data_available/generated_data/pairwise/P033.csv,../data/generated_data/pairwise/P033.csv,10860,3bee0ee8ba39a75b1d99461d950dc73e2baa4f9dc0b138bc82fed6b85d85c377,data_availability,generation/preprocess.py or generation/dataset_combinations,python generation/preprocess.py --data-root data; python -m generation.dataset_combinations all --data-root data,present_in_reference_tree,rebuild_from_code
data_available/generated_data/pairwise/P034.csv,../data/generated_data/pairwise/P034.csv,10366,8d9812c97503a8f9d65f694088f58c6aec89ab7701fff55fcdbc394c2029c958,data_availability,generation/preprocess.py or generation/dataset_combinations,python generation/preprocess.py --data-root data; python -m generation.dataset_combinations all --data-root data,present_in_reference_tree,rebuild_from_code
data_available/generated_data/pairwise/P035.csv,../data/generated_data/pairwise/P035.csv,10756,dbcf7983b8cb5c9a65c06524fa14c16b97950b350ae835b5ecbca2ff2ffb8cd5,data_availability,generation/preprocess.py or generation/dataset_combinations,python generation/preprocess.py --data-root data; python -m generation.dataset_combinations all --data-root data,present_in_reference_tree,rebuild_from_code
data_available/generated_data/pairwise/P036.csv,../data/generated_data/pairwise/P036.csv,10242,5fb23853387b9f1f433d8da8264e0d0b4e6e91d10ee8b9ad1a2774daf28ed363,data_availability,generation/preprocess.py or generation/dataset_combinations,python generation/preprocess.py --data-root data; python -m generation.dataset_combinations all --data-root data,present_in_reference_tree,rebuild_from_code
data_available/generated_data/pairwise/P037.csv,../data/generated_data/pairwise/P037.csv,10533,7d51533022eb8547f79cf840242c661db94925b79eae43834d5d5db340a8ce5b,data_availability,generation/preprocess.py or generation/dataset_combinations,python generation/preprocess.py --data-root data; python -m generation.dataset_combinations all --data-root data,present_in_reference_tree,rebuild_from_code
data_available/generated_data/pairwise/P038.csv,../data/generated_data/pairwise/P038.csv,10579,1758cc37ed94e983d7638b05eef853097f643476a0dee1e5d499283297546bb1,data_availability,generation/preprocess.py or generation/dataset_combinations,python generation/preprocess.py --data-root data; python -m generation.dataset_combinations all --data-root data,present_in_reference_tree,rebuild_from_code
data_available/generated_data/pairwise/P039.csv,../data/generated_data/pairwise/P039.csv,10482,860871555afdb879a5768d35de0a6acfe5e8f4879ca8f6315ec00abbccbae066,data_availability,generation/preprocess.py or generation/dataset_combinations,python generation/preprocess.py --data-root data; python -m generation.dataset_combinations all --data-root data,present_in_reference_tree,rebuild_from_code
data_available/generated_data/pairwise/P040.csv,../data/generated_data/pairwise/P040.csv,11516,bede4cc8e9210188d602747975008231476f04e3f8f638315e421644cbc25c64,data_availability,generation/preprocess.py or generation/dataset_combinations,python generation/preprocess.py --data-root data; python -m generation.dataset_combinations all --data-root data,present_in_reference_tree,rebuild_from_code
data_available/generated_data/pairwise/P041.csv,../data/generated_data/pairwise/P041.csv,11009,fccca3fe179b162e2fdd5591cb722bec15fcb9e00b253b7d0d5986b6e3d3c389,data_availability,generation/preprocess.py or generation/dataset_combinations,python generation/preprocess.py --data-root data; python -m generation.dataset_combinations all --data-root data,present_in_reference_tree,rebuild_from_code
data_available/generated_data/pairwise/P042.csv,../data/generated_data/pairwise/P042.csv,11255,d212e903390e3181d58c8c543b1d45770e486dcd1b01430af9621d5550ea4813,data_availability,generation/preprocess.py or generation/dataset_combinations,python generation/preprocess.py --data-root data; python -m generation.dataset_combinations all --data-root data,present_in_reference_tree,rebuild_from_code
data_available/generated_data/pairwise/P043.csv,../data/generated_data/pairwise/P043.csv,11494,0fa8ea0e553617a9089465802b779f577ab5981a805ecab07ea9f51ccc6749f7,data_availability,generation/preprocess.py or generation/dataset_combinations,python generation/preprocess.py --data-root data; python -m generation.dataset_combinations all --data-root data,present_in_reference_tree,rebuild_from_code
data_available/generated_data/pairwise/P044.csv,../data/generated_data/pairwise/P044.csv,11631,474492cc87ea81bb419dca58ecf8d5580768153d792a685031da097dd3fe10ee,data_availability,generation/preprocess.py or generation/dataset_combinations,python generation/preprocess.py --data-root data; python -m generation.dataset_combinations all --data-root data,present_in_reference_tree,rebuild_from_code
data_available/generated_data/pairwise/P045.csv,../data/generated_data/pairwise/P045.csv,11177,47eec1d332d7ed71d5ff9da8450d0ec4b626073ef9492904fde39d5d5b07df95,data_availability,generation/preprocess.py or generation/dataset_combinations,python generation/preprocess.py --data-root data; python -m generation.dataset_combinations all --data-root data,present_in_reference_tree,rebuild_from_code
data_available/generated_data/pairwise/P046.csv,../data/generated_data/pairwise/P046.csv,11517,29c6ac922fbb2a1ab5ad870c24a2d0239a15265f7d1f1c3cd948e71d449c16cb,data_availability,generation/preprocess.py or generation/dataset_combinations,python generation/preprocess.py --data-root data; python -m generation.dataset_combinations all --data-root data,present_in_reference_tree,rebuild_from_code
data_available/generated_data/pairwise/P047.csv,../data/generated_data/pairwise/P047.csv,11167,1287e168327371285b34dd5dc474113c0ece03623da95defb29da20d8caa5e13,data_availability,generation/preprocess.py or generation/dataset_combinations,python generation/preprocess.py --data-root data; python -m generation.dataset_combinations all --data-root data,present_in_reference_tree,rebuild_from_code
data_available/generated_data/pairwise/P048.csv,../data/generated_data/pairwise/P048.csv,11265,c487a36bc6e913271dc67b5a8cf8182b90b89b5b1ea1c58208e16c8e20b9624e,data_availability,generation/preprocess.py or generation/dataset_combinations,python generation/preprocess.py --data-root data; python -m generation.dataset_combinations all --data-root data,present_in_reference_tree,rebuild_from_code
data_available/generated_data/pairwise/P049.csv,../data/generated_data/pairwise/P049.csv,11381,e0acc72e5026b084a8a999c1b437674fea3fba15ef2b4891c607c60174bd7913,data_availability,generation/preprocess.py or generation/dataset_combinations,python generation/preprocess.py --data-root data; python -m generation.dataset_combinations all --data-root data,present_in_reference_tree,rebuild_from_code
data_available/generated_data/pairwise/P050.csv,../data/generated_data/pairwise/P050.csv,11212,febff2f93fc83baee63bb339ba4f1c1c67dc00b4a9b8fa9d80052ca1469bf44f,data_availability,generation/preprocess.py or generation/dataset_combinations,python generation/preprocess.py --data-root data; python -m generation.dataset_combinations all --data-root data,present_in_reference_tree,rebuild_from_code
data_available/generated_data/pairwise/P051.csv,../data/generated_data/pairwise/P051.csv,11127,9e74268fc19a3dcabd1b1fc8d4583adb2de9cf8119a936d573d97dd5c89dbf73,data_availability,generation/preprocess.py or generation/dataset_combinations,python generation/preprocess.py --data-root data; python -m generation.dataset_combinations all --data-root data,present_in_reference_tree,rebuild_from_code
data_available/generated_data/pairwise/P052.csv,../data/generated_data/pairwise/P052.csv,10978,9f0eac399c66a614d834765f2e52babdd6011e57790c52ea9d24f53fc9fe79c6,data_availability,generation/preprocess.py or generation/dataset_combinations,python generation/preprocess.py --data-root data; python -m generation.dataset_combinations all --data-root data,present_in_reference_tree,rebuild_from_code
data_available/generated_data/pairwise/P053.csv,../data/generated_data/pairwise/P053.csv,11553,adb9710ec3d64ea280c33a6d8c2dbf579c9efdad23cfda8c157183ea5ea4d76a,data_availability,generation/preprocess.py or generation/dataset_combinations,python generation/preprocess.py --data-root data; python -m generation.dataset_combinations all --data-root data,present_in_reference_tree,rebuild_from_code
data_available/generated_data/pairwise/P054.csv,../data/generated_data/pairwise/P054.csv,11322,bfbddc5429e63fec03b03d97d5fbe59bba3d497318f28868aafb6fcba25e5c11,data_availability,generation/preprocess.py or generation/dataset_combinations,python generation/preprocess.py --data-root data; python -m generation.dataset_combinations all --data-root data,present_in_reference_tree,rebuild_from_code
data_available/generated_data/pairwise/P055.csv,../data/generated_data/pairwise/P055.csv,11294,19c928cbce28ad54bb4e9cb18d69000b9608bb2848b2330ccf2a59608b08f655,data_availability,generation/preprocess.py or generation/dataset_combinations,python generation/preprocess.py --data-root data; python -m generation.dataset_combinations all --data-root data,present_in_reference_tree,rebuild_from_code
data_available/generated_data/pairwise/P056.csv,../data/generated_data/pairwise/P056.csv,11207,8ef8293a216d01b0a5c4a68ae7f121f2341ccc1727f30cdbb131277bf0aab6ce,data_availability,generation/preprocess.py or generation/dataset_combinations,python generation/preprocess.py --data-root data; python -m generation.dataset_combinations all --data-root data,present_in_reference_tree,rebuild_from_code
data_available/generated_data/pairwise/P057.csv,../data/generated_data/pairwise/P057.csv,11120,daf2916e75e5027ace376bf9fde7f0824735b4952f996d0d8a8d1fcfc52889a3,data_availability,generation/preprocess.py or generation/dataset_combinations,python generation/preprocess.py --data-root data; python -m generation.dataset_combinations all --data-root data,present_in_reference_tree,rebuild_from_code
data_available/generated_data/pairwise/P058.csv,../data/generated_data/pairwise/P058.csv,11346,a7c469ef4089deff8aa4c6fc0d7fc91d336d6e3d648a80820e690df13cb23979,data_availability,generation/preprocess.py or generation/dataset_combinations,python generation/preprocess.py --data-root data; python -m generation.dataset_combinations all --data-root data,present_in_reference_tree,rebuild_from_code
data_available/generated_data/pairwise/P059.csv,../data/generated_data/pairwise/P059.csv,11069,6679c8bc531bc223deead3988ea70127b45c59787bdf42bdc978d2c3b380ef25,data_availability,generation/preprocess.py or generation/dataset_combinations,python generation/preprocess.py --data-root data; python -m generation.dataset_combinations all --data-root data,present_in_reference_tree,rebuild_from_code
data_available/generated_data/pairwise/P060.csv,../data/generated_data/pairwise/P060.csv,11117,1af00854c699cde5eca3b8e876b90630f9030d43a510ab362459fa2fbccc3f2f,data_availability,generation/preprocess.py or generation/dataset_combinations,python generation/preprocess.py --data-root data; python -m generation.dataset_combinations all --data-root data,present_in_reference_tree,rebuild_from_code
data_available/generated_data/pairwise/P061.csv,../data/generated_data/pairwise/P061.csv,10382,13dd7c2401ec345e2365dca328af6614a01eef7a1bacb62f75f4a942474db2cf,data_availability,generation/preprocess.py or generation/dataset_combinations,python generation/preprocess.py --data-root data; python -m generation.dataset_combinations all --data-root data,present_in_reference_tree,rebuild_from_code
data_available/generated_data/pairwise/P062.csv,../data/generated_data/pairwise/P062.csv,11065,e6948bd6837f26801703c838ef2ff850f9a5096179c4d7dd3c9e6b517e9ca791,data_availability,generation/preprocess.py or generation/dataset_combinations,python generation/preprocess.py --data-root data; python -m generation.dataset_combinations all --data-root data,present_in_reference_tree,rebuild_from_code
data_available/generated_data/pairwise/P063.csv,../data/generated_data/pairwise/P063.csv,11088,9cce789cf8a951f5ad82f4ecd5d8fa6b55eeedbd501dd5935ad044dd42f847b8,data_availability,generation/preprocess.py or generation/dataset_combinations,python generation/preprocess.py --data-root data; python -m generation.dataset_combinations all --data-root data,present_in_reference_tree,rebuild_from_code
data_available/generated_data/pairwise/P064.csv,../data/generated_data/pairwise/P064.csv,10747,68022e6bb90f9ad9f8e6e3b19f420d9be541fe0e093ea112be04750e669c0902,data_availability,generation/preprocess.py or generation/dataset_combinations,python generation/preprocess.py --data-root data; python -m generation.dataset_combinations all --data-root data,present_in_reference_tree,rebuild_from_code
data_available/generated_data/pairwise/P065.csv,../data/generated_data/pairwise/P065.csv,10688,42353eaf7b38e58f286141e0344a5eb7f5616987393011887bec52449aa4744c,data_availability,generation/preprocess.py or generation/dataset_combinations,python generation/preprocess.py --data-root data; python -m generation.dataset_combinations all --data-root data,present_in_reference_tree,rebuild_from_code
data_available/generated_data/pairwise/P066.csv,../data/generated_data/pairwise/P066.csv,10583,f2f06f6a580545f7a6b0319bf52861ddb4beccd841e7d52a946d5a86230f914e,data_availability,generation/preprocess.py or generation/dataset_combinations,python generation/preprocess.py --data-root data; python -m generation.dataset_combinations all --data-root data,present_in_reference_tree,rebuild_from_code
data_available/generated_data/pairwise/P067.csv,../data/generated_data/pairwise/P067.csv,10851,f43f75702f274e0ea6062fc5f4139e83ef3a1af4069c856c3cff76a8a63620d3,data_availability,generation/preprocess.py or generation/dataset_combinations,python generation/preprocess.py --data-root data; python -m generation.dataset_combinations all --data-root data,present_in_reference_tree,rebuild_from_code
data_available/generated_data/pairwise/P068.csv,../data/generated_data/pairwise/P068.csv,10520,686092e0bd10a0970d2c7ed60a6416066a057f4ff70988aedf98cb063113ba2a,data_availability,generation/preprocess.py or generation/dataset_combinations,python generation/preprocess.py --data-root data; python -m generation.dataset_combinations all --data-root data,present_in_reference_tree,rebuild_from_code
data_available/generated_data/pairwise/P069.csv,../data/generated_data/pairwise/P069.csv,10779,7feb3c5700d3da57dd19044d28e0d93811ff8dca7e3701c08d285c6cc09656a1,data_availability,generation/preprocess.py or generation/dataset_combinations,python generation/preprocess.py --data-root data; python -m generation.dataset_combinations all --data-root data,present_in_reference_tree,rebuild_from_code
data_available/generated_data/pairwise/P070.csv,../data/generated_data/pairwise/P070.csv,10943,6158a19c24fabad5265a980a8ce2533b966d120b8c83eb806e31d4f3d8e3c8ab,data_availability,generation/preprocess.py or generation/dataset_combinations,python generation/preprocess.py --data-root data; python -m generation.dataset_combinations all --data-root data,present_in_reference_tree,rebuild_from_code
data_available/generated_data/pairwise/P071.csv,../data/generated_data/pairwise/P071.csv,10999,b7834a620dff712aeae3eb5fe8adaba8688600f304644389a80d8a8e3439a0d8,data_availability,generation/preprocess.py or generation/dataset_combinations,python generation/preprocess.py --data-root data; python -m generation.dataset_combinations all --data-root data,present_in_reference_tree,rebuild_from_code
data_available/generated_data/pairwise/P072.csv,../data/generated_data/pairwise/P072.csv,10930,808ed1da992c0192e663cbc90500323264b26e9860ebc0a1bb728d7742ec88c2,data_availability,generation/preprocess.py or generation/dataset_combinations,python generation/preprocess.py --data-root data; python -m generation.dataset_combinations all --data-root data,present_in_reference_tree,rebuild_from_code
data_available/generated_data/pairwise/P073.csv,../data/generated_data/pairwise/P073.csv,11001,cd4dd4bed64a57da4a35d411259975ad585712afeafb12c73db7a0c4f5a10c42,data_availability,generation/preprocess.py or generation/dataset_combinations,python generation/preprocess.py --data-root data; python -m generation.dataset_combinations all --data-root data,present_in_reference_tree,rebuild_from_code
data_available/generated_data/pairwise/P074.csv,../data/generated_data/pairwise/P074.csv,10900,e90ed4d32b85735a43077c05a1a3085566c92899bd3c9aae9980975e47e559b0,data_availability,generation/preprocess.py or generation/dataset_combinations,python generation/preprocess.py --data-root data; python -m generation.dataset_combinations all --data-root data,present_in_reference_tree,rebuild_from_code
data_available/generated_data/pairwise/P075.csv,../data/generated_data/pairwise/P075.csv,10719,583bfa70fc3efeba287ae4cfccd8d9bddedf911103e5a53f0a42586ce5e7409b,data_availability,generation/preprocess.py or generation/dataset_combinations,python generation/preprocess.py --data-root data; python -m generation.dataset_combinations all --data-root data,present_in_reference_tree,rebuild_from_code
data_available/generated_data/pairwise/P076.csv,../data/generated_data/pairwise/P076.csv,10787,df6d914806385b159d386f100432fd31db1f841a4d5eb153b182f5ebadfe0414,data_availability,generation/preprocess.py or generation/dataset_combinations,python generation/preprocess.py --data-root data; python -m generation.dataset_combinations all --data-root data,present_in_reference_tree,rebuild_from_code
data_available/generated_data/pairwise/P077.csv,../data/generated_data/pairwise/P077.csv,10656,51783fcf83511cfa897e0f6f28c8cdd5253e65b327aa1c963b62206e84149d2a,data_availability,generation/preprocess.py or generation/dataset_combinations,python generation/preprocess.py --data-root data; python -m generation.dataset_combinations all --data-root data,present_in_reference_tree,rebuild_from_code
data_available/generated_data/pairwise/P078.csv,../data/generated_data/pairwise/P078.csv,11248,8f1d111e1d5ef611630a89873a359993676325ce992341a3cd6933b54cf17fd4,data_availability,generation/preprocess.py or generation/dataset_combinations,python generation/preprocess.py --data-root data; python -m generation.dataset_combinations all --data-root data,present_in_reference_tree,rebuild_from_code
data_available/generated_data/pairwise/P079.csv,../data/generated_data/pairwise/P079.csv,11205,3378b807d83f6d4c26d226557d36ddc83a3acf0afe9ffb1407ed6d97e54a84a7,data_availability,generation/preprocess.py or generation/dataset_combinations,python generation/preprocess.py --data-root data; python -m generation.dataset_combinations all --data-root data,present_in_reference_tree,rebuild_from_code
data_available/generated_data/pairwise/P080.csv,../data/generated_data/pairwise/P080.csv,11202,275a371c239dfddc2f5beccfa7d3ba8acc44f31938c67dc23618e7bfd5b58e99,data_availability,generation/preprocess.py or generation/dataset_combinations,python generation/preprocess.py --data-root data; python -m generation.dataset_combinations all --data-root data,present_in_reference_tree,rebuild_from_code
data_available/generated_data/pairwise/P081.csv,../data/generated_data/pairwise/P081.csv,11078,f8886662f9a4a4db34080da6722e56ae6c369539cbad66a10b53d94ec4ef02c8,data_availability,generation/preprocess.py or generation/dataset_combinations,python generation/preprocess.py --data-root data; python -m generation.dataset_combinations all --data-root data,present_in_reference_tree,rebuild_from_code
data_available/generated_data/pairwise/P082.csv,../data/generated_data/pairwise/P082.csv,11312,9437eee553b9ad6c495e350be2ac8ee45b5c62237c20b07569300e6d2029495d,data_availability,generation/preprocess.py or generation/dataset_combinations,python generation/preprocess.py --data-root data; python -m generation.dataset_combinations all --data-root data,present_in_reference_tree,rebuild_from_code
data_available/generated_data/pairwise/P083.csv,../data/generated_data/pairwise/P083.csv,10981,3e39b2416d00c73c4e6bb82098ecb0dca773a66f5244ac514c0be82993d93ef9,data_availability,generation/preprocess.py or generation/dataset_combinations,python generation/preprocess.py --data-root data; python -m generation.dataset_combinations all --data-root data,present_in_reference_tree,rebuild_from_code
data_available/generated_data/pairwise/P084.csv,../data/generated_data/pairwise/P084.csv,11270,40de0db60f21aa533b73d73ac2d2533237cf22805323f91a8a8d02a1f19b484a,data_availability,generation/preprocess.py or generation/dataset_combinations,python generation/preprocess.py --data-root data; python -m generation.dataset_combinations all --data-root data,present_in_reference_tree,rebuild_from_code
data_available/generated_data/pairwise/P085.csv,../data/generated_data/pairwise/P085.csv,11264,4aa78792433db07ee51dbe83521ab79ef0b2ab76a7f88021c4762360fe859251,data_availability,generation/preprocess.py or generation/dataset_combinations,python generation/preprocess.py --data-root data; python -m generation.dataset_combinations all --data-root data,present_in_reference_tree,rebuild_from_code
data_available/generated_data/pairwise/P086.csv,../data/generated_data/pairwise/P086.csv,11275,b8f29c7e4e4d3b9d15b1cbf95a938380c70546e636dfb0aefbeeb9dff06b1c19,data_availability,generation/preprocess.py or generation/dataset_combinations,python generation/preprocess.py --data-root data; python -m generation.dataset_combinations all --data-root data,present_in_reference_tree,rebuild_from_code
data_available/generated_data/pairwise/P087.csv,../data/generated_data/pairwise/P087.csv,11192,e200d6d28a98e413c265bc7160f14d75759eb698af83254ab6798b88f9fcfcaf,data_availability,generation/preprocess.py or generation/dataset_combinations,python generation/preprocess.py --data-root data; python -m generation.dataset_combinations all --data-root data,present_in_reference_tree,rebuild_from_code
data_available/generated_data/pairwise/P088.csv,../data/generated_data/pairwise/P088.csv,10985,f1852cf597f995d009087f73727e0ed3fa7ad549505dba202da07ce776b9d346,data_availability,generation/preprocess.py or generation/dataset_combinations,python generation/preprocess.py --data-root data; python -m generation.dataset_combinations all --data-root data,present_in_reference_tree,rebuild_from_code
data_available/generated_data/pairwise/P089.csv,../data/generated_data/pairwise/P089.csv,11074,746a0a85b330e28f289a5c8290528630d3cf1e39e7cecb6fd731aa6b626f81ce,data_availability,generation/preprocess.py or generation/dataset_combinations,python generation/preprocess.py --data-root data; python -m generation.dataset_combinations all --data-root data,present_in_reference_tree,rebuild_from_code
data_available/generated_data/pairwise/P090.csv,../data/generated_data/pairwise/P090.csv,10973,8e42303aec637ade665049c097308fdd3be0aa98f612c78533ee55c1d7bea1c5,data_availability,generation/preprocess.py or generation/dataset_combinations,python generation/preprocess.py --data-root data; python -m generation.dataset_combinations all --data-root data,present_in_reference_tree,rebuild_from_code
data_available/generated_data/pairwise/P091.csv,../data/generated_data/pairwise/P091.csv,10783,44b7d59b85a8a5d7db1be88ddf43923f4b0a38966bc371d4952eb27aabae395a,data_availability,generation/preprocess.py or generation/dataset_combinations,python generation/preprocess.py --data-root data; python -m generation.dataset_combinations all --data-root data,present_in_reference_tree,rebuild_from_code
data_available/generated_data/pairwise/P092.csv,../data/generated_data/pairwise/P092.csv,10736,e18a002573cad1d8efd7eea8cf2f9e115b7a28d1e1313e246901a7fb7f9726cc,data_availability,generation/preprocess.py or generation/dataset_combinations,python generation/preprocess.py --data-root data; python -m generation.dataset_combinations all --data-root data,present_in_reference_tree,rebuild_from_code
data_available/generated_data/pairwise/P093.csv,../data/generated_data/pairwise/P093.csv,10968,053685e104b418dbe93c2272ba53cd833a0d01e0c72c5d14864eb88c561e86a9,data_availability,generation/preprocess.py or generation/dataset_combinations,python generation/preprocess.py --data-root data; python -m generation.dataset_combinations all --data-root data,present_in_reference_tree,rebuild_from_code
data_available/generated_data/pairwise/P094.csv,../data/generated_data/pairwise/P094.csv,10826,1cce3661845ef198bc3682d2b7539ef9a5ddc824cb2ad3b366925a342a3e6c89,data_availability,generation/preprocess.py or generation/dataset_combinations,python generation/preprocess.py --data-root data; python -m generation.dataset_combinations all --data-root data,present_in_reference_tree,rebuild_from_code
data_available/generated_data/pairwise/P095.csv,../data/generated_data/pairwise/P095.csv,10953,a4cf3ca77b5e538ead886c7e5992998dbaebd53f0d474d0c583cb08c4abcc136,data_availability,generation/preprocess.py or generation/dataset_combinations,python generation/preprocess.py --data-root data; python -m generation.dataset_combinations all --data-root data,present_in_reference_tree,rebuild_from_code
data_available/generated_data/pairwise/P096.csv,../data/generated_data/pairwise/P096.csv,10704,922f1ae94cd41f234bb8a20c8d2eed97e5c51424a7855ff019ad1ed6eeea786a,data_availability,generation/preprocess.py or generation/dataset_combinations,python generation/preprocess.py --data-root data; python -m generation.dataset_combinations all --data-root data,present_in_reference_tree,rebuild_from_code
data_available/generated_data/pairwise/P097.csv,../data/generated_data/pairwise/P097.csv,10934,068c6cd34c1fba835c7d2b4de6cf39965f671c82a1eedae10636e62985687412,data_availability,generation/preprocess.py or generation/dataset_combinations,python generation/preprocess.py --data-root data; python -m generation.dataset_combinations all --data-root data,present_in_reference_tree,rebuild_from_code
data_available/generated_data/pairwise/P098.csv,../data/generated_data/pairwise/P098.csv,10985,5c3636261cd0365e1cd94fb60b96b67d33de9188566eafb0f63de6f2d9dd3f48,data_availability,generation/preprocess.py or generation/dataset_combinations,python generation/preprocess.py --data-root data; python -m generation.dataset_combinations all --data-root data,present_in_reference_tree,rebuild_from_code
data_available/generated_data/pairwise/P099.csv,../data/generated_data/pairwise/P099.csv,10928,894ec3a1f273474ec80e7f5f34e2c8ea051deb283fc28f36aa790d7fd5afc750,data_availability,generation/preprocess.py or generation/dataset_combinations,python generation/preprocess.py --data-root data; python -m generation.dataset_combinations all --data-root data,present_in_reference_tree,rebuild_from_code
data_available/generated_data/pairwise/P100.csv,../data/generated_data/pairwise/P100.csv,10867,89f93697ff888a115d46a2a479ab877fa999c110e72ce07f8724e36ccb463e39,data_availability,generation/preprocess.py or generation/dataset_combinations,python generation/preprocess.py --data-root data; python -m generation.dataset_combinations all --data-root data,present_in_reference_tree,rebuild_from_code
data_available/generated_data/pairwise/P101.csv,../data/generated_data/pairwise/P101.csv,10742,9ea89e835d63065e184450a7c9c97eedac5a65d83b7f5b8582d4eb6fa566da71,data_availability,generation/preprocess.py or generation/dataset_combinations,python generation/preprocess.py --data-root data; python -m generation.dataset_combinations all --data-root data,present_in_reference_tree,rebuild_from_code
data_available/generated_data/pairwise/P102.csv,../data/generated_data/pairwise/P102.csv,10843,56bd80ecd74923708e67eedddd80e933ef5966c94fc30f14f299622b4a9695e0,data_availability,generation/preprocess.py or generation/dataset_combinations,python generation/preprocess.py --data-root data; python -m generation.dataset_combinations all --data-root data,present_in_reference_tree,rebuild_from_code
data_available/generated_data/pairwise/P103.csv,../data/generated_data/pairwise/P103.csv,10780,3a3c144a5c2b412140022cae76c5907b7ecd0ae45105655d903fe1e515e16f76,data_availability,generation/preprocess.py or generation/dataset_combinations,python generation/preprocess.py --data-root data; python -m generation.dataset_combinations all --data-root data,present_in_reference_tree,rebuild_from_code
data_available/generated_data/pairwise/P104.csv,../data/generated_data/pairwise/P104.csv,11076,3e6cbb95128417f6938672b471c768e047b65bae0d9e9cc4457e57e08394f2b0,data_availability,generation/preprocess.py or generation/dataset_combinations,python generation/preprocess.py --data-root data; python -m generation.dataset_combinations all --data-root data,present_in_reference_tree,rebuild_from_code
data_available/generated_data/pairwise/P105.csv,../data/generated_data/pairwise/P105.csv,10758,d5b58a29356403ff9be9d590db40718b1b5f4251ef5021604627946b5c88f392,data_availability,generation/preprocess.py or generation/dataset_combinations,python generation/preprocess.py --data-root data; python -m generation.dataset_combinations all --data-root data,present_in_reference_tree,rebuild_from_code
data_available/generation/dataset_combinations/__init__.py,generation/dataset_combinations/__init__.py,122,35331d317324b7065682d133d9c12584a20bd6a7393e70f463dfa2d4f3c65b71,data_availability,generation/preprocess.py or generation/dataset_combinations,python generation/preprocess.py --data-root data; python -m generation.dataset_combinations all --data-root data,present_in_reference_tree,rebuild_from_code
data_available/generation/dataset_combinations/__main__.py,generation/dataset_combinations/__main__.py,125,fc107838170d162a968bb4505305728a66c1c29ba32cf1da757bb85eaa726238,data_availability,generation/preprocess.py or generation/dataset_combinations,python generation/preprocess.py --data-root data; python -m generation.dataset_combinations all --data-root data,present_in_reference_tree,rebuild_from_code
data_available/generation/dataset_combinations/catalog.py,generation/dataset_combinations/catalog.py,6612,3c52ec085b97139236f5a0d96e294d8ee380e4cc025d36655d1411afceadb1df,data_availability,generation/preprocess.py or generation/dataset_combinations,python generation/preprocess.py --data-root data; python -m generation.dataset_combinations all --data-root data,present_in_reference_tree,rebuild_from_code
data_available/generation/dataset_combinations/cli.py,generation/dataset_combinations/cli.py,4545,c28436cfe7362aedd735afa96008d5c01c59d0e91dc7ba5bf397c1b103d8a181,data_availability,generation/preprocess.py or generation/dataset_combinations,python generation/preprocess.py --data-root data; python -m generation.dataset_combinations all --data-root data,present_in_reference_tree,rebuild_from_code
data_available/generation/dataset_combinations/constants.py,generation/dataset_combinations/constants.py,7531,4d77969b8344ba6099ce9ac0590e95472c8c89172c3b0dfb38f75e8ca2020752,data_availability,generation/preprocess.py or generation/dataset_combinations,python generation/preprocess.py --data-root data; python -m generation.dataset_combinations all --data-root data,present_in_reference_tree,rebuild_from_code
data_available/generation/dataset_combinations/generator.py,generation/dataset_combinations/generator.py,13646,89fa3ca20c8d0de6553aaa5ee220033ad37662163ba9b31f1cddb78e21ecf3bf,data_availability,generation/preprocess.py or generation/dataset_combinations,python generation/preprocess.py --data-root data; python -m generation.dataset_combinations all --data-root data,present_in_reference_tree,rebuild_from_code
data_available/generation/dataset_combinations/self_test.py,generation/dataset_combinations/self_test.py,3661,5840a7aeab4396f1d7ea7ca037b36fa85c35d243f9f731281b5cd9f9e64e74c5,data_availability,generation/preprocess.py or generation/dataset_combinations,python generation/preprocess.py --data-root data; python -m generation.dataset_combinations all --data-root data,present_in_reference_tree,rebuild_from_code
data_available/generation/export_metadata.py,generation/export_metadata.py,14571,442f01a2ef65fbaa8a5b7997ab9dd8da445830b0653bb3150013d4cb95f921c7,data_availability,generation/preprocess.py or generation/dataset_combinations,python generation/preprocess.py --data-root data; python -m generation.dataset_combinations all --data-root data,present_in_reference_tree,rebuild_from_code
data_available/generation/package.sh,generation/package.sh,1405,4c9ffca1745e771b2182e64f08b880620a49350b070eccee40101c77731d8ea7,data_availability,generation/preprocess.py or generation/dataset_combinations,python generation/preprocess.py --data-root data; python -m generation.dataset_combinations all --data-root data,present_in_reference_tree,rebuild_from_code
data_available/generation/preprocess.py,generation/preprocess.py,2523,eedc2b7a266ffc10284ee5ddef5fe7e2d6987a9764e1b50925ebee7757ffb619,data_availability,generation/preprocess.py or generation/dataset_combinations,python generation/preprocess.py --data-root data; python -m generation.dataset_combinations all --data-root data,present_in_reference_tree,rebuild_from_code
data_available/generation/requirements.txt,generation/requirements.txt,28,f47d2f83fb53c0ef54b6dc99b47db9aeec2e878d53e87b6492177ae4b418793f,data_availability,generation/preprocess.py or generation/dataset_combinations,python generation/preprocess.py --data-root data; python -m generation.dataset_combinations all --data-root data,present_in_reference_tree,rebuild_from_code
data_available/generation/src/__init__.py,generation/src/__init__.py,0,e3b0c44298fc1c149afbf4c8996fb92427ae41e4649b934ca495991b7852b855,data_availability,generation/preprocess.py or generation/dataset_combinations,python generation/preprocess.py --data-root data; python -m generation.dataset_combinations all --data-root data,present_in_reference_tree,rebuild_from_code
data_available/generation/src/extra/__init__.py,generation/src/extra/__init__.py,0,e3b0c44298fc1c149afbf4c8996fb92427ae41e4649b934ca495991b7852b855,data_availability,generation/preprocess.py or generation/dataset_combinations,python generation/preprocess.py --data-root data; python -m generation.dataset_combinations all --data-root data,present_in_reference_tree,rebuild_from_code
data_available/generation/src/extra/dataset_experiment/__init__.py,generation/src/extra/dataset_experiment/__init__.py,0,e3b0c44298fc1c149afbf4c8996fb92427ae41e4649b934ca495991b7852b855,data_availability,generation/preprocess.py or generation/dataset_combinations,python generation/preprocess.py --data-root data; python -m generation.dataset_combinations all --data-root data,present_in_reference_tree,rebuild_from_code
data_available/generation/src/extra/dataset_experiment/canonical_adapter.py,generation/src/extra/dataset_experiment/canonical_adapter.py,53312,6991f7a2812bdd55f64a534155597e2bd342aa91f7f9b67c3d81e7f3204bceb0,data_availability,generation/preprocess.py or generation/dataset_combinations,python generation/preprocess.py --data-root data; python -m generation.dataset_combinations all --data-root data,present_in_reference_tree,rebuild_from_code
data_available/generation/src/extra/ieee33_device_day_simulation/__init__.py,generation/src/extra/ieee33_device_day_simulation/__init__.py,0,e3b0c44298fc1c149afbf4c8996fb92427ae41e4649b934ca495991b7852b855,data_availability,generation/preprocess.py or generation/dataset_combinations,python generation/preprocess.py --data-root data; python -m generation.dataset_combinations all --data-root data,present_in_reference_tree,rebuild_from_code
data_available/generation/src/extra/ieee33_device_day_simulation/population/__init__.py,generation/src/extra/ieee33_device_day_simulation/population/__init__.py,0,e3b0c44298fc1c149afbf4c8996fb92427ae41e4649b934ca495991b7852b855,data_availability,generation/preprocess.py or generation/dataset_combinations,python generation/preprocess.py --data-root data; python -m generation.dataset_combinations all --data-root data,present_in_reference_tree,rebuild_from_code
data_available/generation/src/extra/ieee33_device_day_simulation/population/device_day_loader.py,generation/src/extra/ieee33_device_day_simulation/population/device_day_loader.py,11689,11270678641be611333a381482a0ad094af5fbe424fc177242fcdacb9c6d03ab,data_availability,generation/preprocess.py or generation/dataset_combinations,python generation/preprocess.py --data-root data; python -m generation.dataset_combinations all --data-root data,present_in_reference_tree,rebuild_from_code
data_available/index/pairwise_index.csv,../data/index/pairwise_index.csv,11441,ccc4d634a55b271ce6248e7628a5a00567d9efe73f26bdc29d7c51bd93dac354,data_availability,generation/preprocess.py or generation/dataset_combinations,python generation/preprocess.py --data-root data; python -m generation.dataset_combinations all --data-root data,present_in_reference_tree,rebuild_from_code
data_available/index/scenario_seed_index.csv,../data/index/scenario_seed_index.csv,41148,9ef3cde29af4aff44c4849900fc59d72c9d1ef376098e5b3e7a8d2690b3ba3ea,data_availability,generation/preprocess.py or generation/dataset_combinations,python generation/preprocess.py --data-root data; python -m generation.dataset_combinations all --data-root data,present_in_reference_tree,rebuild_from_code
data_available/source_data/README.md,../data/source_data/README.md,1305,6d52f8dfa22b09b4e4cb4a24861ffe2eb40657f34a2e22351f1108b11aa60cd6,data_availability,generation/preprocess.py or generation/dataset_combinations,python generation/preprocess.py --data-root data; python -m generation.dataset_combinations all --data-root data,present_in_reference_tree,rebuild_from_code
data_available/source_data/manifest.json,../data/source_data/manifest.json,1427,893e9b225929cf608e07c81e479c7fd7f492d57382fcb77b9ef9d47d19bd457c,data_availability,generation/preprocess.py or generation/dataset_combinations,python generation/preprocess.py --data-root data; python -m generation.dataset_combinations all --data-root data,present_in_reference_tree,rebuild_from_code
data_mixing_methods_report.docx,outputs/data_mixing_methods_report.docx,219782,9064f03352f91504c2ffab19124f0d915d4a1170ff20ffabffff1a4be18b09da,report,tools/build_mixing_methods_report.py,python tools/build_mixing_methods_report.py,present_in_reference_tree,rebuild_from_code
figs/.backups/e22_grid_constrained_panels_before_a_b_c_f_g_20260929_144259.pptx,outputs/figs/.backups/e22_grid_constrained_panels_before_a_b_c_f_g_20260929_144259.pptx,2359110,f354f6e275c40a4f808bcf59f75f42728badf1161ea1eeb52feb748c79103c94,metadata_or_manual,manual_or_source_metadata,see artifact notes,present_in_reference_tree,rebuild_from_code
figs/.backups/e22_grid_constrained_panels_before_de_y16_20260929_011403.pptx,outputs/figs/.backups/e22_grid_constrained_panels_before_de_y16_20260929_011403.pptx,2358651,9494a037be51c44658683d4658ffc1a1b2eb1bc1006cbbf84e92b022c6de9137,metadata_or_manual,manual_or_source_metadata,see artifact notes,present_in_reference_tree,rebuild_from_code
figs/.backups/e22_grid_constrained_panels_before_f_g_native1200_20260929_145202.pptx,outputs/figs/.backups/e22_grid_constrained_panels_before_f_g_native1200_20260929_145202.pptx,2124151,efa4f1a11bea3ad438bb1d4517d55c0b4e2ba8e5b563f589d6a1df349d1a0925,metadata_or_manual,manual_or_source_metadata,see artifact notes,present_in_reference_tree,rebuild_from_code
figs/.backups/e22_grid_constrained_panels_before_final_a_b_c_20260929_153248.pptx,outputs/figs/.backups/e22_grid_constrained_panels_before_final_a_b_c_20260929_153248.pptx,9853588,bb157ebfdf437c14ef5cf5ada64c6360e5545a16707a870f3e0d3fb77a7d5832,metadata_or_manual,manual_or_source_metadata,see artifact notes,present_in_reference_tree,rebuild_from_code
figs/Population scale enables reliable dispatch of distributed energy storage without real-time device-level sensing.docx,outputs/figs/Population scale enables reliable dispatch of distributed energy storage without real-time device-level sensing.docx,7251400,c31dbba1f002666cb47b97ec1cb61b5d9f0458fc23fcdd2018c24932a67f8c5c,metadata_or_manual,manual_or_source_metadata,see artifact notes,present_in_reference_tree,rebuild_from_code
figs/Supplementary_Note_1_NC.docx,outputs/figs/Supplementary_Note_1_NC.docx,13113524,ced564ab31575d5c8a21368a655840b779b011a9afef21397f404de0abea83cd,metadata_or_manual,manual_or_source_metadata,see artifact notes,present_in_reference_tree,rebuild_from_code
figs/b-参考.png,outputs/figs/b-参考.png,151163,c69d692c49792429541b4715dc7667cf606e838e4ba0a783eb30a7e65f9d3da4,metadata_or_manual,manual_or_source_metadata,see artifact notes,present_in_reference_tree,rebuild_from_code
figs/direct_train/03_direct_eps_spatial_retention_ieee33_ieee69_ieee123.pdf,outputs/figs/direct_train/03_direct_eps_spatial_retention_ieee33_ieee69_ieee123.pdf,13595,283141b5716a3983cbef71e4707e55a98ff691e2cc4bbca6deef82cd212179f3,composite_figures,tools/plot_subpanel_03_04_direct_supplement.py,python tools/plot_subpanel_03_04_direct_supplement.py,present_in_reference_tree,rebuild_from_code
figs/direct_train/03_direct_eps_spatial_retention_ieee33_ieee69_ieee123.png,outputs/figs/direct_train/03_direct_eps_spatial_retention_ieee33_ieee69_ieee123.png,239608,c4aa5d411f073158e064f18c3ccbe2ecfa2d6fbfc46de9d95e44e5fb85c41e21,composite_figures,tools/plot_subpanel_03_04_direct_supplement.py,python tools/plot_subpanel_03_04_direct_supplement.py,present_in_reference_tree,rebuild_from_code
figs/direct_train/03_direct_eps_spatial_retention_ieee69_ieee123.pdf,outputs/figs/direct_train/03_direct_eps_spatial_retention_ieee69_ieee123.pdf,13595,fa0c880fabfa19f914526ad395a497c54670d546346e7fe77b8a4650d441724b,composite_figures,tools/plot_subpanel_03_04_direct_supplement.py,python tools/plot_subpanel_03_04_direct_supplement.py,present_in_reference_tree,rebuild_from_code
figs/direct_train/03_direct_eps_spatial_retention_ieee69_ieee123.png,outputs/figs/direct_train/03_direct_eps_spatial_retention_ieee69_ieee123.png,239608,c4aa5d411f073158e064f18c3ccbe2ecfa2d6fbfc46de9d95e44e5fb85c41e21,composite_figures,tools/plot_subpanel_03_04_direct_supplement.py,python tools/plot_subpanel_03_04_direct_supplement.py,present_in_reference_tree,rebuild_from_code
figs/direct_train/04_direct_eps_original_pairwise_ieee69_ieee123.pdf,outputs/figs/direct_train/04_direct_eps_original_pairwise_ieee69_ieee123.pdf,25342,b19cf6be11efc44b42c4349a2535df7a64878cb290c208ba1a8f6465228aa6cb,composite_figures,tools/plot_subpanel_03_04_direct_supplement.py,python tools/plot_subpanel_03_04_direct_supplement.py,present_in_reference_tree,rebuild_from_code
figs/direct_train/04_direct_eps_original_pairwise_ieee69_ieee123.png,outputs/figs/direct_train/04_direct_eps_original_pairwise_ieee69_ieee123.png,566177,56d1255b1e66a1da74e3156f2cfc4cfaa9eea090b5cf56d6fad934164280537e,composite_figures,tools/plot_subpanel_03_04_direct_supplement.py,python tools/plot_subpanel_03_04_direct_supplement.py,present_in_reference_tree,rebuild_from_code
figs/direct_train/07_physical_to_computational_boundary_direct_train.pdf,outputs/figs/direct_train/07_physical_to_computational_boundary_direct_train.pdf,1412600,8c039010ebb9effab280b0e00c5daec893341705e40cb236b1d9d4c67f6459fa,composite_figures,tools/build_e22_subpanel_presentation.py,python tools/build_e22_subpanel_presentation.py,present_in_reference_tree,rebuild_from_code
figs/direct_train/07_physical_to_computational_boundary_direct_train.png,outputs/figs/direct_train/07_physical_to_computational_boundary_direct_train.png,1276901,1be89f559c90965a07954acbb76f08e34623a11c64380a8f7b8ce0025ca72e33,composite_figures,tools/build_e22_subpanel_presentation.py,python tools/build_e22_subpanel_presentation.py,present_in_reference_tree,rebuild_from_code
figs/direct_train/07_physical_to_computational_boundary_direct_train.pptx,outputs/figs/direct_train/07_physical_to_computational_boundary_direct_train.pptx,254745,26d4c5b413935986aab957fe35517c76c6580b84ad7d97c6cdfc22c7508b7486,composite_figures,tools/build_e22_subpanel_presentation.py,python tools/build_e22_subpanel_presentation.py,present_in_reference_tree,rebuild_from_code
figs/direct_train/README_03_04_SUPPLEMENT.md,outputs/figs/direct_train/README_03_04_SUPPLEMENT.md,747,68bb76663df220fae8f361c94dabbf2886bf242dacc52f7ece4ea27e167b0ad4,metadata_or_manual,manual_or_source_metadata,see artifact notes,present_in_reference_tree,rebuild_from_code
figs/direct_train/e22_grid_constrained_panels_direct_train.pdf,outputs/figs/direct_train/e22_grid_constrained_panels_direct_train.pdf,3651065,15f468edf11b5393030c84b2d29935ac919c241e2063d93eaeb4e14298e822f6,composite_figures,tools/build_e22_subpanel_presentation.py,python tools/build_e22_subpanel_presentation.py,present_in_reference_tree,rebuild_from_code
figs/direct_train/e22_grid_constrained_panels_direct_train.png,outputs/figs/direct_train/e22_grid_constrained_panels_direct_train.png,5984810,d42b09a1241c3456fc0f529e7a294e592d92044a70b4824cb3f9830e1f8ddaab,composite_figures,tools/build_e22_subpanel_presentation.py,python tools/build_e22_subpanel_presentation.py,present_in_reference_tree,rebuild_from_code
figs/direct_train/e22_grid_constrained_panels_direct_train.pptx,outputs/figs/direct_train/e22_grid_constrained_panels_direct_train.pptx,1907244,6a31d1d0221004e38e8515d2e70fe9292f3f154485ef3f6b30c8144c64591dfe,composite_figures,tools/build_e22_subpanel_presentation.py,python tools/build_e22_subpanel_presentation.py,present_in_reference_tree,rebuild_from_code
figs/direct_train/effect_vs_density_imbalance.pdf,outputs/figs/direct_train/effect_vs_density_imbalance.pdf,97441,158c465077c1b6e2e9b3aaf0095200422de6a0ec911c41def00b672969c7b5e9,composite_figures,tools/plot_direct_train_subpanel.py,python tools/plot_direct_train_subpanel.py,present_in_reference_tree,rebuild_from_code
figs/direct_train/effect_vs_density_imbalance.png,outputs/figs/direct_train/effect_vs_density_imbalance.png,248753,53a3c5c501292dffc4dcf1e41f278b73faf47b07401dcdad320f72b0a3510686,composite_figures,tools/plot_direct_train_subpanel.py,python tools/plot_direct_train_subpanel.py,present_in_reference_tree,rebuild_from_code
figs/direct_train/effect_vs_type_heterogeneity.pdf,outputs/figs/direct_train/effect_vs_type_heterogeneity.pdf,99146,bab7ec2653ced37d6ab9935d75ddbd81f9c25df81cd8666558c0fcd07b2b179f,composite_figures,tools/plot_direct_train_subpanel.py,python tools/plot_direct_train_subpanel.py,present_in_reference_tree,rebuild_from_code
figs/direct_train/effect_vs_type_heterogeneity.png,outputs/figs/direct_train/effect_vs_type_heterogeneity.png,260546,46c669d85d8fdbacd69e2306295b7d8fa08473c6e88b3afbbe79905fcf3cef86,composite_figures,tools/plot_direct_train_subpanel.py,python tools/plot_direct_train_subpanel.py,present_in_reference_tree,rebuild_from_code
figs/direct_train/imbalance_metric_summary.pdf,outputs/figs/direct_train/imbalance_metric_summary.pdf,32673,823c3ade5131f3d823332e73c29a8b2115f3af99308af0159ea6f2c3b87c2b05,composite_figures,tools/plot_direct_train_subpanel.py,python tools/plot_direct_train_subpanel.py,present_in_reference_tree,rebuild_from_code
figs/direct_train/imbalance_metric_summary.png,outputs/figs/direct_train/imbalance_metric_summary.png,136738,3a261fc118faa33ca6c4d24492060ee350fe7ae4365985e4001897bfbadf2a7b,composite_figures,tools/plot_direct_train_subpanel.py,python tools/plot_direct_train_subpanel.py,present_in_reference_tree,rebuild_from_code
figs/direct_train/region_density_assignments.pdf,outputs/figs/direct_train/region_density_assignments.pdf,24440,3807969e974cbb33f1b32d7548434d73e7f1b5b0dbce9d0595afdab815442303,composite_figures,tools/plot_direct_train_subpanel.py,python tools/plot_direct_train_subpanel.py,present_in_reference_tree,rebuild_from_code
figs/direct_train/region_density_assignments.png,outputs/figs/direct_train/region_density_assignments.png,129156,97662c2ae543b2752870baddfc1703f3e5a6853f7970551af8dcbf3cb551d17f,composite_figures,tools/plot_direct_train_subpanel.py,python tools/plot_direct_train_subpanel.py,present_in_reference_tree,rebuild_from_code
figs/direct_train/safety_vs_headroom_coupling.pdf,outputs/figs/direct_train/safety_vs_headroom_coupling.pdf,97066,36255acc41ce47df492afd6bb4079026fdc6bb90a603cb3b32dfca9be6f53c15,composite_figures,tools/plot_direct_train_subpanel.py,python tools/plot_direct_train_subpanel.py,present_in_reference_tree,rebuild_from_code
figs/direct_train/safety_vs_headroom_coupling.png,outputs/figs/direct_train/safety_vs_headroom_coupling.png,223442,dec0c99698d1a300e2963731c1a03c683b015fa774d6ceb02b4d8b7b31bc0cbd,composite_figures,tools/plot_direct_train_subpanel.py,python tools/plot_direct_train_subpanel.py,present_in_reference_tree,rebuild_from_code
figs/direct_train/source_data/03_direct_eps_spatial_retention_ieee69_ieee123.csv,outputs/figs/direct_train/source_data/03_direct_eps_spatial_retention_ieee69_ieee123.csv,229,1df4b41df897dca0128eee8db90d7e78621b4b5023dba01187c236adba85b40f,composite_figures,tools/plot_subpanel_03_04_direct_supplement.py,python tools/plot_subpanel_03_04_direct_supplement.py,present_in_reference_tree,rebuild_from_code
figs/direct_train/source_data/04_direct_eps_original_pairwise_ieee69_ieee123.csv,outputs/figs/direct_train/source_data/04_direct_eps_original_pairwise_ieee69_ieee123.csv,11522,bc46c34564601d1726f05916e0416ef073086b6fb1053a5d4de8ac67d6e12362,composite_figures,tools/plot_subpanel_03_04_direct_supplement.py,python tools/plot_subpanel_03_04_direct_supplement.py,present_in_reference_tree,rebuild_from_code
figs/direct_train/spatial_heterogeneity_algorithm_comparison.pdf,outputs/figs/direct_train/spatial_heterogeneity_algorithm_comparison.pdf,42140,6501b45216a995259cb27668dc6901d7a190b2c5e946a473d25311c1b2d97c31,composite_figures,tools/plot_direct_train_subpanel.py,python tools/plot_direct_train_subpanel.py,present_in_reference_tree,rebuild_from_code
figs/direct_train/spatial_heterogeneity_algorithm_comparison.png,outputs/figs/direct_train/spatial_heterogeneity_algorithm_comparison.png,212622,48adf49b75d42596ba57442fa550d3beb6af628048b600c6d380f6f5aa2cfce0,composite_figures,tools/plot_direct_train_subpanel.py,python tools/plot_direct_train_subpanel.py,present_in_reference_tree,rebuild_from_code
figs/e22_grid_constrained_panels.pdf,outputs/figs/e22_grid_constrained_panels.pdf,3781376,9a0c4f77e8f24abbbdc4858d1546be77314847f9b485f0af67c115cd8b0b398d,composite_figures,tools/build_e22_subpanel_presentation.py,python tools/build_e22_subpanel_presentation.py,present_in_reference_tree,rebuild_from_code
figs/e22_grid_constrained_panels.png,outputs/figs/e22_grid_constrained_panels.png,6456551,41a95e8314caffa0a8f07631450585f1a21bf7339d1e2370ffc3308175416b0b,composite_figures,tools/build_e22_subpanel_presentation.py,python tools/build_e22_subpanel_presentation.py,present_in_reference_tree,rebuild_from_code
figs/e22_grid_constrained_panels.pptx,outputs/figs/e22_grid_constrained_panels.pptx,2123631,53071d5ed3014439baa7832d2675821d728a88209efaec24a74cec986cbcb462,composite_figures,tools/build_e22_subpanel_presentation.py,python tools/build_e22_subpanel_presentation.py,present_in_reference_tree,rebuild_from_code
figs/e22_ieee123_appendix/ieee123_transformer_acceptance.pdf,outputs/figs/e22_ieee123_appendix/ieee123_transformer_acceptance.pdf,16422,0ead53ec5b31ba99810df39c4fb2a1294c70e0fcc647dc8c96715db2889892fd,appendix,tools/build_e22_ieee123_appendix_figures.py,python tools/build_e22_ieee123_appendix_figures.py,present_in_reference_tree,rebuild_from_code
figs/e22_ieee123_appendix/ieee123_transformer_acceptance.png,outputs/figs/e22_ieee123_appendix/ieee123_transformer_acceptance.png,84958,43d4ce5ad0c0fb6af1d8ed334cec2e8b43708cb42197092685811de713499189,appendix,tools/build_e22_ieee123_appendix_figures.py,python tools/build_e22_ieee123_appendix_figures.py,present_in_reference_tree,rebuild_from_code
figs/e22_ieee123_appendix/ieee123_transformer_admitted_energy.pdf,outputs/figs/e22_ieee123_appendix/ieee123_transformer_admitted_energy.pdf,18020,a58b87abeab452fdd3740c9ba419a4603373dd7dd94bda993b76151ffe09f573,appendix,tools/build_e22_ieee123_appendix_figures.py,python tools/build_e22_ieee123_appendix_figures.py,present_in_reference_tree,rebuild_from_code
figs/e22_ieee123_appendix/ieee123_transformer_admitted_energy.png,outputs/figs/e22_ieee123_appendix/ieee123_transformer_admitted_energy.png,105040,2c997d2acb02b3f200ebdb62be0849ceebb8bd5fd71254cef15a6e9af20f0812,appendix,tools/build_e22_ieee123_appendix_figures.py,python tools/build_e22_ieee123_appendix_figures.py,present_in_reference_tree,rebuild_from_code
figs/e22_ieee123_appendix/ieee123_transformer_dataset_retention.pdf,outputs/figs/e22_ieee123_appendix/ieee123_transformer_dataset_retention.pdf,22490,e1715cd38e8eee8ad1c6e93884748aeca6874e7723c7819073e1a4595971abd1,appendix,tools/build_e22_ieee123_appendix_figures.py,python tools/build_e22_ieee123_appendix_figures.py,present_in_reference_tree,rebuild_from_code
figs/e22_ieee123_appendix/ieee123_transformer_dataset_retention.png,outputs/figs/e22_ieee123_appendix/ieee123_transformer_dataset_retention.png,173227,89de5d42bd7fcfc9360840eb53d75e209c50b8c3cf3e23ed8e948f2cd7a85095,appendix,tools/build_e22_ieee123_appendix_figures.py,python tools/build_e22_ieee123_appendix_figures.py,present_in_reference_tree,rebuild_from_code
figs/e22_ieee69_appendix/ieee69_constraint_component_audit_appendix.png,outputs/figs/e22_ieee69_appendix/ieee69_constraint_component_audit_appendix.png,1725667,0d630f8b020862a17be3243bec8279518041321113bfd2bbe85c7b1cca7e9b42,appendix,tools/build_e22_constraint_component_heatmap.py,python tools/build_e22_constraint_component_heatmap.py,present_in_reference_tree,rebuild_from_code
figs/subpanel/00_ieee69_network_acceptance.pdf,outputs/figs/subpanel/00_ieee69_network_acceptance.pdf,232011,7fd2b6250c0e90c04e511adf9568b59dee0c6aaa0f1f37a80783808408c045e7,publication_figures,plots/leaf/e22_acceptance.py,python plots/leaf/e22_acceptance.py,present_in_reference_tree,rebuild_from_code
figs/subpanel/00_ieee69_network_acceptance.png,outputs/figs/subpanel/00_ieee69_network_acceptance.png,1779651,c902eef04c557f72c9edf382d2ac4ef623687d92603f5f3cf96b6ea069faa301,publication_figures,plots/leaf/e22_acceptance.py,python plots/leaf/e22_acceptance.py,present_in_reference_tree,rebuild_from_code
figs/subpanel/01_ieee69_constraint_audit.pdf,outputs/figs/subpanel/01_ieee69_constraint_audit.pdf,143348,449cf5ed364e00457191ebccb2602b72742f7b469c5fe2ae53a9841d537dfd83,publication_figures,plots/leaf/e22_constraint_audit.py,python plots/leaf/e22_constraint_audit.py,present_in_reference_tree,rebuild_from_code
figs/subpanel/01_ieee69_constraint_audit.png,outputs/figs/subpanel/01_ieee69_constraint_audit.png,1801687,114aa56fca6dd727267f0a47fff6216dc4b2d873524099dc583238873bf5ff49,publication_figures,plots/leaf/e22_constraint_audit.py,python plots/leaf/e22_constraint_audit.py,present_in_reference_tree,rebuild_from_code
figs/subpanel/02_algorithm_effect_raw_vs_pairwise_mixed.pdf,outputs/figs/subpanel/02_algorithm_effect_raw_vs_pairwise_mixed.pdf,81269,d7cdf7460bdca413a2a802d1238ab2037cdd6adf4d3b89c95a8180a2093d2158,publication_figures,plots/leaf/e22_effect_safety.py,python plots/leaf/e22_effect_safety.py,present_in_reference_tree,rebuild_from_code
figs/subpanel/02_algorithm_effect_raw_vs_pairwise_mixed.png,outputs/figs/subpanel/02_algorithm_effect_raw_vs_pairwise_mixed.png,4754785,ff4a865f0cc649d4ea8ac4d40b4f5030320a775d28e353fc3ce717931ad4ded9,publication_figures,plots/leaf/e22_effect_safety.py,python plots/leaf/e22_effect_safety.py,present_in_reference_tree,rebuild_from_code
figs/subpanel/03_ieee69_spatial_retention.pdf,outputs/figs/subpanel/03_ieee69_spatial_retention.pdf,52531,6c935f7d23fa894c6b3c2838a3c59aac93eed30d66404e70ba5f238bc85d7601,publication_figures,plots/leaf/e22_spatial_retention.py,python plots/leaf/e22_spatial_retention.py,present_in_reference_tree,rebuild_from_code
figs/subpanel/03_ieee69_spatial_retention.png,outputs/figs/subpanel/03_ieee69_spatial_retention.png,287323,9fa3a413fcf5372cd6f613cb383c514372d23266534b67489735ba183f89079e,publication_figures,plots/leaf/e22_spatial_retention.py,python plots/leaf/e22_spatial_retention.py,present_in_reference_tree,rebuild_from_code
figs/subpanel/04_topology_effect_raw_vs_pairwise_mixed.pdf,outputs/figs/subpanel/04_topology_effect_raw_vs_pairwise_mixed.pdf,1185157,8a337dba94c695300dd09208df116e3490dc0aa57dcce78a9b75f085d3484e4a,publication_figures,plots/leaf/e22_topology_effect.py,python plots/leaf/e22_topology_effect.py,present_in_reference_tree,rebuild_from_code
figs/subpanel/04_topology_effect_raw_vs_pairwise_mixed.png,outputs/figs/subpanel/04_topology_effect_raw_vs_pairwise_mixed.png,854629,28e9167370a540c79b54fc1e414af9ee15fda1d5c519e1257cd313d132440646,publication_figures,plots/leaf/e22_topology_effect.py,python plots/leaf/e22_topology_effect.py,present_in_reference_tree,rebuild_from_code
figs/subpanel/05_ieee69_dataset_algorithm_retention.pdf,outputs/figs/subpanel/05_ieee69_dataset_algorithm_retention.pdf,136337,9b3a07c244100138e209c19a6f25971ec392aaafa3f5fa566f951e1ef26278fa,publication_figures,plots/leaf/e22_dataset_retention.py,python plots/leaf/e22_dataset_retention.py,present_in_reference_tree,rebuild_from_code
figs/subpanel/05_ieee69_dataset_algorithm_retention.png,outputs/figs/subpanel/05_ieee69_dataset_algorithm_retention.png,525657,26e2ed726ca2c174f3c67d7edb4ea77635069181dc5f1630f8f3bf0c59c09946,publication_figures,plots/leaf/e22_dataset_retention.py,python plots/leaf/e22_dataset_retention.py,present_in_reference_tree,rebuild_from_code
figs/subpanel/06_ieee69_all_algorithms_m0_m6.pdf,outputs/figs/subpanel/06_ieee69_all_algorithms_m0_m6.pdf,325270,cdcadd10bbf35a50f7a4e2328106f770cab33acb4478e1aa7853de07b71f24cf,publication_figures,plots/leaf/e22_stress_lines.py,python plots/leaf/e22_stress_lines.py,present_in_reference_tree,rebuild_from_code
figs/subpanel/06_ieee69_all_algorithms_m0_m6.png,outputs/figs/subpanel/06_ieee69_all_algorithms_m0_m6.png,3665882,f1a385c0e2a4344d5166746ce7c071b79437bc2920697f7396962aed098e3463,publication_figures,plots/leaf/e22_stress_lines.py,python plots/leaf/e22_stress_lines.py,present_in_reference_tree,rebuild_from_code
figs/subpanel/07_physical_to_computational_boundary.pdf,outputs/figs/subpanel/07_physical_to_computational_boundary.pdf,21363,fa85dc939e327507ec8869e54c4971395fca87fcf2c2e48619cdaa065c85faf0,publication_figures,plots/leaf/e22_physical_boundary.py,python plots/leaf/e22_physical_boundary.py,present_in_reference_tree,rebuild_from_code
figs/subpanel/07_physical_to_computational_boundary.png,outputs/figs/subpanel/07_physical_to_computational_boundary.png,697265,e1796a1a8cf8fe05991d1ff3362c6ca4c633b5b3e578d6cdb17b946c7dce7e6a,publication_figures,plots/leaf/e22_physical_boundary.py,python plots/leaf/e22_physical_boundary.py,present_in_reference_tree,rebuild_from_code
figs/subpanel/07_physical_to_computational_boundary.pptx,outputs/figs/subpanel/07_physical_to_computational_boundary.pptx,256986,c19a1d610e03d83506a0c012c23e5072d9fa6f7334d849e648f861c787dad79a,publication_figures,plots/leaf/e22_physical_boundary.py,python plots/leaf/e22_physical_boundary.py,present_in_reference_tree,rebuild_from_code
figs/subpanel/07_physical_to_computational_boundary_page.pdf,outputs/figs/subpanel/07_physical_to_computational_boundary_page.pdf,1373566,e237e749954e08966962c5dd9282e0c3be502bf74abe099f70a354689a0c945d,composite_figures,tools/generate_e22_subpanel_figures.py,python tools/generate_e22_subpanel_figures.py,present_in_reference_tree,rebuild_from_code
figs/subpanel/07_physical_to_computational_boundary_page.png,outputs/figs/subpanel/07_physical_to_computational_boundary_page.png,1255393,8396503c8a5d960acc7dfcdb185d7c5922c7dc50ca5139cecb38594425aaf6ea,composite_figures,tools/generate_e22_subpanel_figures.py,python tools/generate_e22_subpanel_figures.py,present_in_reference_tree,rebuild_from_code
figs/subpanel/README.md,outputs/figs/subpanel/README.md,1625,b4846d3223a63b159a8f30c6fc6bcd5b147bcaaf9a98f8fd86603de30823e278,composite_figures,tools/generate_e22_subpanel_figures.py,python tools/generate_e22_subpanel_figures.py,present_in_reference_tree,rebuild_from_code
figs/subpanel/source_data/01_ieee69_constraint_audit.csv,outputs/figs/subpanel/source_data/01_ieee69_constraint_audit.csv,1073917,b41117710a5557cecc4a57c02f177c2249d8255bb46ce01aeccea50126f20092,composite_figures,tools/generate_e22_subpanel_figures.py,python tools/generate_e22_subpanel_figures.py,present_in_reference_tree,rebuild_from_code
figs/subpanel/source_data/02_algorithm_effect_raw_vs_pairwise_mixed.csv,outputs/figs/subpanel/source_data/02_algorithm_effect_raw_vs_pairwise_mixed.csv,1015889,5bc0543b3b295d34788709fb177604e0966412493b6714b612ec889dcc1540c0,composite_figures,tools/generate_e22_subpanel_figures.py,python tools/generate_e22_subpanel_figures.py,present_in_reference_tree,rebuild_from_code
figs/subpanel/source_data/03_ieee69_spatial_retention.csv,outputs/figs/subpanel/source_data/03_ieee69_spatial_retention.csv,61961,1dee04314276c5f12b8e57037b7a5510adb3ec257411a0c3328da1093087bf55,composite_figures,tools/generate_e22_subpanel_figures.py,python tools/generate_e22_subpanel_figures.py,present_in_reference_tree,rebuild_from_code
figs/subpanel/source_data/04_topology_effect_raw_vs_pairwise_mixed.csv,outputs/figs/subpanel/source_data/04_topology_effect_raw_vs_pairwise_mixed.csv,62207114,7c9fee703bb3a801e479721ae4fb1bbb9bf26373540c28fa6ecbb170bdd95494,composite_figures,tools/generate_e22_subpanel_figures.py,python tools/generate_e22_subpanel_figures.py,present_in_reference_tree,rebuild_from_code
figs/subpanel/source_data/05_response_fidelity_r2.csv,outputs/figs/subpanel/source_data/05_response_fidelity_r2.csv,6456748,a308ad254119ad7f49799528a859050fadfa16b181013925fe7a081e9cf16fad,composite_figures,tools/generate_e22_subpanel_figures.py,python tools/generate_e22_subpanel_figures.py,present_in_reference_tree,rebuild_from_code
figs/subpanel/source_data/06_ieee69_all_algorithms_m0_m6.csv,outputs/figs/subpanel/source_data/06_ieee69_all_algorithms_m0_m6.csv,10791024,5041e8d9142e5dbcb0791030f34ae132b8f63dac7f3424c1488870ea47f5fbf9,composite_figures,tools/generate_e22_subpanel_figures.py,python tools/generate_e22_subpanel_figures.py,present_in_reference_tree,rebuild_from_code
figs/supplementary_s1_s4_s5/Figure_S1_source_inventory_and_mixtures.png,outputs/figs/supplementary_s1_s4_s5/Figure_S1_source_inventory_and_mixtures.png,144524,f5a8b51e25df9fc97d562178718fa026c930ee3e03b6191d1c00273e0fbb4924,supplementary_figures,tools/build_supplementary_tables_s1_s4_s5.py,python tools/build_supplementary_tables_s1_s4_s5.py,present_in_reference_tree,rebuild_from_code
figs/supplementary_s1_s4_s5/Figure_S4_information_assumptions.png,outputs/figs/supplementary_s1_s4_s5/Figure_S4_information_assumptions.png,141130,4a7abbea05da4ffab85031cbc2953aa81b115fe93b08fe7a8badc57a322b1779,supplementary_figures,tools/build_supplementary_tables_s1_s4_s5.py,python tools/build_supplementary_tables_s1_s4_s5.py,present_in_reference_tree,rebuild_from_code
figs/supplementary_s1_s4_s5/Figure_S5_network_realization.png,outputs/figs/supplementary_s1_s4_s5/Figure_S5_network_realization.png,95337,09a415287621cd35ff07ef584c814ac8ccefc0250c99521ba12e76014938ee21,supplementary_figures,tools/build_supplementary_tables_s1_s4_s5.py,python tools/build_supplementary_tables_s1_s4_s5.py,present_in_reference_tree,rebuild_from_code
figs/绘图规范.md,outputs/figs/绘图规范.md,22204,feaa7d47a1a2aacfc69e0781dd6c6ecd0dab5e7ae1ea2dc477e3631ff170be75,metadata_or_manual,manual_or_source_metadata,see artifact notes,present_in_reference_tree,rebuild_from_code
figs/表格补充.docx,outputs/figs/表格补充.docx,25991,b6e80da63d1644e02665b92e95b63e1b8d9710df0302f12b7fca2039fa827629,metadata_or_manual,manual_or_source_metadata,see artifact notes,present_in_reference_tree,rebuild_from_code
figs/钢琴图示范.png,outputs/figs/钢琴图示范.png,502446,de0696e4e6c89b86002e041333d5f954a76f9c63f2a6c74c0498cb7247db663c,metadata_or_manual,manual_or_source_metadata,see artifact notes,present_in_reference_tree,rebuild_from_code
mixing_methods_figures/figure_mixed_composition_and_gamma.png,outputs/mixing_methods_figures/figure_mixed_composition_and_gamma.png,93268,459d0a9b099c607cdf78f3117fb6188ef787cff77e2fc48d4b5b6e6b044d8aef,report,tools/build_mixing_methods_report.py,python tools/build_mixing_methods_report.py,present_in_reference_tree,rebuild_from_code
mixing_methods_figures/figure_pairwise_comparison.png,outputs/mixing_methods_figures/figure_pairwise_comparison.png,173232,65c72b6c987be9798133c20703f2a2077567c37309c83ee7c52d463a760aba0a,report,tools/build_mixing_methods_report.py,python tools/build_mixing_methods_report.py,present_in_reference_tree,rebuild_from_code
mixing_methods_figures/figure_scenario_effect_and_network_penalty.png,outputs/mixing_methods_figures/figure_scenario_effect_and_network_penalty.png,136154,c4e0d391381cbd31981c782d9ae51a792bbf414cbf88bd8521a6aaa7f29625db,report,tools/build_mixing_methods_report.py,python tools/build_mixing_methods_report.py,present_in_reference_tree,rebuild_from_code
mixing_methods_figures/scenario_baseline_atlas.png,outputs/mixing_methods_figures/scenario_baseline_atlas.png,97647,2637c9e0dd0744c2b6ec22c4583d20af0a16c7cff8ea2b58bde11c33859ea997,report,tools/build_mixing_methods_report.py,python tools/build_mixing_methods_report.py,present_in_reference_tree,rebuild_from_code
mixing_methods_figures/scenario_network_penalty.png,outputs/mixing_methods_figures/scenario_network_penalty.png,94709,acfa24bcc0e9e732ae9b3b243f18284ce36b9852031f8a0076da01a8177f35a6,report,tools/build_mixing_methods_report.py,python tools/build_mixing_methods_report.py,present_in_reference_tree,rebuild_from_code
results-E20-E24/DATA_REPLOT_MANIFEST.csv,outputs/results-E20-E24/DATA_REPLOT_MANIFEST.csv,580040,f8b2b308b57a312f544bdfafcb405a81de2fe7f5b8cd17ca93a97109f30ffa7c,source_result_migration,tools/replot_results_e20_e24.py,python tools/replot_results_e20_e24.py,present_in_reference_tree,rebuild_from_code
results-E20-E24/README.md,outputs/results-E20-E24/README.md,647,5aa9f0fcff97aec7a5ac62a75afa36a5611c8a40a88d8b4eefd16e4aca858f24,source_result_migration,tools/replot_results_e20_e24.py,python tools/replot_results_e20_e24.py,present_in_reference_tree,rebuild_from_code
results-E20-E24/data_replots/E20/e20_n95_inflation.png,outputs/results-E20-E24/data_replots/E20/e20_n95_inflation.png,77189,8fc5bbca8ad3e79feab643ca8404d02a5778a7b9bc2fd8b2e1232b703309922c,source_result_migration,tools/replot_one_csv.py,python tools/replot_one_csv.py --input INPUT.csv --output OUTPUT.png,present_in_reference_tree,rebuild_from_code
results-E20-E24/data_replots/E20/e20_r2_vs_N.png,outputs/results-E20-E24/data_replots/E20/e20_r2_vs_N.png,129176,3c75f8cbd7b75910f1e8b2feddf664f853f195fed1bae5a3b548bcee14a0da20,source_result_migration,tools/replot_one_csv.py,python tools/replot_one_csv.py --input INPUT.csv --output OUTPUT.png,present_in_reference_tree,rebuild_from_code
results-E20-E24/data_replots/E21/e21_algorithm_distribution.png,outputs/results-E20-E24/data_replots/E21/e21_algorithm_distribution.png,746290,a0682b708fc98f1691d1f89404a3dc7d772fa4ded33eadd4ba542928ffc769b2,source_result_migration,tools/replot_one_csv.py,python tools/replot_one_csv.py --input INPUT.csv --output OUTPUT.png,present_in_reference_tree,rebuild_from_code
results-E20-E24/data_replots/E21/e21_gamma_r2.png,outputs/results-E20-E24/data_replots/E21/e21_gamma_r2.png,143529,294924ebfa15b01492bc12fd1e369c5bd80484ea10c10f760b031ffcd5588152,source_result_migration,tools/replot_one_csv.py,python tools/replot_one_csv.py --input INPUT.csv --output OUTPUT.png,present_in_reference_tree,rebuild_from_code
results-E20-E24/data_replots/E21/e21_pairwise_curtailment.png,outputs/results-E20-E24/data_replots/E21/e21_pairwise_curtailment.png,114739,31c8cb1384cbb2f38e54e40e6b1131895b1ada0bc05394e7a585be0b7eb5c125,source_result_migration,tools/replot_one_csv.py,python tools/replot_one_csv.py --input INPUT.csv --output OUTPUT.png,present_in_reference_tree,rebuild_from_code
results-E20-E24/data_replots/E21/e21_pairwise_r2.png,outputs/results-E20-E24/data_replots/E21/e21_pairwise_r2.png,117310,7b98e7d56a60ef38636b12c669f72943d6c39c6002c8a9be3c4379d43662f2af,source_result_migration,tools/replot_one_csv.py,python tools/replot_one_csv.py --input INPUT.csv --output OUTPUT.png,present_in_reference_tree,rebuild_from_code
results-E20-E24/data_replots/E22/e22_ieee69_algorithm.png,outputs/results-E20-E24/data_replots/E22/e22_ieee69_algorithm.png,1085487,ec661b873022b87f81e7b70accb6f67dcc9451f8b7af5fddcc281f509dd22c87,source_result_migration,tools/replot_one_csv.py,python tools/replot_one_csv.py --input INPUT.csv --output OUTPUT.png,present_in_reference_tree,rebuild_from_code
results-E20-E24/data_replots/E23/e23_line_derating.png,outputs/results-E20-E24/data_replots/E23/e23_line_derating.png,1021743,ce43195d99ad6e404ad2db736a0a0430d122c6d49c717d0ace38a96783033c0a,source_result_migration,tools/replot_one_csv.py,python tools/replot_one_csv.py --input INPUT.csv --output OUTPUT.png,present_in_reference_tree,rebuild_from_code
results-E20-E24/data_replots/E23/e23_request_intensity.png,outputs/results-E20-E24/data_replots/E23/e23_request_intensity.png,1010603,612d3a49467ff73849d87e86b5c821284850e36476d9a375094f6bd92c877de4,source_result_migration,tools/replot_one_csv.py,python tools/replot_one_csv.py --input INPUT.csv --output OUTPUT.png,present_in_reference_tree,rebuild_from_code
results-E20-E24/data_replots/E23/e23_spatial_concentration.png,outputs/results-E20-E24/data_replots/E23/e23_spatial_concentration.png,800460,79a2e8b8c53d7d3132c21ef2a030a95d5705625ce3a9c1d127b94c6b4f498fa1,source_result_migration,tools/replot_one_csv.py,python tools/replot_one_csv.py --input INPUT.csv --output OUTPUT.png,present_in_reference_tree,rebuild_from_code
results-E20-E24/data_replots/E24/e24_effect.png,outputs/results-E20-E24/data_replots/E24/e24_effect.png,663893,abd26f5e491f60d5f6dfc5e9b46dcd2010bf4c90cffd55a7ae4283a9486609b3,source_result_migration,tools/replot_one_csv.py,python tools/replot_one_csv.py --input INPUT.csv --output OUTPUT.png,present_in_reference_tree,rebuild_from_code
results-E20-E24/data_replots/E24/e24_network_acceptance.png,outputs/results-E20-E24/data_replots/E24/e24_network_acceptance.png,501392,ed468845a1b7244bbe57da6511de7280aec68edda35806b928f86f2ac19ef2b1,source_result_migration,tools/replot_one_csv.py,python tools/replot_one_csv.py --input INPUT.csv --output OUTPUT.png,present_in_reference_tree,rebuild_from_code
results-E20-E24/source_figures/E20/fig3a_transfer/fig3a_transfer_n95.pdf,outputs/results-E20-E24/source_figures/E20/fig3a_transfer/fig3a_transfer_n95.pdf,24551,bac75e63a362641be602e409a94961658f9e0c92dd51992ad0b0afab774e1d7e,source_result_migration,tools/replot_results_e20_e24.py,python tools/replot_results_e20_e24.py,present_in_reference_tree,rebuild_from_code
results-E20-E24/source_figures/E20/fig3a_transfer/fig3a_transfer_n95.png,outputs/results-E20-E24/source_figures/E20/fig3a_transfer/fig3a_transfer_n95.png,142005,ca498b9ccdf9bf2e23b0d65405cd6a7ff93937df7803dbde60aef413bb1b49a4,source_result_migration,tools/replot_results_e20_e24.py,python tools/replot_results_e20_e24.py,present_in_reference_tree,rebuild_from_code
results-E20-E24/source_figures/E20/fig3a_transfer/fig3a_transfer_n95_inflation.pdf,outputs/results-E20-E24/source_figures/E20/fig3a_transfer/fig3a_transfer_n95_inflation.pdf,22521,f4cbcb970e29a821bba369bf0536346eb91543e09b0943dcf92c8471223b6534,source_result_migration,tools/replot_results_e20_e24.py,python tools/replot_results_e20_e24.py,present_in_reference_tree,rebuild_from_code
results-E20-E24/source_figures/E20/fig3a_transfer/fig3a_transfer_n95_inflation.png,outputs/results-E20-E24/source_figures/E20/fig3a_transfer/fig3a_transfer_n95_inflation.png,136261,fa26bc795e443a51a55636942aa1efa3fc63701d322528dfffbacb8c92f32f0d,source_result_migration,tools/replot_results_e20_e24.py,python tools/replot_results_e20_e24.py,present_in_reference_tree,rebuild_from_code
results-E20-E24/source_figures/E20/fig3a_transfer/fig3a_transfer_r2.pdf,outputs/results-E20-E24/source_figures/E20/fig3a_transfer/fig3a_transfer_r2.pdf,34869,4b8152538a60e7e318833a270fb938765f4f01204c752d02b7bc2f30ba5c9240,source_result_migration,tools/replot_results_e20_e24.py,python tools/replot_results_e20_e24.py,present_in_reference_tree,rebuild_from_code
results-E20-E24/source_figures/E20/fig3a_transfer/fig3a_transfer_r2.png,outputs/results-E20-E24/source_figures/E20/fig3a_transfer/fig3a_transfer_r2.png,386361,442f506528e9aea5c92bf2aa1f9524a39e825c8bb4fa55d2f50fe41b7b7149ce,source_result_migration,tools/replot_results_e20_e24.py,python tools/replot_results_e20_e24.py,present_in_reference_tree,rebuild_from_code
results-E20-E24/source_figures/E20/fig3a_transfer/fig3a_transfer_r2_camsl_japan_smart_meters.pdf,outputs/results-E20-E24/source_figures/E20/fig3a_transfer/fig3a_transfer_r2_camsl_japan_smart_meters.pdf,22746,9a508855fb07675f1c144f7c0bf31c1951e16570cb3d031aee3f7a91172e4d4d,source_result_migration,tools/replot_results_e20_e24.py,python tools/replot_results_e20_e24.py,present_in_reference_tree,rebuild_from_code
results-E20-E24/source_figures/E20/fig3a_transfer/fig3a_transfer_r2_camsl_japan_smart_meters.png,outputs/results-E20-E24/source_figures/E20/fig3a_transfer/fig3a_transfer_r2_camsl_japan_smart_meters.png,135815,5a6cc884135ea8a2fbc2ca23023bbdbe029caf6e421508fa91ce011c69803e22,source_result_migration,tools/replot_results_e20_e24.py,python tools/replot_results_e20_e24.py,present_in_reference_tree,rebuild_from_code
results-E20-E24/source_figures/E20/fig3a_transfer/fig3a_transfer_r2_european_lv_urban_8087.pdf,outputs/results-E20-E24/source_figures/E20/fig3a_transfer/fig3a_transfer_r2_european_lv_urban_8087.pdf,22364,cf813e7522bca02d7925f98318e2861bd006b6a4781e3466ca93bffd90e9a6d1,source_result_migration,tools/replot_results_e20_e24.py,python tools/replot_results_e20_e24.py,present_in_reference_tree,rebuild_from_code
results-E20-E24/source_figures/E20/fig3a_transfer/fig3a_transfer_r2_european_lv_urban_8087.png,outputs/results-E20-E24/source_figures/E20/fig3a_transfer/fig3a_transfer_r2_european_lv_urban_8087.png,133478,86d76c3e4d4938070d76a68a6c368ec3a17f4bb12300c90d2f54d811b844ceba,source_result_migration,tools/replot_results_e20_e24.py,python tools/replot_results_e20_e24.py,present_in_reference_tree,rebuild_from_code
results-E20-E24/source_figures/E20/fig3a_transfer/fig3a_transfer_r2_full.pdf,outputs/results-E20-E24/source_figures/E20/fig3a_transfer/fig3a_transfer_r2_full.pdf,34801,b994b20306c0e78cc5da0adefa73618b0ee15714832df492f8bab8322f44997f,source_result_migration,tools/replot_results_e20_e24.py,python tools/replot_results_e20_e24.py,present_in_reference_tree,rebuild_from_code
results-E20-E24/source_figures/E20/fig3a_transfer/fig3a_transfer_r2_full.png,outputs/results-E20-E24/source_figures/E20/fig3a_transfer/fig3a_transfer_r2_full.png,284170,e9badf0751ae6a12ea94fffee5e519eb8121dcddab07cc666c370de72aed8c78,source_result_migration,tools/replot_results_e20_e24.py,python tools/replot_results_e20_e24.py,present_in_reference_tree,rebuild_from_code
results-E20-E24/source_figures/E20/fig3a_transfer/fig3a_transfer_r2_irish_domestic_smart_meters.pdf,outputs/results-E20-E24/source_figures/E20/fig3a_transfer/fig3a_transfer_r2_irish_domestic_smart_meters.pdf,22057,0c2ee1440ff3a15331d020e4db1cd7c21760c94c110234c6719da2e2710d000c,source_result_migration,tools/replot_results_e20_e24.py,python tools/replot_results_e20_e24.py,present_in_reference_tree,rebuild_from_code
results-E20-E24/source_figures/E20/fig3a_transfer/fig3a_transfer_r2_irish_domestic_smart_meters.png,outputs/results-E20-E24/source_figures/E20/fig3a_transfer/fig3a_transfer_r2_irish_domestic_smart_meters.png,137341,7c2ea92e6e177a33756ad3790ddeeabd67f2a7d574d4f58dba514eca6efba55f,source_result_migration,tools/replot_results_e20_e24.py,python tools/replot_results_e20_e24.py,present_in_reference_tree,rebuild_from_code
results-E20-E24/source_figures/E20/fig3a_transfer/fig3a_transfer_r2_opsd_household_data.pdf,outputs/results-E20-E24/source_figures/E20/fig3a_transfer/fig3a_transfer_r2_opsd_household_data.pdf,21538,d5788d2ec25615fabb52b08e79d7746dfdd30cc9b61ab2205e7c37ad8598e2af,source_result_migration,tools/replot_results_e20_e24.py,python tools/replot_results_e20_e24.py,present_in_reference_tree,rebuild_from_code
results-E20-E24/source_figures/E20/fig3a_transfer/fig3a_transfer_r2_opsd_household_data.png,outputs/results-E20-E24/source_figures/E20/fig3a_transfer/fig3a_transfer_r2_opsd_household_data.png,141685,3f4d27c0ddd1591adf67b123531a58e2c8666bfa223ce3c011ddc9687043f221,source_result_migration,tools/replot_results_e20_e24.py,python tools/replot_results_e20_e24.py,present_in_reference_tree,rebuild_from_code
results-E20-E24/source_figures/E20/fig3a_transfer/fig3a_transfer_r2_smart_grid_smart_city.pdf,outputs/results-E20-E24/source_figures/E20/fig3a_transfer/fig3a_transfer_r2_smart_grid_smart_city.pdf,22704,3d3c59627f0883bc80be8077a089f161278963f5e95d9a623c5589dfd1bd35db,source_result_migration,tools/replot_results_e20_e24.py,python tools/replot_results_e20_e24.py,present_in_reference_tree,rebuild_from_code
results-E20-E24/source_figures/E20/fig3a_transfer/fig3a_transfer_r2_smart_grid_smart_city.png,outputs/results-E20-E24/source_figures/E20/fig3a_transfer/fig3a_transfer_r2_smart_grid_smart_city.png,136461,ef445c6aec93586817d2180b2a0e8f1fe7f5a3f1e1eef38b15ad4953083536d2,source_result_migration,tools/replot_results_e20_e24.py,python tools/replot_results_e20_e24.py,present_in_reference_tree,rebuild_from_code
results-E20-E24/source_figures/E20/figures/e20_algorithm_comparison_aggregate.png,outputs/results-E20-E24/source_figures/E20/figures/e20_algorithm_comparison_aggregate.png,529580,80de48aad70ff5b493953a6605fb9be277965681fb4ebeed7e2959a9ae629cdc,source_result_migration,tools/replot_results_e20_e24.py,python tools/replot_results_e20_e24.py,present_in_reference_tree,rebuild_from_code
results-E20-E24/source_figures/E20/figures/e20_algorithm_comparison_ieee33.png,outputs/results-E20-E24/source_figures/E20/figures/e20_algorithm_comparison_ieee33.png,528346,48cef0514556c6e6db2a2b3ec1d75c3cc1aa1735989cdfd8b0a5716c49de11b5,source_result_migration,tools/replot_results_e20_e24.py,python tools/replot_results_e20_e24.py,present_in_reference_tree,rebuild_from_code
results-E20-E24/source_figures/E20/figures/e20_algorithm_comparison_overall.png,outputs/results-E20-E24/source_figures/E20/figures/e20_algorithm_comparison_overall.png,246647,4b40a4c81d31b4be95347a61a1629f7d3899a690f34786172ff57b9d8dec2368,source_result_migration,tools/replot_results_e20_e24.py,python tools/replot_results_e20_e24.py,present_in_reference_tree,rebuild_from_code
results-E20-E24/source_figures/E20/figures/e20_transfer_aggregate.png,outputs/results-E20-E24/source_figures/E20/figures/e20_transfer_aggregate.png,161202,15ea40d0c24ba68057dd6301129be3d1a7b9974aae03c4a9bac78ee66b8e341c,source_result_migration,tools/replot_results_e20_e24.py,python tools/replot_results_e20_e24.py,present_in_reference_tree,rebuild_from_code
results-E20-E24/source_figures/E20/figures/e20_transfer_heatmap.png,outputs/results-E20-E24/source_figures/E20/figures/e20_transfer_heatmap.png,156703,36b1923e44772acbf3eb2e5c858fd40ca7be5eacd33bc0c415ef85c9366b74f4,source_result_migration,tools/replot_results_e20_e24.py,python tools/replot_results_e20_e24.py,present_in_reference_tree,rebuild_from_code
results-E20-E24/source_figures/E20/figures/e20_transfer_ieee33.png,outputs/results-E20-E24/source_figures/E20/figures/e20_transfer_ieee33.png,164699,c387a25917b358758f5c6b8e102a76efdcd74cc71ed6c77789bb8c2bc259c32f,source_result_migration,tools/replot_results_e20_e24.py,python tools/replot_results_e20_e24.py,present_in_reference_tree,rebuild_from_code
results-E20-E24/source_figures/E20/rotations/figures/e20_multisplit_algorithm_overall.png,outputs/results-E20-E24/source_figures/E20/rotations/figures/e20_multisplit_algorithm_overall.png,209331,2e649a369d648cffe87228c57a77085d699c8ccb72e4517b30d160a81204e292,source_result_migration,tools/replot_results_e20_e24.py,python tools/replot_results_e20_e24.py,present_in_reference_tree,rebuild_from_code
results-E20-E24/source_figures/E20/rotations/figures/e20_multisplit_transfer_heatmap.png,outputs/results-E20-E24/source_figures/E20/rotations/figures/e20_multisplit_transfer_heatmap.png,274250,0a4f21a3623539a63e1a5630688ce3cc1ce49fc64451616e78d0499777bfd193,source_result_migration,tools/replot_results_e20_e24.py,python tools/replot_results_e20_e24.py,present_in_reference_tree,rebuild_from_code
results-E20-E24/source_figures/E20/rotations/figures/e20_multisplit_transfer_overall.png,outputs/results-E20-E24/source_figures/E20/rotations/figures/e20_multisplit_transfer_overall.png,111212,abf40ffbd3af85ec187c064d283ce41c0d42e34cc251d209be48787bea679721,source_result_migration,tools/replot_results_e20_e24.py,python tools/replot_results_e20_e24.py,present_in_reference_tree,rebuild_from_code
results-E20-E24/source_figures/E20/rotations/fold_02/figures/e20_algorithm_comparison_aggregate.png,outputs/results-E20-E24/source_figures/E20/rotations/fold_02/figures/e20_algorithm_comparison_aggregate.png,531103,975e9329625ecb24774496a2182ce49fce223d9e4f50bb1431882938b185bce2,source_result_migration,tools/replot_results_e20_e24.py,python tools/replot_results_e20_e24.py,present_in_reference_tree,rebuild_from_code
results-E20-E24/source_figures/E20/rotations/fold_02/figures/e20_algorithm_comparison_ieee33.png,outputs/results-E20-E24/source_figures/E20/rotations/fold_02/figures/e20_algorithm_comparison_ieee33.png,532835,e973114e8d48c53437a4350bf03a78a80f28e246c28cef7f58a223d026534990,source_result_migration,tools/replot_results_e20_e24.py,python tools/replot_results_e20_e24.py,present_in_reference_tree,rebuild_from_code
results-E20-E24/source_figures/E20/rotations/fold_02/figures/e20_algorithm_comparison_overall.png,outputs/results-E20-E24/source_figures/E20/rotations/fold_02/figures/e20_algorithm_comparison_overall.png,248365,a3deb07e39c03cd04dad8ddd9fcc154b09f6d45c005367ab8d837be46a135517,source_result_migration,tools/replot_results_e20_e24.py,python tools/replot_results_e20_e24.py,present_in_reference_tree,rebuild_from_code
results-E20-E24/source_figures/E20/rotations/fold_02/figures/e20_transfer_aggregate.png,outputs/results-E20-E24/source_figures/E20/rotations/fold_02/figures/e20_transfer_aggregate.png,175655,7c485148219fc0a44172e91d39e7d3f33b78cf6e2f298d9478106fc202ba4721,source_result_migration,tools/replot_results_e20_e24.py,python tools/replot_results_e20_e24.py,present_in_reference_tree,rebuild_from_code
results-E20-E24/source_figures/E20/rotations/fold_02/figures/e20_transfer_heatmap.png,outputs/results-E20-E24/source_figures/E20/rotations/fold_02/figures/e20_transfer_heatmap.png,172680,33886d7581a92c9ae5347563cd843d18fbd48c40568e539b231a3af440b3d37f,source_result_migration,tools/replot_results_e20_e24.py,python tools/replot_results_e20_e24.py,present_in_reference_tree,rebuild_from_code
results-E20-E24/source_figures/E20/rotations/fold_02/figures/e20_transfer_ieee33.png,outputs/results-E20-E24/source_figures/E20/rotations/fold_02/figures/e20_transfer_ieee33.png,175982,31519ac25807829e2da66c4e0443146f247b85926690b4709c2ec4a69077c045,source_result_migration,tools/replot_results_e20_e24.py,python tools/replot_results_e20_e24.py,present_in_reference_tree,rebuild_from_code
results-E20-E24/source_figures/E20/rotations/fold_03/figures/e20_algorithm_comparison_aggregate.png,outputs/results-E20-E24/source_figures/E20/rotations/fold_03/figures/e20_algorithm_comparison_aggregate.png,539982,d8937874311114d654ed108998bf9e90906ad6509825a481f4f8bc58c79652bf,source_result_migration,tools/replot_results_e20_e24.py,python tools/replot_results_e20_e24.py,present_in_reference_tree,rebuild_from_code
results-E20-E24/source_figures/E20/rotations/fold_03/figures/e20_algorithm_comparison_ieee33.png,outputs/results-E20-E24/source_figures/E20/rotations/fold_03/figures/e20_algorithm_comparison_ieee33.png,529113,c406e6423ce15180f4b4b800a63af7c1019e1604dd5cff7afa0e35a63ff6fcc1,source_result_migration,tools/replot_results_e20_e24.py,python tools/replot_results_e20_e24.py,present_in_reference_tree,rebuild_from_code
results-E20-E24/source_figures/E20/rotations/fold_03/figures/e20_algorithm_comparison_overall.png,outputs/results-E20-E24/source_figures/E20/rotations/fold_03/figures/e20_algorithm_comparison_overall.png,246610,ab34bf5816bd19541b2d0e11f36b9fc3de59effedd64fb200fd7fa189747ce78,source_result_migration,tools/replot_results_e20_e24.py,python tools/replot_results_e20_e24.py,present_in_reference_tree,rebuild_from_code
results-E20-E24/source_figures/E20/rotations/fold_03/figures/e20_transfer_aggregate.png,outputs/results-E20-E24/source_figures/E20/rotations/fold_03/figures/e20_transfer_aggregate.png,181205,72072fbf6ec93166f89b72577adda1513f9f105dddf4b8f5cbdd6af8c82ae5dd,source_result_migration,tools/replot_results_e20_e24.py,python tools/replot_results_e20_e24.py,present_in_reference_tree,rebuild_from_code
results-E20-E24/source_figures/E20/rotations/fold_03/figures/e20_transfer_heatmap.png,outputs/results-E20-E24/source_figures/E20/rotations/fold_03/figures/e20_transfer_heatmap.png,166279,9c40b4c3c009879032887005facf63da61b20d83666cdf5027460c59a75bc933,source_result_migration,tools/replot_results_e20_e24.py,python tools/replot_results_e20_e24.py,present_in_reference_tree,rebuild_from_code
results-E20-E24/source_figures/E20/rotations/fold_03/figures/e20_transfer_ieee33.png,outputs/results-E20-E24/source_figures/E20/rotations/fold_03/figures/e20_transfer_ieee33.png,180161,c6bdc91a8a38becef1345f51b52c99188652b959ccd620c7185749fef4a3b861,source_result_migration,tools/replot_results_e20_e24.py,python tools/replot_results_e20_e24.py,present_in_reference_tree,rebuild_from_code
results-E20-E24/source_figures/E21/curtailment_baseline_supplement/figures/e21_all_compositions_overall.pdf,outputs/results-E20-E24/source_figures/E21/curtailment_baseline_supplement/figures/e21_all_compositions_overall.pdf,57247,0ed9ae1aa65b10c42292fa41e75a6b0e7cbffd1eb46d999f879092864dd04f79,source_result_migration,tools/replot_results_e20_e24.py,python tools/replot_results_e20_e24.py,present_in_reference_tree,rebuild_from_code
results-E20-E24/source_figures/E21/curtailment_baseline_supplement/figures/e21_all_compositions_overall.png,outputs/results-E20-E24/source_figures/E21/curtailment_baseline_supplement/figures/e21_all_compositions_overall.png,394963,dcdef8aa1998de20d7faca60fe6a1a630ff19cc60188e4406d2fb7cbec7f9373,source_result_migration,tools/replot_results_e20_e24.py,python tools/replot_results_e20_e24.py,present_in_reference_tree,rebuild_from_code
results-E20-E24/source_figures/E21/curtailment_baseline_supplement/figures/pairwise_algorithm_distribution.pdf,outputs/results-E20-E24/source_figures/E21/curtailment_baseline_supplement/figures/pairwise_algorithm_distribution.pdf,44991,6deb71f0cbe0e3806167bae2e2a6b1df4ea8a686be5749220d97b88ef8ee99fc,source_result_migration,tools/replot_results_e20_e24.py,python tools/replot_results_e20_e24.py,present_in_reference_tree,rebuild_from_code
results-E20-E24/source_figures/E21/curtailment_baseline_supplement/figures/pairwise_algorithm_distribution.png,outputs/results-E20-E24/source_figures/E21/curtailment_baseline_supplement/figures/pairwise_algorithm_distribution.png,265485,6d0b76957fae600ff58035684279a66c0ad9f6b15d01888b78802c778aa6b764,source_result_migration,tools/replot_results_e20_e24.py,python tools/replot_results_e20_e24.py,present_in_reference_tree,rebuild_from_code
results-E20-E24/source_figures/E21/curtailment_baseline_supplement/figures/pairwise_algorithm_matrices_aggregate.pdf,outputs/results-E20-E24/source_figures/E21/curtailment_baseline_supplement/figures/pairwise_algorithm_matrices_aggregate.pdf,59297,56b921052858d44d02e3a7f00093b5a8490a4d9239ce444742a49fdaa2a8b7c5,source_result_migration,tools/replot_results_e20_e24.py,python tools/replot_results_e20_e24.py,present_in_reference_tree,rebuild_from_code
results-E20-E24/source_figures/E21/curtailment_baseline_supplement/figures/pairwise_algorithm_matrices_aggregate.png,outputs/results-E20-E24/source_figures/E21/curtailment_baseline_supplement/figures/pairwise_algorithm_matrices_aggregate.png,254807,bd068522c9e40c47fe6fa9f65be6ff4bae6be8d293805bdbc0f9491d3f3431bd,source_result_migration,tools/replot_results_e20_e24.py,python tools/replot_results_e20_e24.py,present_in_reference_tree,rebuild_from_code
results-E20-E24/source_figures/E21/curtailment_baseline_supplement/figures/pairwise_algorithm_matrices_ieee33.pdf,outputs/results-E20-E24/source_figures/E21/curtailment_baseline_supplement/figures/pairwise_algorithm_matrices_ieee33.pdf,59420,38099cc35c087cc65d8cf0918be480f36ab2e74fd6ed71b603e4792f21e99c19,source_result_migration,tools/replot_results_e20_e24.py,python tools/replot_results_e20_e24.py,present_in_reference_tree,rebuild_from_code
results-E20-E24/source_figures/E21/curtailment_baseline_supplement/figures/pairwise_algorithm_matrices_ieee33.png,outputs/results-E20-E24/source_figures/E21/curtailment_baseline_supplement/figures/pairwise_algorithm_matrices_ieee33.png,254999,a75dac578e379a98fb05f7c3e21e98368ba8315d3f83d121eb12a348b80c05d3,source_result_migration,tools/replot_results_e20_e24.py,python tools/replot_results_e20_e24.py,present_in_reference_tree,rebuild_from_code
results-E20-E24/source_figures/E21/curtailment_baseline_supplement/figures/pairwise_baseline_overview_aggregate.pdf,outputs/results-E20-E24/source_figures/E21/curtailment_baseline_supplement/figures/pairwise_baseline_overview_aggregate.pdf,31079,e4ef76e131cb3b38fefa63b9402b60db9f3feac1e2620f58ed6d5d0e2b185c53,source_result_migration,tools/replot_results_e20_e24.py,python tools/replot_results_e20_e24.py,present_in_reference_tree,rebuild_from_code
results-E20-E24/source_figures/E21/curtailment_baseline_supplement/figures/pairwise_baseline_overview_aggregate.png,outputs/results-E20-E24/source_figures/E21/curtailment_baseline_supplement/figures/pairwise_baseline_overview_aggregate.png,157239,c4af81ba80fc80a1f5b6fa1763de891f7df30e318a5d13f022f1355a0e56e08e,source_result_migration,tools/replot_results_e20_e24.py,python tools/replot_results_e20_e24.py,present_in_reference_tree,rebuild_from_code
results-E20-E24/source_figures/E21/curtailment_baseline_supplement/figures/pairwise_baseline_overview_ieee33.pdf,outputs/results-E20-E24/source_figures/E21/curtailment_baseline_supplement/figures/pairwise_baseline_overview_ieee33.pdf,30698,18ea6c8f6bf03806f59e1ce23b5bbd7fc4806ae63951f4f256f5aa456ffa9371,source_result_migration,tools/replot_results_e20_e24.py,python tools/replot_results_e20_e24.py,present_in_reference_tree,rebuild_from_code
results-E20-E24/source_figures/E21/curtailment_baseline_supplement/figures/pairwise_baseline_overview_ieee33.png,outputs/results-E20-E24/source_figures/E21/curtailment_baseline_supplement/figures/pairwise_baseline_overview_ieee33.png,154949,3057ed64ced54badeea022ce6d65e448b0a9e71fcc1e6955a72ad2fb3830e1c4,source_result_migration,tools/replot_results_e20_e24.py,python tools/replot_results_e20_e24.py,present_in_reference_tree,rebuild_from_code
results-E20-E24/source_figures/E21/curtailment_baseline_supplement/figures/pairwise_eps_advantage_aggregate.pdf,outputs/results-E20-E24/source_figures/E21/curtailment_baseline_supplement/figures/pairwise_eps_advantage_aggregate.pdf,51950,40a19b529242256af723ec4c33ab7f7107f7041317b44c7430c9bd51e643a05e,source_result_migration,tools/replot_results_e20_e24.py,python tools/replot_results_e20_e24.py,present_in_reference_tree,rebuild_from_code
results-E20-E24/source_figures/E21/curtailment_baseline_supplement/figures/pairwise_eps_advantage_aggregate.png,outputs/results-E20-E24/source_figures/E21/curtailment_baseline_supplement/figures/pairwise_eps_advantage_aggregate.png,240968,6a456d54fb9fa021da305b951ddca6dac31bf50476d5e0a12be09ba681dc3413,source_result_migration,tools/replot_results_e20_e24.py,python tools/replot_results_e20_e24.py,present_in_reference_tree,rebuild_from_code
results-E20-E24/source_figures/E21/curtailment_baseline_supplement/figures/pairwise_eps_advantage_ieee33.pdf,outputs/results-E20-E24/source_figures/E21/curtailment_baseline_supplement/figures/pairwise_eps_advantage_ieee33.pdf,52760,7d03a24a318b51db6fd132c64f4b47162f98da3b02368b66c6b0321a4e3a787b,source_result_migration,tools/replot_results_e20_e24.py,python tools/replot_results_e20_e24.py,present_in_reference_tree,rebuild_from_code
results-E20-E24/source_figures/E21/curtailment_baseline_supplement/figures/pairwise_eps_advantage_ieee33.png,outputs/results-E20-E24/source_figures/E21/curtailment_baseline_supplement/figures/pairwise_eps_advantage_ieee33.png,241522,5cd3d14781b708a5fcabd5f9c1691d2ad8112a3f8dee6bb895aade185682a3fd,source_result_migration,tools/replot_results_e20_e24.py,python tools/replot_results_e20_e24.py,present_in_reference_tree,rebuild_from_code
results-E20-E24/source_figures/E21/curtailment_baseline_supplement/figures/pairwise_network_penalty.pdf,outputs/results-E20-E24/source_figures/E21/curtailment_baseline_supplement/figures/pairwise_network_penalty.pdf,27157,75d06c25da2d4df8a8e4a09a9d9ad3d54243535d86e41904da021996d9f48e5b,source_result_migration,tools/replot_results_e20_e24.py,python tools/replot_results_e20_e24.py,present_in_reference_tree,rebuild_from_code
results-E20-E24/source_figures/E21/curtailment_baseline_supplement/figures/pairwise_network_penalty.png,outputs/results-E20-E24/source_figures/E21/curtailment_baseline_supplement/figures/pairwise_network_penalty.png,117675,3e86734ff32fae846250a254a7fec7a13add5154301a63f2b6cad0e18a0de4f4,source_result_migration,tools/replot_results_e20_e24.py,python tools/replot_results_e20_e24.py,present_in_reference_tree,rebuild_from_code
results-E20-E24/source_figures/E21/curtailment_baseline_supplement/figures/scenario_baseline_atlas.pdf,outputs/results-E20-E24/source_figures/E21/curtailment_baseline_supplement/figures/scenario_baseline_atlas.pdf,39514,366cf64069003feef6e315ae8d3e6873b74b68150475bcba8749453d6e0a50cf,source_result_migration,tools/replot_results_e20_e24.py,python tools/replot_results_e20_e24.py,present_in_reference_tree,rebuild_from_code
results-E20-E24/source_figures/E21/curtailment_baseline_supplement/figures/scenario_baseline_atlas.png,outputs/results-E20-E24/source_figures/E21/curtailment_baseline_supplement/figures/scenario_baseline_atlas.png,379413,0cb74c303000823ef34e9d69b462aa829db02baf82265d8106e5983933d3cc55,source_result_migration,tools/replot_results_e20_e24.py,python tools/replot_results_e20_e24.py,present_in_reference_tree,rebuild_from_code
results-E20-E24/source_figures/E21/curtailment_baseline_supplement/figures/scenario_network_penalty.pdf,outputs/results-E20-E24/source_figures/E21/curtailment_baseline_supplement/figures/scenario_network_penalty.pdf,28722,ee26c166b37f197e149d5b33e37ddc5f71f9f380b5061de0a8b6666b676eb8b6,source_result_migration,tools/replot_results_e20_e24.py,python tools/replot_results_e20_e24.py,present_in_reference_tree,rebuild_from_code
results-E20-E24/source_figures/E21/curtailment_baseline_supplement/figures/scenario_network_penalty.png,outputs/results-E20-E24/source_figures/E21/curtailment_baseline_supplement/figures/scenario_network_penalty.png,256108,b948802aa6ea3b12a2ee59e044085b75b0b8dda4087b73444a9c69b13acdd80d,source_result_migration,tools/replot_results_e20_e24.py,python tools/replot_results_e20_e24.py,present_in_reference_tree,rebuild_from_code
results-E20-E24/source_figures/E21/curtailment_baseline_supplement/figures/scenario_profiles/S1-A.pdf,outputs/results-E20-E24/source_figures/E21/curtailment_baseline_supplement/figures/scenario_profiles/S1-A.pdf,21242,06989b81b183131fabae1ddbf554fc8d83266860d6d63740288b8342fedbfc1f,source_result_migration,tools/replot_results_e20_e24.py,python tools/replot_results_e20_e24.py,present_in_reference_tree,rebuild_from_code
results-E20-E24/source_figures/E21/curtailment_baseline_supplement/figures/scenario_profiles/S1-A.png,outputs/results-E20-E24/source_figures/E21/curtailment_baseline_supplement/figures/scenario_profiles/S1-A.png,127925,2ccd83c32e8ca2e3a5dfffca68e9581816298e1b471cd3f2e250ccbeeaedeb93,source_result_migration,tools/replot_results_e20_e24.py,python tools/replot_results_e20_e24.py,present_in_reference_tree,rebuild_from_code
results-E20-E24/source_figures/E21/curtailment_baseline_supplement/figures/scenario_profiles/S1-B.pdf,outputs/results-E20-E24/source_figures/E21/curtailment_baseline_supplement/figures/scenario_profiles/S1-B.pdf,21238,7ae2e3230ffb533dd4fc2a20cda47448d591068bf894e576ec633a7905bd3bb3,source_result_migration,tools/replot_results_e20_e24.py,python tools/replot_results_e20_e24.py,present_in_reference_tree,rebuild_from_code
results-E20-E24/source_figures/E21/curtailment_baseline_supplement/figures/scenario_profiles/S1-B.png,outputs/results-E20-E24/source_figures/E21/curtailment_baseline_supplement/figures/scenario_profiles/S1-B.png,127389,12f4de85916e5eee2ee26133491fc738007b2def0f1853c1df383d0d28095fb7,source_result_migration,tools/replot_results_e20_e24.py,python tools/replot_results_e20_e24.py,present_in_reference_tree,rebuild_from_code
results-E20-E24/source_figures/E21/curtailment_baseline_supplement/figures/scenario_profiles/S2-A.pdf,outputs/results-E20-E24/source_figures/E21/curtailment_baseline_supplement/figures/scenario_profiles/S2-A.pdf,21241,0890cac3ec2941185cec65da19dcc2ac6d56f74996885a6c8a1aeed82cc34975,source_result_migration,tools/replot_results_e20_e24.py,python tools/replot_results_e20_e24.py,present_in_reference_tree,rebuild_from_code
results-E20-E24/source_figures/E21/curtailment_baseline_supplement/figures/scenario_profiles/S2-A.png,outputs/results-E20-E24/source_figures/E21/curtailment_baseline_supplement/figures/scenario_profiles/S2-A.png,127743,4dad68f37f6b793492e8fa6aa709c54b2ae1fc1c3670b625fb39628298ca36e9,source_result_migration,tools/replot_results_e20_e24.py,python tools/replot_results_e20_e24.py,present_in_reference_tree,rebuild_from_code
results-E20-E24/source_figures/E21/curtailment_baseline_supplement/figures/scenario_profiles/S2-B.pdf,outputs/results-E20-E24/source_figures/E21/curtailment_baseline_supplement/figures/scenario_profiles/S2-B.pdf,21207,154f3330ad22fd7a3b03b839af8f87a823797889a498e8c45e715ff64c73b664,source_result_migration,tools/replot_results_e20_e24.py,python tools/replot_results_e20_e24.py,present_in_reference_tree,rebuild_from_code
results-E20-E24/source_figures/E21/curtailment_baseline_supplement/figures/scenario_profiles/S2-B.png,outputs/results-E20-E24/source_figures/E21/curtailment_baseline_supplement/figures/scenario_profiles/S2-B.png,127132,886e9054e87c8af6c12bcf6409219a18087c50bcecd0da32c8f70bf51ed9c12c,source_result_migration,tools/replot_results_e20_e24.py,python tools/replot_results_e20_e24.py,present_in_reference_tree,rebuild_from_code
results-E20-E24/source_figures/E21/curtailment_baseline_supplement/figures/scenario_profiles/S3-A.pdf,outputs/results-E20-E24/source_figures/E21/curtailment_baseline_supplement/figures/scenario_profiles/S3-A.pdf,21267,7df2e997aa649a3b3893617b5febd9746ea3d2c41e8a7fedf6bfa126a60d427e,source_result_migration,tools/replot_results_e20_e24.py,python tools/replot_results_e20_e24.py,present_in_reference_tree,rebuild_from_code
results-E20-E24/source_figures/E21/curtailment_baseline_supplement/figures/scenario_profiles/S3-A.png,outputs/results-E20-E24/source_figures/E21/curtailment_baseline_supplement/figures/scenario_profiles/S3-A.png,128932,5753dd2f2bb162bb37dd81817f0582cf81528900426bfc28852d4a8b6d9bcbbd,source_result_migration,tools/replot_results_e20_e24.py,python tools/replot_results_e20_e24.py,present_in_reference_tree,rebuild_from_code
results-E20-E24/source_figures/E21/curtailment_baseline_supplement/figures/scenario_profiles/S3-B.pdf,outputs/results-E20-E24/source_figures/E21/curtailment_baseline_supplement/figures/scenario_profiles/S3-B.pdf,21189,9ee99fae9f10847b0be5d5badc3dc4851334b6e8a15e3e6a6b2c4cb0fe7fed51,source_result_migration,tools/replot_results_e20_e24.py,python tools/replot_results_e20_e24.py,present_in_reference_tree,rebuild_from_code
results-E20-E24/source_figures/E21/curtailment_baseline_supplement/figures/scenario_profiles/S3-B.png,outputs/results-E20-E24/source_figures/E21/curtailment_baseline_supplement/figures/scenario_profiles/S3-B.png,127871,05fd88b2fad83ef73c7acf2ec5ed07ed8738ccdc73d30065d15e0e375dc98da2,source_result_migration,tools/replot_results_e20_e24.py,python tools/replot_results_e20_e24.py,present_in_reference_tree,rebuild_from_code
results-E20-E24/source_figures/E21/curtailment_baseline_supplement/figures/scenario_profiles/S4-A.pdf,outputs/results-E20-E24/source_figures/E21/curtailment_baseline_supplement/figures/scenario_profiles/S4-A.pdf,21093,1df121024533761a082c7d8a4eaa7ebddbdb571a47e321c3eb4eb21f3069c587,source_result_migration,tools/replot_results_e20_e24.py,python tools/replot_results_e20_e24.py,present_in_reference_tree,rebuild_from_code
results-E20-E24/source_figures/E21/curtailment_baseline_supplement/figures/scenario_profiles/S4-A.png,outputs/results-E20-E24/source_figures/E21/curtailment_baseline_supplement/figures/scenario_profiles/S4-A.png,128706,55aadc017d8f33aebf8409661b91e2df6260d9120b4f3feed2de330fcfbb40e2,source_result_migration,tools/replot_results_e20_e24.py,python tools/replot_results_e20_e24.py,present_in_reference_tree,rebuild_from_code
results-E20-E24/source_figures/E21/curtailment_baseline_supplement/figures/scenario_profiles/S4-B.pdf,outputs/results-E20-E24/source_figures/E21/curtailment_baseline_supplement/figures/scenario_profiles/S4-B.pdf,21218,59705bb5ae3eb2fe3316b0edbc215e422858ff689b0a73a248311ca5714c4957,source_result_migration,tools/replot_results_e20_e24.py,python tools/replot_results_e20_e24.py,present_in_reference_tree,rebuild_from_code
results-E20-E24/source_figures/E21/curtailment_baseline_supplement/figures/scenario_profiles/S4-B.png,outputs/results-E20-E24/source_figures/E21/curtailment_baseline_supplement/figures/scenario_profiles/S4-B.png,128570,9904cd891c9cb3714acaa49c57b13aa7ce2da9129d04e0f233be4ae3ce32f400,source_result_migration,tools/replot_results_e20_e24.py,python tools/replot_results_e20_e24.py,present_in_reference_tree,rebuild_from_code
results-E20-E24/source_figures/E21/curtailment_baseline_supplement/figures/scenario_profiles/S5-A.pdf,outputs/results-E20-E24/source_figures/E21/curtailment_baseline_supplement/figures/scenario_profiles/S5-A.pdf,21626,eeaf166f17fce1f70d2f252d1daefcf6c4e0bc6e6a32a074df343594a7d81ce5,source_result_migration,tools/replot_results_e20_e24.py,python tools/replot_results_e20_e24.py,present_in_reference_tree,rebuild_from_code
results-E20-E24/source_figures/E21/curtailment_baseline_supplement/figures/scenario_profiles/S5-A.png,outputs/results-E20-E24/source_figures/E21/curtailment_baseline_supplement/figures/scenario_profiles/S5-A.png,129061,33a789504783659c6b027aa65cb10694dad12d45d51ee37538845d34f9e96363,source_result_migration,tools/replot_results_e20_e24.py,python tools/replot_results_e20_e24.py,present_in_reference_tree,rebuild_from_code
results-E20-E24/source_figures/E21/curtailment_baseline_supplement/figures/scenario_profiles/S5-B.pdf,outputs/results-E20-E24/source_figures/E21/curtailment_baseline_supplement/figures/scenario_profiles/S5-B.pdf,21611,f90e8cd459ab611a783fd3ec3710757a1a79b930574aacd27928ebe9d4a60125,source_result_migration,tools/replot_results_e20_e24.py,python tools/replot_results_e20_e24.py,present_in_reference_tree,rebuild_from_code
results-E20-E24/source_figures/E21/curtailment_baseline_supplement/figures/scenario_profiles/S5-B.png,outputs/results-E20-E24/source_figures/E21/curtailment_baseline_supplement/figures/scenario_profiles/S5-B.png,128845,5690ee1cb26b246785d9048ef81ebeb9cff9c04e7c3cfc60e2726380865aba70,source_result_migration,tools/replot_results_e20_e24.py,python tools/replot_results_e20_e24.py,present_in_reference_tree,rebuild_from_code
results-E20-E24/source_figures/E21/curtailment_baseline_supplement/figures/scenario_profiles/S5-C.pdf,outputs/results-E20-E24/source_figures/E21/curtailment_baseline_supplement/figures/scenario_profiles/S5-C.pdf,21602,171ed1aebb3e2d487470a7773632d9ffe1e816149649d1549055e473f25a68c6,source_result_migration,tools/replot_results_e20_e24.py,python tools/replot_results_e20_e24.py,present_in_reference_tree,rebuild_from_code
results-E20-E24/source_figures/E21/curtailment_baseline_supplement/figures/scenario_profiles/S5-C.png,outputs/results-E20-E24/source_figures/E21/curtailment_baseline_supplement/figures/scenario_profiles/S5-C.png,129542,0b8040e2831a4cad3e3f79dc64d3091ad74f974090a53d1fdfd4ff0ae1e72da9,source_result_migration,tools/replot_results_e20_e24.py,python tools/replot_results_e20_e24.py,present_in_reference_tree,rebuild_from_code
results-E20-E24/source_figures/E21/curtailment_baseline_supplement/figures/scenario_profiles/S6-A.pdf,outputs/results-E20-E24/source_figures/E21/curtailment_baseline_supplement/figures/scenario_profiles/S6-A.pdf,21217,d70ada35fafdc7ab2d69118b6e06ae40bfa4c470af50458743dbf88780563fb5,source_result_migration,tools/replot_results_e20_e24.py,python tools/replot_results_e20_e24.py,present_in_reference_tree,rebuild_from_code
results-E20-E24/source_figures/E21/curtailment_baseline_supplement/figures/scenario_profiles/S6-A.png,outputs/results-E20-E24/source_figures/E21/curtailment_baseline_supplement/figures/scenario_profiles/S6-A.png,128828,747192ebdbf39db541d88dd2ba4a66f6681cf4220b27acfa75643ed4110f1d48,source_result_migration,tools/replot_results_e20_e24.py,python tools/replot_results_e20_e24.py,present_in_reference_tree,rebuild_from_code
results-E20-E24/source_figures/E21/curtailment_baseline_supplement/figures/scenario_profiles/S6-B.pdf,outputs/results-E20-E24/source_figures/E21/curtailment_baseline_supplement/figures/scenario_profiles/S6-B.pdf,21209,e30288b4c97f2f7f8a4a14827fdd71447af67be2ffb6e6f01634d02d90911001,source_result_migration,tools/replot_results_e20_e24.py,python tools/replot_results_e20_e24.py,present_in_reference_tree,rebuild_from_code
results-E20-E24/source_figures/E21/curtailment_baseline_supplement/figures/scenario_profiles/S6-B.png,outputs/results-E20-E24/source_figures/E21/curtailment_baseline_supplement/figures/scenario_profiles/S6-B.png,127926,e35bfdf99787226d6ba0c5369d30d80b604932ded7bef5efa0bfce7d8e9f7388,source_result_migration,tools/replot_results_e20_e24.py,python tools/replot_results_e20_e24.py,present_in_reference_tree,rebuild_from_code
results-E20-E24/source_figures/E21/curtailment_baseline_supplement/figures/scenario_profiles/S6-C.pdf,outputs/results-E20-E24/source_figures/E21/curtailment_baseline_supplement/figures/scenario_profiles/S6-C.pdf,21259,23d8e0cb0790de81d8927067837950701596214416bb88c69f9df36665bb9571,source_result_migration,tools/replot_results_e20_e24.py,python tools/replot_results_e20_e24.py,present_in_reference_tree,rebuild_from_code
results-E20-E24/source_figures/E21/curtailment_baseline_supplement/figures/scenario_profiles/S6-C.png,outputs/results-E20-E24/source_figures/E21/curtailment_baseline_supplement/figures/scenario_profiles/S6-C.png,129066,4645fdc5df81a20680dd5178ad93840e64f4a6fc86367571c517f42c4377e52a,source_result_migration,tools/replot_results_e20_e24.py,python tools/replot_results_e20_e24.py,present_in_reference_tree,rebuild_from_code
results-E20-E24/source_figures/E21/figures/e21_algorithm_heatmap_aggregate.png,outputs/results-E20-E24/source_figures/E21/figures/e21_algorithm_heatmap_aggregate.png,445024,d2b82e50917eb9cb15d6581541aaf8c405bccf1b1aed35284caeee9f402a30c8,source_result_migration,tools/replot_results_e20_e24.py,python tools/replot_results_e20_e24.py,present_in_reference_tree,rebuild_from_code
results-E20-E24/source_figures/E21/figures/e21_algorithm_heatmap_ieee33.png,outputs/results-E20-E24/source_figures/E21/figures/e21_algorithm_heatmap_ieee33.png,420891,129059d087e61e2fdb633beea5c08ceddb45ba34c030dcd976ee0283524b98c9,source_result_migration,tools/replot_results_e20_e24.py,python tools/replot_results_e20_e24.py,present_in_reference_tree,rebuild_from_code
results-E20-E24/source_figures/E21/figures/e21_algorithm_overall.png,outputs/results-E20-E24/source_figures/E21/figures/e21_algorithm_overall.png,251340,07d3733d696cb1c1b98ea34ef7149e13b12fa6885a30935faeb53e3d62b2c516,source_result_migration,tools/replot_results_e20_e24.py,python tools/replot_results_e20_e24.py,present_in_reference_tree,rebuild_from_code
results-E20-E24/source_figures/E21/figures/e21_eps_mix_vs_pool.png,outputs/results-E20-E24/source_figures/E21/figures/e21_eps_mix_vs_pool.png,182473,24b38f5328102d33b037e2cc82b70b7a9368cb761f0452d8f4626aca796384f5,source_result_migration,tools/replot_results_e20_e24.py,python tools/replot_results_e20_e24.py,present_in_reference_tree,rebuild_from_code
results-E20-E24/source_figures/E21/gamma_mixed_boundary/figures/e21_mixed_r2_group.pdf,outputs/results-E20-E24/source_figures/E21/gamma_mixed_boundary/figures/e21_mixed_r2_group.pdf,46657,41ab5c1eeec5036b9f3c31d564e3b30b0683df228fd05ab4fb2c837ce309abc4,source_result_migration,tools/replot_results_e20_e24.py,python tools/replot_results_e20_e24.py,present_in_reference_tree,rebuild_from_code
results-E20-E24/source_figures/E21/gamma_mixed_boundary/figures/e21_mixed_r2_group.png,outputs/results-E20-E24/source_figures/E21/gamma_mixed_boundary/figures/e21_mixed_r2_group.png,805235,91a3c6553ecc930b4d145055be5903c37c0a9bfbfd6e102afbde7e385957d16f,source_result_migration,tools/replot_results_e20_e24.py,python tools/replot_results_e20_e24.py,present_in_reference_tree,rebuild_from_code
results-E20-E24/source_figures/E21/gamma_mixed_boundary/figures/mixed_composition_heatmap.pdf,outputs/results-E20-E24/source_figures/E21/gamma_mixed_boundary/figures/mixed_composition_heatmap.pdf,28133,22c6271dae785738069dc68ed4c38aad190edb54361df3799604998545718d2b,source_result_migration,tools/replot_results_e20_e24.py,python tools/replot_results_e20_e24.py,present_in_reference_tree,rebuild_from_code
results-E20-E24/source_figures/E21/gamma_mixed_boundary/figures/mixed_composition_heatmap.png,outputs/results-E20-E24/source_figures/E21/gamma_mixed_boundary/figures/mixed_composition_heatmap.png,184305,3e721e55c45ce51f25028e65285fc0903a80ea5074c0a077ca070b94aad9332f,source_result_migration,tools/replot_results_e20_e24.py,python tools/replot_results_e20_e24.py,present_in_reference_tree,rebuild_from_code
results-E20-E24/source_figures/E21/gamma_mixed_boundary/figures/mixed_gamma_boundaries.pdf,outputs/results-E20-E24/source_figures/E21/gamma_mixed_boundary/figures/mixed_gamma_boundaries.pdf,20462,84451b306ca47425fe4ae628ebfe905f92303c6a12598b165bac0b20e3c8081a,source_result_migration,tools/replot_results_e20_e24.py,python tools/replot_results_e20_e24.py,present_in_reference_tree,rebuild_from_code
results-E20-E24/source_figures/E21/gamma_mixed_boundary/figures/mixed_gamma_boundaries.png,outputs/results-E20-E24/source_figures/E21/gamma_mixed_boundary/figures/mixed_gamma_boundaries.png,139831,90ead49b37c70e6a60f2576520d324ee7fe9209c72ecc3be95274c6760d48e3e,source_result_migration,tools/replot_results_e20_e24.py,python tools/replot_results_e20_e24.py,present_in_reference_tree,rebuild_from_code
results-E20-E24/source_figures/E21/gamma_mixed_boundary/figures/mixed_gamma_scaling.pdf,outputs/results-E20-E24/source_figures/E21/gamma_mixed_boundary/figures/mixed_gamma_scaling.pdf,62093,4479aa4a79a12f0f2fa0194ccbd668c3da07c84a0c5f2412e1324f7e7faa868a,source_result_migration,tools/replot_results_e20_e24.py,python tools/replot_results_e20_e24.py,present_in_reference_tree,rebuild_from_code
results-E20-E24/source_figures/E21/gamma_mixed_boundary/figures/mixed_gamma_scaling.png,outputs/results-E20-E24/source_figures/E21/gamma_mixed_boundary/figures/mixed_gamma_scaling.png,248655,183243014e0b8bbe91fc7141824301cf62af1443a396ffea16e64865a2d393cc,source_result_migration,tools/replot_results_e20_e24.py,python tools/replot_results_e20_e24.py,present_in_reference_tree,rebuild_from_code
results-E20-E24/source_figures/E21/gamma_mixed_boundary/figures/r2_curves/e21_mixed_r2_S1-A.pdf,outputs/results-E20-E24/source_figures/E21/gamma_mixed_boundary/figures/r2_curves/e21_mixed_r2_S1-A.pdf,19741,2295fb60c4f1597cdf5d69da1fde0c10f38474be6cdbbc8f004feb30dbfc18f4,source_result_migration,tools/replot_results_e20_e24.py,python tools/replot_results_e20_e24.py,present_in_reference_tree,rebuild_from_code
results-E20-E24/source_figures/E21/gamma_mixed_boundary/figures/r2_curves/e21_mixed_r2_S1-A.png,outputs/results-E20-E24/source_figures/E21/gamma_mixed_boundary/figures/r2_curves/e21_mixed_r2_S1-A.png,183081,04783ea4699d0185c2f43591950b21bc1cd0e9658eda84ca662ce067ae1e739d,source_result_migration,tools/replot_results_e20_e24.py,python tools/replot_results_e20_e24.py,present_in_reference_tree,rebuild_from_code
results-E20-E24/source_figures/E21/gamma_mixed_boundary/figures/r2_curves/e21_mixed_r2_S1-B.pdf,outputs/results-E20-E24/source_figures/E21/gamma_mixed_boundary/figures/r2_curves/e21_mixed_r2_S1-B.pdf,19905,8d2d822d2c26f91e99edb3cc2bd231712979b0c588fc4c6d7910d546641c85a7,source_result_migration,tools/replot_results_e20_e24.py,python tools/replot_results_e20_e24.py,present_in_reference_tree,rebuild_from_code
results-E20-E24/source_figures/E21/gamma_mixed_boundary/figures/r2_curves/e21_mixed_r2_S1-B.png,outputs/results-E20-E24/source_figures/E21/gamma_mixed_boundary/figures/r2_curves/e21_mixed_r2_S1-B.png,185675,eab9383aa6e6f61c1d020c00b09c71ec027566d8b3036e1e252511213e065673,source_result_migration,tools/replot_results_e20_e24.py,python tools/replot_results_e20_e24.py,present_in_reference_tree,rebuild_from_code
results-E20-E24/source_figures/E21/gamma_mixed_boundary/figures/r2_curves/e21_mixed_r2_S2-A.pdf,outputs/results-E20-E24/source_figures/E21/gamma_mixed_boundary/figures/r2_curves/e21_mixed_r2_S2-A.pdf,20670,eb395d72ec87c44190472fe3085bcc7e1e706e70f178f9bbf23fdd793aaf9537,source_result_migration,tools/replot_results_e20_e24.py,python tools/replot_results_e20_e24.py,present_in_reference_tree,rebuild_from_code
results-E20-E24/source_figures/E21/gamma_mixed_boundary/figures/r2_curves/e21_mixed_r2_S2-A.png,outputs/results-E20-E24/source_figures/E21/gamma_mixed_boundary/figures/r2_curves/e21_mixed_r2_S2-A.png,178568,f3273fa6be60d59c25cf35c1c80eabf89caf409f018f7c0b8dfadea47548a74c,source_result_migration,tools/replot_results_e20_e24.py,python tools/replot_results_e20_e24.py,present_in_reference_tree,rebuild_from_code
results-E20-E24/source_figures/E21/gamma_mixed_boundary/figures/r2_curves/e21_mixed_r2_S2-B.pdf,outputs/results-E20-E24/source_figures/E21/gamma_mixed_boundary/figures/r2_curves/e21_mixed_r2_S2-B.pdf,20272,ea9ae9d53afff9c6856542ddc128b39d619e9ba6c622424a94ff28e724ccb27c,source_result_migration,tools/replot_results_e20_e24.py,python tools/replot_results_e20_e24.py,present_in_reference_tree,rebuild_from_code
results-E20-E24/source_figures/E21/gamma_mixed_boundary/figures/r2_curves/e21_mixed_r2_S2-B.png,outputs/results-E20-E24/source_figures/E21/gamma_mixed_boundary/figures/r2_curves/e21_mixed_r2_S2-B.png,183367,7b248f970e6ba06a43e2ee479f7e5370d556c3d1ffb49dca5f5079e80b8db3b9,source_result_migration,tools/replot_results_e20_e24.py,python tools/replot_results_e20_e24.py,present_in_reference_tree,rebuild_from_code
results-E20-E24/source_figures/E21/gamma_mixed_boundary/figures/r2_curves/e21_mixed_r2_S3-A.pdf,outputs/results-E20-E24/source_figures/E21/gamma_mixed_boundary/figures/r2_curves/e21_mixed_r2_S3-A.pdf,19930,71831f716c37c852195a19ee779ab0219e0200464d3bd97c08deccc51135fe21,source_result_migration,tools/replot_results_e20_e24.py,python tools/replot_results_e20_e24.py,present_in_reference_tree,rebuild_from_code
results-E20-E24/source_figures/E21/gamma_mixed_boundary/figures/r2_curves/e21_mixed_r2_S3-A.png,outputs/results-E20-E24/source_figures/E21/gamma_mixed_boundary/figures/r2_curves/e21_mixed_r2_S3-A.png,183919,8e82f5c9ef8013726b62898c7fda9672576de783a4683cb32b0298e9aa948374,source_result_migration,tools/replot_results_e20_e24.py,python tools/replot_results_e20_e24.py,present_in_reference_tree,rebuild_from_code
results-E20-E24/source_figures/E21/gamma_mixed_boundary/figures/r2_curves/e21_mixed_r2_S3-B.pdf,outputs/results-E20-E24/source_figures/E21/gamma_mixed_boundary/figures/r2_curves/e21_mixed_r2_S3-B.pdf,20086,2772f9147d410e38ff81506f8af9e4b284f4e130a394b4275802f4e2dc89ce15,source_result_migration,tools/replot_results_e20_e24.py,python tools/replot_results_e20_e24.py,present_in_reference_tree,rebuild_from_code
results-E20-E24/source_figures/E21/gamma_mixed_boundary/figures/r2_curves/e21_mixed_r2_S3-B.png,outputs/results-E20-E24/source_figures/E21/gamma_mixed_boundary/figures/r2_curves/e21_mixed_r2_S3-B.png,179635,95c5688d007289cb49d5dc0f5fd1b22f8d74c885813e33821e889dc30249ebfe,source_result_migration,tools/replot_results_e20_e24.py,python tools/replot_results_e20_e24.py,present_in_reference_tree,rebuild_from_code
results-E20-E24/source_figures/E21/gamma_mixed_boundary/figures/r2_curves/e21_mixed_r2_S4-A.pdf,outputs/results-E20-E24/source_figures/E21/gamma_mixed_boundary/figures/r2_curves/e21_mixed_r2_S4-A.pdf,20482,845d4c3bf769f1146e94db7e67074bdedefe1379d492be590d53207e0b49cdcd,source_result_migration,tools/replot_results_e20_e24.py,python tools/replot_results_e20_e24.py,present_in_reference_tree,rebuild_from_code
results-E20-E24/source_figures/E21/gamma_mixed_boundary/figures/r2_curves/e21_mixed_r2_S4-A.png,outputs/results-E20-E24/source_figures/E21/gamma_mixed_boundary/figures/r2_curves/e21_mixed_r2_S4-A.png,183952,8cfb210b9d288693416306c8d4b0a8b4cd6f2ca0ace87863e460d586888fa7d4,source_result_migration,tools/replot_results_e20_e24.py,python tools/replot_results_e20_e24.py,present_in_reference_tree,rebuild_from_code
results-E20-E24/source_figures/E21/gamma_mixed_boundary/figures/r2_curves/e21_mixed_r2_S4-B.pdf,outputs/results-E20-E24/source_figures/E21/gamma_mixed_boundary/figures/r2_curves/e21_mixed_r2_S4-B.pdf,20841,47d8fcb9722a3477fb86bb8f52d770b23826386dc0d8b434f2bae2d657fb1aac,source_result_migration,tools/replot_results_e20_e24.py,python tools/replot_results_e20_e24.py,present_in_reference_tree,rebuild_from_code
results-E20-E24/source_figures/E21/gamma_mixed_boundary/figures/r2_curves/e21_mixed_r2_S4-B.png,outputs/results-E20-E24/source_figures/E21/gamma_mixed_boundary/figures/r2_curves/e21_mixed_r2_S4-B.png,187617,7773e5fa8fda495769d93b6682b2ed2f9398c1fe295e1d5d1e600d2187104122,source_result_migration,tools/replot_results_e20_e24.py,python tools/replot_results_e20_e24.py,present_in_reference_tree,rebuild_from_code
results-E20-E24/source_figures/E21/gamma_mixed_boundary/figures/r2_curves/e21_mixed_r2_S5-A.pdf,outputs/results-E20-E24/source_figures/E21/gamma_mixed_boundary/figures/r2_curves/e21_mixed_r2_S5-A.pdf,20109,303932f97b84a48040a17505c2ecabe1116c96556257bb6ef47ca857e7f4d65a,source_result_migration,tools/replot_results_e20_e24.py,python tools/replot_results_e20_e24.py,present_in_reference_tree,rebuild_from_code
results-E20-E24/source_figures/E21/gamma_mixed_boundary/figures/r2_curves/e21_mixed_r2_S5-A.png,outputs/results-E20-E24/source_figures/E21/gamma_mixed_boundary/figures/r2_curves/e21_mixed_r2_S5-A.png,184748,e2031f7776eb78af4fb7a32d9c4cefac163636d56a7f416b637230860ab81ad5,source_result_migration,tools/replot_results_e20_e24.py,python tools/replot_results_e20_e24.py,present_in_reference_tree,rebuild_from_code
results-E20-E24/source_figures/E21/gamma_mixed_boundary/figures/r2_curves/e21_mixed_r2_S5-B.pdf,outputs/results-E20-E24/source_figures/E21/gamma_mixed_boundary/figures/r2_curves/e21_mixed_r2_S5-B.pdf,19933,884afff1a0c9a1b3020cb405fead8a14f2f32460ad269de5bfd199d78142dbf4,source_result_migration,tools/replot_results_e20_e24.py,python tools/replot_results_e20_e24.py,present_in_reference_tree,rebuild_from_code
results-E20-E24/source_figures/E21/gamma_mixed_boundary/figures/r2_curves/e21_mixed_r2_S5-B.png,outputs/results-E20-E24/source_figures/E21/gamma_mixed_boundary/figures/r2_curves/e21_mixed_r2_S5-B.png,186493,d85c7052ff10ec4aeaadde14db5e7988c0f0298ba94328e4b1930f823aaffbbf,source_result_migration,tools/replot_results_e20_e24.py,python tools/replot_results_e20_e24.py,present_in_reference_tree,rebuild_from_code
results-E20-E24/source_figures/E21/gamma_mixed_boundary/figures/r2_curves/e21_mixed_r2_S5-C.pdf,outputs/results-E20-E24/source_figures/E21/gamma_mixed_boundary/figures/r2_curves/e21_mixed_r2_S5-C.pdf,20772,88ba1bd28a4055cd71f9b92f869643b404d6caf93a05be2a922758169e56857a,source_result_migration,tools/replot_results_e20_e24.py,python tools/replot_results_e20_e24.py,present_in_reference_tree,rebuild_from_code
results-E20-E24/source_figures/E21/gamma_mixed_boundary/figures/r2_curves/e21_mixed_r2_S5-C.png,outputs/results-E20-E24/source_figures/E21/gamma_mixed_boundary/figures/r2_curves/e21_mixed_r2_S5-C.png,180822,8f64e44c2bca823dea2e0e817535d591b16895cc9f12b88cd4d3add067c31286,source_result_migration,tools/replot_results_e20_e24.py,python tools/replot_results_e20_e24.py,present_in_reference_tree,rebuild_from_code
results-E20-E24/source_figures/E21/gamma_mixed_boundary/figures/r2_curves/e21_mixed_r2_S6-A.pdf,outputs/results-E20-E24/source_figures/E21/gamma_mixed_boundary/figures/r2_curves/e21_mixed_r2_S6-A.pdf,20912,04784cf8bf47705e9968ba4c2c104134666c62c5ec596f631bd8679590044d9e,source_result_migration,tools/replot_results_e20_e24.py,python tools/replot_results_e20_e24.py,present_in_reference_tree,rebuild_from_code
results-E20-E24/source_figures/E21/gamma_mixed_boundary/figures/r2_curves/e21_mixed_r2_S6-A.png,outputs/results-E20-E24/source_figures/E21/gamma_mixed_boundary/figures/r2_curves/e21_mixed_r2_S6-A.png,188300,bfbb2b18f7d732940cba9f56cf4613d4db8808905d03c474940b56b6b6a2498c,source_result_migration,tools/replot_results_e20_e24.py,python tools/replot_results_e20_e24.py,present_in_reference_tree,rebuild_from_code
results-E20-E24/source_figures/E21/gamma_mixed_boundary/figures/r2_curves/e21_mixed_r2_S6-B.pdf,outputs/results-E20-E24/source_figures/E21/gamma_mixed_boundary/figures/r2_curves/e21_mixed_r2_S6-B.pdf,20330,883ff9b82cbc737cee3cc88a3b7bce6444ce42a6af0bd5c697890eb25cf15fb6,source_result_migration,tools/replot_results_e20_e24.py,python tools/replot_results_e20_e24.py,present_in_reference_tree,rebuild_from_code
results-E20-E24/source_figures/E21/gamma_mixed_boundary/figures/r2_curves/e21_mixed_r2_S6-B.png,outputs/results-E20-E24/source_figures/E21/gamma_mixed_boundary/figures/r2_curves/e21_mixed_r2_S6-B.png,183718,3b967e6bd48e8ca3021b456283814858bfa16ab7f64922c06dddfc535269f902,source_result_migration,tools/replot_results_e20_e24.py,python tools/replot_results_e20_e24.py,present_in_reference_tree,rebuild_from_code
results-E20-E24/source_figures/E21/gamma_mixed_boundary/figures/r2_curves/e21_mixed_r2_S6-C.pdf,outputs/results-E20-E24/source_figures/E21/gamma_mixed_boundary/figures/r2_curves/e21_mixed_r2_S6-C.pdf,20980,98a8180bef75df9c148ed6e155b1736c27a565f2e902bdd173d68ca2413dfee4,source_result_migration,tools/replot_results_e20_e24.py,python tools/replot_results_e20_e24.py,present_in_reference_tree,rebuild_from_code
results-E20-E24/source_figures/E21/gamma_mixed_boundary/figures/r2_curves/e21_mixed_r2_S6-C.png,outputs/results-E20-E24/source_figures/E21/gamma_mixed_boundary/figures/r2_curves/e21_mixed_r2_S6-C.png,189393,c1d3d0984e44ce0efc1b97d92ad1b16c881518dd0e620a399515946a06085b64,source_result_migration,tools/replot_results_e20_e24.py,python tools/replot_results_e20_e24.py,present_in_reference_tree,rebuild_from_code
results-E20-E24/source_figures/E21/gamma_universal_boundary/figures/e21_gamma_critical_distribution.pdf,outputs/results-E20-E24/source_figures/E21/gamma_universal_boundary/figures/e21_gamma_critical_distribution.pdf,24482,6a7e2fb79abba940549a5babc28e90d836fdf04741a57dccbbcde4b73238e76b,source_result_migration,tools/replot_results_e20_e24.py,python tools/replot_results_e20_e24.py,present_in_reference_tree,rebuild_from_code
results-E20-E24/source_figures/E21/gamma_universal_boundary/figures/e21_gamma_critical_distribution.png,outputs/results-E20-E24/source_figures/E21/gamma_universal_boundary/figures/e21_gamma_critical_distribution.png,165624,f085d1b86fa51e14732f6faa5d6a33d9b414c48dd3bec7e9721750e5013195bc,source_result_migration,tools/replot_results_e20_e24.py,python tools/replot_results_e20_e24.py,present_in_reference_tree,rebuild_from_code
results-E20-E24/source_figures/E21/gamma_universal_boundary/figures/e21_gamma_fit.pdf,outputs/results-E20-E24/source_figures/E21/gamma_universal_boundary/figures/e21_gamma_fit.pdf,31916,483dc4eb23604bfa890dfdbd8a56ef8cbc0b1de440e1d32c90f8cf97b7f42aca,source_result_migration,tools/replot_results_e20_e24.py,python tools/replot_results_e20_e24.py,present_in_reference_tree,rebuild_from_code
results-E20-E24/source_figures/E21/gamma_universal_boundary/figures/e21_gamma_fit.png,outputs/results-E20-E24/source_figures/E21/gamma_universal_boundary/figures/e21_gamma_fit.png,245889,fa3d14dab6060a7d9da8e9f3db0c5ad70e4572430e93af2d29a6c22d97cf2c58,source_result_migration,tools/replot_results_e20_e24.py,python tools/replot_results_e20_e24.py,present_in_reference_tree,rebuild_from_code
results-E20-E24/source_figures/E21/gamma_universal_boundary/figures/e21_gamma_scatter.pdf,outputs/results-E20-E24/source_figures/E21/gamma_universal_boundary/figures/e21_gamma_scatter.pdf,133091,33a69259b74b732ece16c88feef4e478030eef642104a317aa721201af991aa8,source_result_migration,tools/replot_results_e20_e24.py,python tools/replot_results_e20_e24.py,present_in_reference_tree,rebuild_from_code
results-E20-E24/source_figures/E21/gamma_universal_boundary/figures/e21_gamma_scatter.png,outputs/results-E20-E24/source_figures/E21/gamma_universal_boundary/figures/e21_gamma_scatter.png,378517,853349236a66b736fd50da6ba3f72feedee534a42787ff6349d65133f37aa7c1,source_result_migration,tools/replot_results_e20_e24.py,python tools/replot_results_e20_e24.py,present_in_reference_tree,rebuild_from_code
results-E20-E24/source_figures/E21/gamma_universal_boundary/figures/e21_gamma_universal_boundary.pdf,outputs/results-E20-E24/source_figures/E21/gamma_universal_boundary/figures/e21_gamma_universal_boundary.pdf,37144,ccb57b65cca7a5987f05c55f058791e0ee09c55b23f6c19a35115ae7f600e49c,source_result_migration,tools/replot_results_e20_e24.py,python tools/replot_results_e20_e24.py,present_in_reference_tree,rebuild_from_code
results-E20-E24/source_figures/E21/gamma_universal_boundary/figures/e21_gamma_universal_boundary.png,outputs/results-E20-E24/source_figures/E21/gamma_universal_boundary/figures/e21_gamma_universal_boundary.png,349685,547ce22720822cdf3ad759d51005b2ec1aff0d37fbcfac4a54cd2d29824f7c78,source_result_migration,tools/replot_results_e20_e24.py,python tools/replot_results_e20_e24.py,present_in_reference_tree,rebuild_from_code
results-E20-E24/source_figures/E21/mixed_scenarios/figures/e21_algorithm_heatmap_aggregate.png,outputs/results-E20-E24/source_figures/E21/mixed_scenarios/figures/e21_algorithm_heatmap_aggregate.png,445024,d2b82e50917eb9cb15d6581541aaf8c405bccf1b1aed35284caeee9f402a30c8,source_result_migration,tools/replot_results_e20_e24.py,python tools/replot_results_e20_e24.py,present_in_reference_tree,rebuild_from_code
results-E20-E24/source_figures/E21/mixed_scenarios/figures/e21_algorithm_heatmap_ieee33.png,outputs/results-E20-E24/source_figures/E21/mixed_scenarios/figures/e21_algorithm_heatmap_ieee33.png,420891,129059d087e61e2fdb633beea5c08ceddb45ba34c030dcd976ee0283524b98c9,source_result_migration,tools/replot_results_e20_e24.py,python tools/replot_results_e20_e24.py,present_in_reference_tree,rebuild_from_code
results-E20-E24/source_figures/E21/mixed_scenarios/figures/e21_algorithm_overall.png,outputs/results-E20-E24/source_figures/E21/mixed_scenarios/figures/e21_algorithm_overall.png,251340,07d3733d696cb1c1b98ea34ef7149e13b12fa6885a30935faeb53e3d62b2c516,source_result_migration,tools/replot_results_e20_e24.py,python tools/replot_results_e20_e24.py,present_in_reference_tree,rebuild_from_code
results-E20-E24/source_figures/E21/mixed_scenarios/figures/e21_eps_mix_vs_pool.png,outputs/results-E20-E24/source_figures/E21/mixed_scenarios/figures/e21_eps_mix_vs_pool.png,182473,24b38f5328102d33b037e2cc82b70b7a9368cb761f0452d8f4626aca796384f5,source_result_migration,tools/replot_results_e20_e24.py,python tools/replot_results_e20_e24.py,present_in_reference_tree,rebuild_from_code
results-E20-E24/source_figures/E21/pairwise_curtailment/figures/curtailment_opportunity_vs_reduction.pdf,outputs/results-E20-E24/source_figures/E21/pairwise_curtailment/figures/curtailment_opportunity_vs_reduction.pdf,41319,0e1ef7167f62f70d7e7dd18a4dd30c459c87fa6d9b8d421672cb9e72c5e483a1,source_result_migration,tools/replot_results_e20_e24.py,python tools/replot_results_e20_e24.py,present_in_reference_tree,rebuild_from_code
results-E20-E24/source_figures/E21/pairwise_curtailment/figures/curtailment_opportunity_vs_reduction.png,outputs/results-E20-E24/source_figures/E21/pairwise_curtailment/figures/curtailment_opportunity_vs_reduction.png,191198,0c07962b02def14cf83a87832abf504c4d4f12121fe06292150350095f4414f2,source_result_migration,tools/replot_results_e20_e24.py,python tools/replot_results_e20_e24.py,present_in_reference_tree,rebuild_from_code
results-E20-E24/source_figures/E21/pairwise_curtailment/figures/dataset_curtailment_reduction_distribution.pdf,outputs/results-E20-E24/source_figures/E21/pairwise_curtailment/figures/dataset_curtailment_reduction_distribution.pdf,28867,f4aff8d04c43239d79ef97d9ab147b2ab1740b95423b161626d7464da2b8b6dd,source_result_migration,tools/replot_results_e20_e24.py,python tools/replot_results_e20_e24.py,present_in_reference_tree,rebuild_from_code
results-E20-E24/source_figures/E21/pairwise_curtailment/figures/dataset_curtailment_reduction_distribution.png,outputs/results-E20-E24/source_figures/E21/pairwise_curtailment/figures/dataset_curtailment_reduction_distribution.png,266709,5239a0a5186b997b5354c8fbc2681322dadb9e26ceb818e2fafb22d8a3e37f34,source_result_migration,tools/replot_results_e20_e24.py,python tools/replot_results_e20_e24.py,present_in_reference_tree,rebuild_from_code
results-E20-E24/source_figures/E21/pairwise_curtailment/figures/pairwise_curtailment_before_after_ranked.pdf,outputs/results-E20-E24/source_figures/E21/pairwise_curtailment/figures/pairwise_curtailment_before_after_ranked.pdf,28282,c11dcd8a83bc4997fc4c873194f4f35dd185eb854072ad24656ac638b4c5ddcf,source_result_migration,tools/replot_results_e20_e24.py,python tools/replot_results_e20_e24.py,present_in_reference_tree,rebuild_from_code
results-E20-E24/source_figures/E21/pairwise_curtailment/figures/pairwise_curtailment_before_after_ranked.png,outputs/results-E20-E24/source_figures/E21/pairwise_curtailment/figures/pairwise_curtailment_before_after_ranked.png,536342,3816e1d5870e113d81d6596fb5dc5d9f3c211551cae9c71f50530ed8f2c80c1e,source_result_migration,tools/replot_results_e20_e24.py,python tools/replot_results_e20_e24.py,present_in_reference_tree,rebuild_from_code
results-E20-E24/source_figures/E21/pairwise_curtailment/figures/pairwise_curtailment_reduction.pdf,outputs/results-E20-E24/source_figures/E21/pairwise_curtailment/figures/pairwise_curtailment_reduction.pdf,37198,e30790f836da878a3e08fa81d9c250409a9b1723e27b62871e701579e9dd395f,source_result_migration,tools/replot_results_e20_e24.py,python tools/replot_results_e20_e24.py,present_in_reference_tree,rebuild_from_code
results-E20-E24/source_figures/E21/pairwise_curtailment/figures/pairwise_curtailment_reduction.png,outputs/results-E20-E24/source_figures/E21/pairwise_curtailment/figures/pairwise_curtailment_reduction.png,605652,aae3c66d20a5712c87fd06ac3573fa9adc1d541e09465b0be972bb62828f6c68,source_result_migration,tools/replot_results_e20_e24.py,python tools/replot_results_e20_e24.py,present_in_reference_tree,rebuild_from_code
results-E20-E24/source_figures/E21/pairwise_curtailment/figures/pairwise_curtailment_reduction_mixed_only.pdf,outputs/results-E20-E24/source_figures/E21/pairwise_curtailment/figures/pairwise_curtailment_reduction_mixed_only.pdf,37353,b036db1176e99e6e731c37fa87833cdc4c3af589827f88d73833d7532b7496c8,source_result_migration,tools/replot_results_e20_e24.py,python tools/replot_results_e20_e24.py,present_in_reference_tree,rebuild_from_code
results-E20-E24/source_figures/E21/pairwise_curtailment/figures/pairwise_curtailment_reduction_mixed_only.png,outputs/results-E20-E24/source_figures/E21/pairwise_curtailment/figures/pairwise_curtailment_reduction_mixed_only.png,599394,6b9cb0d1d9186ed56855a087c502b3d694405c13654ee4866692c0db5844e0de,source_result_migration,tools/replot_results_e20_e24.py,python tools/replot_results_e20_e24.py,present_in_reference_tree,rebuild_from_code
results-E20-E24/source_figures/E21/pairwise_r2/figures/pairwise_r2_n95_overall.pdf,outputs/results-E20-E24/source_figures/E21/pairwise_r2/figures/pairwise_r2_n95_overall.pdf,42533,7e6fe3a831e5e38cb5636f8826f141c1471e831b7d94b7a13c442a48d1ff9b39,source_result_migration,tools/replot_results_e20_e24.py,python tools/replot_results_e20_e24.py,present_in_reference_tree,rebuild_from_code
results-E20-E24/source_figures/E21/pairwise_r2/figures/pairwise_r2_n95_overall.png,outputs/results-E20-E24/source_figures/E21/pairwise_r2/figures/pairwise_r2_n95_overall.png,407331,912163bddf66758cb549236659e9922ac86d6ff2c0ad06d7d27a9da968ae905f,source_result_migration,tools/replot_results_e20_e24.py,python tools/replot_results_e20_e24.py,present_in_reference_tree,rebuild_from_code
results-E20-E24/source_figures/E21/pairwise_r2/figures/r2_curve_pages/pairwise_r2_curves_page_01.pdf,outputs/results-E20-E24/source_figures/E21/pairwise_r2/figures/r2_curve_pages/pairwise_r2_curves_page_01.pdf,34463,efcedd46231c6dabf056a7050004932b5917654d7cf43a9735551d42c5bb0936,source_result_migration,tools/replot_results_e20_e24.py,python tools/replot_results_e20_e24.py,present_in_reference_tree,rebuild_from_code
results-E20-E24/source_figures/E21/pairwise_r2/figures/r2_curve_pages/pairwise_r2_curves_page_01.png,outputs/results-E20-E24/source_figures/E21/pairwise_r2/figures/r2_curve_pages/pairwise_r2_curves_page_01.png,450326,de458f4fb015e94a01603ae475c1b812c943b3a03fabfa2132b8259d389a7443,source_result_migration,tools/replot_results_e20_e24.py,python tools/replot_results_e20_e24.py,present_in_reference_tree,rebuild_from_code
results-E20-E24/source_figures/E21/pairwise_r2/figures/r2_curve_pages/pairwise_r2_curves_page_02.pdf,outputs/results-E20-E24/source_figures/E21/pairwise_r2/figures/r2_curve_pages/pairwise_r2_curves_page_02.pdf,34459,b3cbf7e3873c27891d03b77e1573f70eb3c3af37a3da10ea4a6a43e46f16c30d,source_result_migration,tools/replot_results_e20_e24.py,python tools/replot_results_e20_e24.py,present_in_reference_tree,rebuild_from_code
results-E20-E24/source_figures/E21/pairwise_r2/figures/r2_curve_pages/pairwise_r2_curves_page_02.png,outputs/results-E20-E24/source_figures/E21/pairwise_r2/figures/r2_curve_pages/pairwise_r2_curves_page_02.png,445473,1ce016e3d22a81fd3baaa97bcee6599efbd6dc0b05ef65529bf8d0c7a02e9995,source_result_migration,tools/replot_results_e20_e24.py,python tools/replot_results_e20_e24.py,present_in_reference_tree,rebuild_from_code
results-E20-E24/source_figures/E21/pairwise_r2/figures/r2_curve_pages/pairwise_r2_curves_page_03.pdf,outputs/results-E20-E24/source_figures/E21/pairwise_r2/figures/r2_curve_pages/pairwise_r2_curves_page_03.pdf,34487,f7d7ee9e38184da653bd832f9567d73e1f672e2fb27bafba5489c4e40b1707af,source_result_migration,tools/replot_results_e20_e24.py,python tools/replot_results_e20_e24.py,present_in_reference_tree,rebuild_from_code
results-E20-E24/source_figures/E21/pairwise_r2/figures/r2_curve_pages/pairwise_r2_curves_page_03.png,outputs/results-E20-E24/source_figures/E21/pairwise_r2/figures/r2_curve_pages/pairwise_r2_curves_page_03.png,443505,79ae3094d99a347a7af2a49854dc6b553935fb8f04e46a008011f0d716bc8845,source_result_migration,tools/replot_results_e20_e24.py,python tools/replot_results_e20_e24.py,present_in_reference_tree,rebuild_from_code
results-E20-E24/source_figures/E21/pairwise_r2/figures/r2_curve_pages/pairwise_r2_curves_page_04.pdf,outputs/results-E20-E24/source_figures/E21/pairwise_r2/figures/r2_curve_pages/pairwise_r2_curves_page_04.pdf,34122,14328e7b83b3a47aff97912493bab482ffc292fc85385bc0dbec65771ffba0e8,source_result_migration,tools/replot_results_e20_e24.py,python tools/replot_results_e20_e24.py,present_in_reference_tree,rebuild_from_code
results-E20-E24/source_figures/E21/pairwise_r2/figures/r2_curve_pages/pairwise_r2_curves_page_04.png,outputs/results-E20-E24/source_figures/E21/pairwise_r2/figures/r2_curve_pages/pairwise_r2_curves_page_04.png,447194,919c556e1a10c8805464267b2cc184a1a15ab9ba0e45fa404def9c61e4c8c07b,source_result_migration,tools/replot_results_e20_e24.py,python tools/replot_results_e20_e24.py,present_in_reference_tree,rebuild_from_code
results-E20-E24/source_figures/E21/pairwise_r2/figures/r2_curve_pages/pairwise_r2_curves_page_05.pdf,outputs/results-E20-E24/source_figures/E21/pairwise_r2/figures/r2_curve_pages/pairwise_r2_curves_page_05.pdf,34094,4e87bece3e6b60de142cb5a5d31a627e5c96723f0e843d3252794c1a29829028,source_result_migration,tools/replot_results_e20_e24.py,python tools/replot_results_e20_e24.py,present_in_reference_tree,rebuild_from_code
results-E20-E24/source_figures/E21/pairwise_r2/figures/r2_curve_pages/pairwise_r2_curves_page_05.png,outputs/results-E20-E24/source_figures/E21/pairwise_r2/figures/r2_curve_pages/pairwise_r2_curves_page_05.png,441191,3bd4930bed54f28e376593aee61e97637c3ba44ecb4ae5209082406bc39757fc,source_result_migration,tools/replot_results_e20_e24.py,python tools/replot_results_e20_e24.py,present_in_reference_tree,rebuild_from_code
results-E20-E24/source_figures/E21/pairwise_r2/figures/r2_curve_pages/pairwise_r2_curves_page_06.pdf,outputs/results-E20-E24/source_figures/E21/pairwise_r2/figures/r2_curve_pages/pairwise_r2_curves_page_06.pdf,33749,59ff2a73ee1833ccaf32998eb291d4a86a751c4cd43f45a37bc02d3985152339,source_result_migration,tools/replot_results_e20_e24.py,python tools/replot_results_e20_e24.py,present_in_reference_tree,rebuild_from_code
results-E20-E24/source_figures/E21/pairwise_r2/figures/r2_curve_pages/pairwise_r2_curves_page_06.png,outputs/results-E20-E24/source_figures/E21/pairwise_r2/figures/r2_curve_pages/pairwise_r2_curves_page_06.png,455953,58b48cfd24882a02a05e2f6e60f0bbef2b5971a2b0fc458e9d01a98b16abc158,source_result_migration,tools/replot_results_e20_e24.py,python tools/replot_results_e20_e24.py,present_in_reference_tree,rebuild_from_code
results-E20-E24/source_figures/E21/pairwise_r2/figures/r2_curve_pages/pairwise_r2_curves_page_07.pdf,outputs/results-E20-E24/source_figures/E21/pairwise_r2/figures/r2_curve_pages/pairwise_r2_curves_page_07.pdf,33751,6a09283a323ee306ebad8dcd97b399dd585afd0a3442f22e917d61a9ad9df879,source_result_migration,tools/replot_results_e20_e24.py,python tools/replot_results_e20_e24.py,present_in_reference_tree,rebuild_from_code
results-E20-E24/source_figures/E21/pairwise_r2/figures/r2_curve_pages/pairwise_r2_curves_page_07.png,outputs/results-E20-E24/source_figures/E21/pairwise_r2/figures/r2_curve_pages/pairwise_r2_curves_page_07.png,453441,c2559306b8659992ed9d50cc04c08b556c69cd6572251ed83dec27ae9ce1bc8d,source_result_migration,tools/replot_results_e20_e24.py,python tools/replot_results_e20_e24.py,present_in_reference_tree,rebuild_from_code
results-E20-E24/source_figures/E21/pairwise_r2/figures/r2_curve_pages/pairwise_r2_curves_page_08.pdf,outputs/results-E20-E24/source_figures/E21/pairwise_r2/figures/r2_curve_pages/pairwise_r2_curves_page_08.pdf,33359,fbed085b52a47012ac7d491bf9b5e6ef67f1db503fe2a5f941f5dcee410c6646,source_result_migration,tools/replot_results_e20_e24.py,python tools/replot_results_e20_e24.py,present_in_reference_tree,rebuild_from_code
results-E20-E24/source_figures/E21/pairwise_r2/figures/r2_curve_pages/pairwise_r2_curves_page_08.png,outputs/results-E20-E24/source_figures/E21/pairwise_r2/figures/r2_curve_pages/pairwise_r2_curves_page_08.png,449733,e3e90fec510cc0807d50bbc6a30459b9f336a41e7731e97de0fe7873b7f10afa,source_result_migration,tools/replot_results_e20_e24.py,python tools/replot_results_e20_e24.py,present_in_reference_tree,rebuild_from_code
results-E20-E24/source_figures/E21/pairwise_r2/figures/r2_curve_pages/pairwise_r2_curves_page_09.pdf,outputs/results-E20-E24/source_figures/E21/pairwise_r2/figures/r2_curve_pages/pairwise_r2_curves_page_09.pdf,29794,ac447f63a6780289e2b7f77c187311729a9bd4289759a48d911e705b68d5f995,source_result_migration,tools/replot_results_e20_e24.py,python tools/replot_results_e20_e24.py,present_in_reference_tree,rebuild_from_code
results-E20-E24/source_figures/E21/pairwise_r2/figures/r2_curve_pages/pairwise_r2_curves_page_09.png,outputs/results-E20-E24/source_figures/E21/pairwise_r2/figures/r2_curve_pages/pairwise_r2_curves_page_09.png,373880,bdd771f07844f6556a825d6a45ebcc1f460f98de3f59b0270ac23400c5e6f804,source_result_migration,tools/replot_results_e20_e24.py,python tools/replot_results_e20_e24.py,present_in_reference_tree,rebuild_from_code
results-E20-E24/source_figures/E21/pairwise_r2/figures/r2_curves/P001_r2_curve.pdf,outputs/results-E20-E24/source_figures/E21/pairwise_r2/figures/r2_curves/P001_r2_curve.pdf,17994,f9d9e9d9229ed9106fc8e1adedeec88207e030e534498e2615ac944bf984062b,source_result_migration,tools/replot_results_e20_e24.py,python tools/replot_results_e20_e24.py,present_in_reference_tree,rebuild_from_code
results-E20-E24/source_figures/E21/pairwise_r2/figures/r2_curves/P001_r2_curve.png,outputs/results-E20-E24/source_figures/E21/pairwise_r2/figures/r2_curves/P001_r2_curve.png,110556,9f270e209e2fd7188cb7e6684f55dd814fa06f5532354fe7c4e93094963376cc,source_result_migration,tools/replot_results_e20_e24.py,python tools/replot_results_e20_e24.py,present_in_reference_tree,rebuild_from_code
results-E20-E24/source_figures/E21/pairwise_r2/figures/r2_curves/P002_r2_curve.pdf,outputs/results-E20-E24/source_figures/E21/pairwise_r2/figures/r2_curves/P002_r2_curve.pdf,18958,d17954e0fe5b5f6417bff261c06ed0e466aea09cac1aef595c3020ef116c362d,source_result_migration,tools/replot_results_e20_e24.py,python tools/replot_results_e20_e24.py,present_in_reference_tree,rebuild_from_code
results-E20-E24/source_figures/E21/pairwise_r2/figures/r2_curves/P002_r2_curve.png,outputs/results-E20-E24/source_figures/E21/pairwise_r2/figures/r2_curves/P002_r2_curve.png,110303,fdfa40de2aa3398415d4682f0fcb5d86761b1091c199dbfab20d32778fc6c553,source_result_migration,tools/replot_results_e20_e24.py,python tools/replot_results_e20_e24.py,present_in_reference_tree,rebuild_from_code
results-E20-E24/source_figures/E21/pairwise_r2/figures/r2_curves/P003_r2_curve.pdf,outputs/results-E20-E24/source_figures/E21/pairwise_r2/figures/r2_curves/P003_r2_curve.pdf,19801,f11e9b0abb7cee065225f045277b26a34c679769feebbf68d16656cbbfa4cb2e,source_result_migration,tools/replot_results_e20_e24.py,python tools/replot_results_e20_e24.py,present_in_reference_tree,rebuild_from_code
results-E20-E24/source_figures/E21/pairwise_r2/figures/r2_curves/P003_r2_curve.png,outputs/results-E20-E24/source_figures/E21/pairwise_r2/figures/r2_curves/P003_r2_curve.png,111814,539932499d3b5600f5d03d48ae5afaefba939df9de827773aeee2097b81c791e,source_result_migration,tools/replot_results_e20_e24.py,python tools/replot_results_e20_e24.py,present_in_reference_tree,rebuild_from_code
results-E20-E24/source_figures/E21/pairwise_r2/figures/r2_curves/P004_r2_curve.pdf,outputs/results-E20-E24/source_figures/E21/pairwise_r2/figures/r2_curves/P004_r2_curve.pdf,18007,c5631385b212c194e3f369924e3bae53073eac7d8fe47a9b7934af17b119840f,source_result_migration,tools/replot_results_e20_e24.py,python tools/replot_results_e20_e24.py,present_in_reference_tree,rebuild_from_code
results-E20-E24/source_figures/E21/pairwise_r2/figures/r2_curves/P004_r2_curve.png,outputs/results-E20-E24/source_figures/E21/pairwise_r2/figures/r2_curves/P004_r2_curve.png,110864,bdd5a57498efdf4301774f09a13be60de514257af39e162244d69683c9ca8a83,source_result_migration,tools/replot_results_e20_e24.py,python tools/replot_results_e20_e24.py,present_in_reference_tree,rebuild_from_code
results-E20-E24/source_figures/E21/pairwise_r2/figures/r2_curves/P005_r2_curve.pdf,outputs/results-E20-E24/source_figures/E21/pairwise_r2/figures/r2_curves/P005_r2_curve.pdf,18189,54e8b5939a73ba0dc37f6b84b6d40687b54973547bcdac80a567aaa43a2141ed,source_result_migration,tools/replot_results_e20_e24.py,python tools/replot_results_e20_e24.py,present_in_reference_tree,rebuild_from_code
results-E20-E24/source_figures/E21/pairwise_r2/figures/r2_curves/P005_r2_curve.png,outputs/results-E20-E24/source_figures/E21/pairwise_r2/figures/r2_curves/P005_r2_curve.png,112122,631c2a7c5ed40df8d2a1410860fbff8eb8250d4bb031fd70026c062de794f49c,source_result_migration,tools/replot_results_e20_e24.py,python tools/replot_results_e20_e24.py,present_in_reference_tree,rebuild_from_code
results-E20-E24/source_figures/E21/pairwise_r2/figures/r2_curves/P006_r2_curve.pdf,outputs/results-E20-E24/source_figures/E21/pairwise_r2/figures/r2_curves/P006_r2_curve.pdf,18792,50c00701c28c6b413a22ce1e6cc423482018c6f17b7ab048f150882d8b529032,source_result_migration,tools/replot_results_e20_e24.py,python tools/replot_results_e20_e24.py,present_in_reference_tree,rebuild_from_code
results-E20-E24/source_figures/E21/pairwise_r2/figures/r2_curves/P006_r2_curve.png,outputs/results-E20-E24/source_figures/E21/pairwise_r2/figures/r2_curves/P006_r2_curve.png,111413,7ed1a794e02375258e57089810a582af50abc110354b9699df4f3bc8103bae98,source_result_migration,tools/replot_results_e20_e24.py,python tools/replot_results_e20_e24.py,present_in_reference_tree,rebuild_from_code
results-E20-E24/source_figures/E21/pairwise_r2/figures/r2_curves/P007_r2_curve.pdf,outputs/results-E20-E24/source_figures/E21/pairwise_r2/figures/r2_curves/P007_r2_curve.pdf,18185,0f9f12a505b7656221bfc9578abecdc415045a15bfc740774fd4c7ba171117b2,source_result_migration,tools/replot_results_e20_e24.py,python tools/replot_results_e20_e24.py,present_in_reference_tree,rebuild_from_code
results-E20-E24/source_figures/E21/pairwise_r2/figures/r2_curves/P007_r2_curve.png,outputs/results-E20-E24/source_figures/E21/pairwise_r2/figures/r2_curves/P007_r2_curve.png,115215,223539105ac3a38a9679d707fed516e3e6e415ec99dbc34680fdce1f647c5563,source_result_migration,tools/replot_results_e20_e24.py,python tools/replot_results_e20_e24.py,present_in_reference_tree,rebuild_from_code
results-E20-E24/source_figures/E21/pairwise_r2/figures/r2_curves/P008_r2_curve.pdf,outputs/results-E20-E24/source_figures/E21/pairwise_r2/figures/r2_curves/P008_r2_curve.pdf,18889,ce42129894b3f3327e0c7271bb214716c42c20546ba68538e685d559a10fd107,source_result_migration,tools/replot_results_e20_e24.py,python tools/replot_results_e20_e24.py,present_in_reference_tree,rebuild_from_code
results-E20-E24/source_figures/E21/pairwise_r2/figures/r2_curves/P008_r2_curve.png,outputs/results-E20-E24/source_figures/E21/pairwise_r2/figures/r2_curves/P008_r2_curve.png,115942,fbf5a91d06bacc64138759ceea22f7e15ce41b0fbfce4b2e66e34bb404e11d57,source_result_migration,tools/replot_results_e20_e24.py,python tools/replot_results_e20_e24.py,present_in_reference_tree,rebuild_from_code
results-E20-E24/source_figures/E21/pairwise_r2/figures/r2_curves/P009_r2_curve.pdf,outputs/results-E20-E24/source_figures/E21/pairwise_r2/figures/r2_curves/P009_r2_curve.pdf,19710,62a969cdd321e012b027ddfdd89f41def4aa395130d7f7077988dd793bd16f1d,source_result_migration,tools/replot_results_e20_e24.py,python tools/replot_results_e20_e24.py,present_in_reference_tree,rebuild_from_code
results-E20-E24/source_figures/E21/pairwise_r2/figures/r2_curves/P009_r2_curve.png,outputs/results-E20-E24/source_figures/E21/pairwise_r2/figures/r2_curves/P009_r2_curve.png,115166,9aa231eb3c9351008d34343c68e0a40e9c02b763310220bf029d53ec4748aa18,source_result_migration,tools/replot_results_e20_e24.py,python tools/replot_results_e20_e24.py,present_in_reference_tree,rebuild_from_code
results-E20-E24/source_figures/E21/pairwise_r2/figures/r2_curves/P010_r2_curve.pdf,outputs/results-E20-E24/source_figures/E21/pairwise_r2/figures/r2_curves/P010_r2_curve.pdf,19261,687ced7a6dd7621439aa4ddea83eb3dca6bc3ef88acdfe3de50147116feab097,source_result_migration,tools/replot_results_e20_e24.py,python tools/replot_results_e20_e24.py,present_in_reference_tree,rebuild_from_code
results-E20-E24/source_figures/E21/pairwise_r2/figures/r2_curves/P010_r2_curve.png,outputs/results-E20-E24/source_figures/E21/pairwise_r2/figures/r2_curves/P010_r2_curve.png,112828,150f391e33271e60e80159fedd9c974ed54db9f746a1d3fe8979dab6fff91990,source_result_migration,tools/replot_results_e20_e24.py,python tools/replot_results_e20_e24.py,present_in_reference_tree,rebuild_from_code
results-E20-E24/source_figures/E21/pairwise_r2/figures/r2_curves/P011_r2_curve.pdf,outputs/results-E20-E24/source_figures/E21/pairwise_r2/figures/r2_curves/P011_r2_curve.pdf,18814,22880f0854b757bc59f0a628f79908fb1ec2b1032d5e9ebc3d2a1933af42065b,source_result_migration,tools/replot_results_e20_e24.py,python tools/replot_results_e20_e24.py,present_in_reference_tree,rebuild_from_code
results-E20-E24/source_figures/E21/pairwise_r2/figures/r2_curves/P011_r2_curve.png,outputs/results-E20-E24/source_figures/E21/pairwise_r2/figures/r2_curves/P011_r2_curve.png,111144,127aa7b415f623d267a0b8cbfd6d7a34aee91df0885d7727c2e3b266d252d4ed,source_result_migration,tools/replot_results_e20_e24.py,python tools/replot_results_e20_e24.py,present_in_reference_tree,rebuild_from_code
results-E20-E24/source_figures/E21/pairwise_r2/figures/r2_curves/P012_r2_curve.pdf,outputs/results-E20-E24/source_figures/E21/pairwise_r2/figures/r2_curves/P012_r2_curve.pdf,18835,6aab375d11debbf4acb91419bb26d472017b8e4e25e60d8c0f9ec4f7bb501930,source_result_migration,tools/replot_results_e20_e24.py,python tools/replot_results_e20_e24.py,present_in_reference_tree,rebuild_from_code
results-E20-E24/source_figures/E21/pairwise_r2/figures/r2_curves/P012_r2_curve.png,outputs/results-E20-E24/source_figures/E21/pairwise_r2/figures/r2_curves/P012_r2_curve.png,115497,a258c53f85a820b01e8bb3ae083d3fddf8044f78f7b0042128e627856df89021,source_result_migration,tools/replot_results_e20_e24.py,python tools/replot_results_e20_e24.py,present_in_reference_tree,rebuild_from_code
results-E20-E24/source_figures/E21/pairwise_r2/figures/r2_curves/P013_r2_curve.pdf,outputs/results-E20-E24/source_figures/E21/pairwise_r2/figures/r2_curves/P013_r2_curve.pdf,18986,d1fa3d982c2427e1724e1b8cb24b4a9f85d91e420dcbba4d5bfae5ea18de851b,source_result_migration,tools/replot_results_e20_e24.py,python tools/replot_results_e20_e24.py,present_in_reference_tree,rebuild_from_code
results-E20-E24/source_figures/E21/pairwise_r2/figures/r2_curves/P013_r2_curve.png,outputs/results-E20-E24/source_figures/E21/pairwise_r2/figures/r2_curves/P013_r2_curve.png,110657,ca4b7be8b9bdbe9fd58118f587f064550584930effba1ef866053a6a14f2b96a,source_result_migration,tools/replot_results_e20_e24.py,python tools/replot_results_e20_e24.py,present_in_reference_tree,rebuild_from_code
results-E20-E24/source_figures/E21/pairwise_r2/figures/r2_curves/P014_r2_curve.pdf,outputs/results-E20-E24/source_figures/E21/pairwise_r2/figures/r2_curves/P014_r2_curve.pdf,18956,6642cbd4be9fec71c678840c2efd7903bb390fac49a2e18af8098ce0bd2030e3,source_result_migration,tools/replot_results_e20_e24.py,python tools/replot_results_e20_e24.py,present_in_reference_tree,rebuild_from_code
results-E20-E24/source_figures/E21/pairwise_r2/figures/r2_curves/P014_r2_curve.png,outputs/results-E20-E24/source_figures/E21/pairwise_r2/figures/r2_curves/P014_r2_curve.png,112023,77da373c2c0c57b1d22567137a9a41c47f2d2ad6f3320affc59806bf25c2421f,source_result_migration,tools/replot_results_e20_e24.py,python tools/replot_results_e20_e24.py,present_in_reference_tree,rebuild_from_code
results-E20-E24/source_figures/E21/pairwise_r2/figures/r2_curves/P015_r2_curve.pdf,outputs/results-E20-E24/source_figures/E21/pairwise_r2/figures/r2_curves/P015_r2_curve.pdf,18963,ce7fd86b2564be04c278bd3569ff74d82c852a4374d997179cff64affb120ab9,source_result_migration,tools/replot_results_e20_e24.py,python tools/replot_results_e20_e24.py,present_in_reference_tree,rebuild_from_code
results-E20-E24/source_figures/E21/pairwise_r2/figures/r2_curves/P015_r2_curve.png,outputs/results-E20-E24/source_figures/E21/pairwise_r2/figures/r2_curves/P015_r2_curve.png,109178,63f4b837d9dcb5f21c95117718cc4044dc22647dd92258e3a6141ad2306dc145,source_result_migration,tools/replot_results_e20_e24.py,python tools/replot_results_e20_e24.py,present_in_reference_tree,rebuild_from_code
results-E20-E24/source_figures/E21/pairwise_r2/figures/r2_curves/P016_r2_curve.pdf,outputs/results-E20-E24/source_figures/E21/pairwise_r2/figures/r2_curves/P016_r2_curve.pdf,19359,5a648629fe1a2c282be234ab9cac0f0ccd3caa4f251ca3456daee0be0944ddbc,source_result_migration,tools/replot_results_e20_e24.py,python tools/replot_results_e20_e24.py,present_in_reference_tree,rebuild_from_code
results-E20-E24/source_figures/E21/pairwise_r2/figures/r2_curves/P016_r2_curve.png,outputs/results-E20-E24/source_figures/E21/pairwise_r2/figures/r2_curves/P016_r2_curve.png,114355,541f4481e53cdb8ae8b0bca216c0008b202dafdb75b43ee9885324acd5e980a8,source_result_migration,tools/replot_results_e20_e24.py,python tools/replot_results_e20_e24.py,present_in_reference_tree,rebuild_from_code
results-E20-E24/source_figures/E21/pairwise_r2/figures/r2_curves/P017_r2_curve.pdf,outputs/results-E20-E24/source_figures/E21/pairwise_r2/figures/r2_curves/P017_r2_curve.pdf,18182,8cf2b3cd155b5ba01c9b078ebb7489b8b75700eb683596a57f65cbd5cfbc8fe4,source_result_migration,tools/replot_results_e20_e24.py,python tools/replot_results_e20_e24.py,present_in_reference_tree,rebuild_from_code
results-E20-E24/source_figures/E21/pairwise_r2/figures/r2_curves/P017_r2_curve.png,outputs/results-E20-E24/source_figures/E21/pairwise_r2/figures/r2_curves/P017_r2_curve.png,112466,bb407f3eccf7f108b0b5ee2fb6775618a5aa1ce62b3a6c7c64574035730d8f54,source_result_migration,tools/replot_results_e20_e24.py,python tools/replot_results_e20_e24.py,present_in_reference_tree,rebuild_from_code
results-E20-E24/source_figures/E21/pairwise_r2/figures/r2_curves/P018_r2_curve.pdf,outputs/results-E20-E24/source_figures/E21/pairwise_r2/figures/r2_curves/P018_r2_curve.pdf,18196,956df5655dbfd6c7bb755cbfc17664797ce2a83ae1c7dfd2cd8f955341bde253,source_result_migration,tools/replot_results_e20_e24.py,python tools/replot_results_e20_e24.py,present_in_reference_tree,rebuild_from_code
results-E20-E24/source_figures/E21/pairwise_r2/figures/r2_curves/P018_r2_curve.png,outputs/results-E20-E24/source_figures/E21/pairwise_r2/figures/r2_curves/P018_r2_curve.png,112213,425318ab920dae1452e44125cd7a420f0b853ca025bfa5d1e1f4182c073b7e43,source_result_migration,tools/replot_results_e20_e24.py,python tools/replot_results_e20_e24.py,present_in_reference_tree,rebuild_from_code
results-E20-E24/source_figures/E21/pairwise_r2/figures/r2_curves/P019_r2_curve.pdf,outputs/results-E20-E24/source_figures/E21/pairwise_r2/figures/r2_curves/P019_r2_curve.pdf,18789,4c6e8ffc2be1609d9535540b9b57052cffcef67b3122db7b784b7f3f45375094,source_result_migration,tools/replot_results_e20_e24.py,python tools/replot_results_e20_e24.py,present_in_reference_tree,rebuild_from_code
results-E20-E24/source_figures/E21/pairwise_r2/figures/r2_curves/P019_r2_curve.png,outputs/results-E20-E24/source_figures/E21/pairwise_r2/figures/r2_curves/P019_r2_curve.png,110666,412365696acf5d456a8264e0acc8fc9a6070c12f2e749ae57c276a76f7a3d934,source_result_migration,tools/replot_results_e20_e24.py,python tools/replot_results_e20_e24.py,present_in_reference_tree,rebuild_from_code
results-E20-E24/source_figures/E21/pairwise_r2/figures/r2_curves/P020_r2_curve.pdf,outputs/results-E20-E24/source_figures/E21/pairwise_r2/figures/r2_curves/P020_r2_curve.pdf,18182,7c8e42069546c4a777ed6dddab35c360f91a697d37e056e1764c1af728a99916,source_result_migration,tools/replot_results_e20_e24.py,python tools/replot_results_e20_e24.py,present_in_reference_tree,rebuild_from_code
results-E20-E24/source_figures/E21/pairwise_r2/figures/r2_curves/P020_r2_curve.png,outputs/results-E20-E24/source_figures/E21/pairwise_r2/figures/r2_curves/P020_r2_curve.png,111719,3e3bc38b7858927cb305249c8f20a993792817592714e092da1965851e5c9a90,source_result_migration,tools/replot_results_e20_e24.py,python tools/replot_results_e20_e24.py,present_in_reference_tree,rebuild_from_code
results-E20-E24/source_figures/E21/pairwise_r2/figures/r2_curves/P021_r2_curve.pdf,outputs/results-E20-E24/source_figures/E21/pairwise_r2/figures/r2_curves/P021_r2_curve.pdf,18883,b02174786bc37c7cf88af26b6fa6a6fd69e04019946b9f27316adc2d59f1bc46,source_result_migration,tools/replot_results_e20_e24.py,python tools/replot_results_e20_e24.py,present_in_reference_tree,rebuild_from_code
results-E20-E24/source_figures/E21/pairwise_r2/figures/r2_curves/P021_r2_curve.png,outputs/results-E20-E24/source_figures/E21/pairwise_r2/figures/r2_curves/P021_r2_curve.png,110932,cacce0562b6f0afcd10a11ab45de1941637b50811bc1fc2b4f8db4b1f2f51455,source_result_migration,tools/replot_results_e20_e24.py,python tools/replot_results_e20_e24.py,present_in_reference_tree,rebuild_from_code
results-E20-E24/source_figures/E21/pairwise_r2/figures/r2_curves/P022_r2_curve.pdf,outputs/results-E20-E24/source_figures/E21/pairwise_r2/figures/r2_curves/P022_r2_curve.pdf,19255,fd1eec2270b46ab1c81732e670faf2b162d19c490623bb7a801de88e66634b12,source_result_migration,tools/replot_results_e20_e24.py,python tools/replot_results_e20_e24.py,present_in_reference_tree,rebuild_from_code
results-E20-E24/source_figures/E21/pairwise_r2/figures/r2_curves/P022_r2_curve.png,outputs/results-E20-E24/source_figures/E21/pairwise_r2/figures/r2_curves/P022_r2_curve.png,112719,7ec5b3dee8e1ada698bb7abb4539f2f0631001c132f3bf284e579f8a6c1e7a0f,source_result_migration,tools/replot_results_e20_e24.py,python tools/replot_results_e20_e24.py,present_in_reference_tree,rebuild_from_code
results-E20-E24/source_figures/E21/pairwise_r2/figures/r2_curves/P023_r2_curve.pdf,outputs/results-E20-E24/source_figures/E21/pairwise_r2/figures/r2_curves/P023_r2_curve.pdf,19261,e5c5ccedd9e810fea4cb0c594f043d97849580b86a7cc44a51c19e0ee43e24e3,source_result_migration,tools/replot_results_e20_e24.py,python tools/replot_results_e20_e24.py,present_in_reference_tree,rebuild_from_code
results-E20-E24/source_figures/E21/pairwise_r2/figures/r2_curves/P023_r2_curve.png,outputs/results-E20-E24/source_figures/E21/pairwise_r2/figures/r2_curves/P023_r2_curve.png,106798,5c80111afacc680d6155cef89c4e87cb1580d094fea3639ab0606eff78ad24ca,source_result_migration,tools/replot_results_e20_e24.py,python tools/replot_results_e20_e24.py,present_in_reference_tree,rebuild_from_code
results-E20-E24/source_figures/E21/pairwise_r2/figures/r2_curves/P024_r2_curve.pdf,outputs/results-E20-E24/source_figures/E21/pairwise_r2/figures/r2_curves/P024_r2_curve.pdf,18811,0ebbf58e397be5404e4b6082b4b6f45fe5accff926b010e85fad2ed62a9747a9,source_result_migration,tools/replot_results_e20_e24.py,python tools/replot_results_e20_e24.py,present_in_reference_tree,rebuild_from_code
results-E20-E24/source_figures/E21/pairwise_r2/figures/r2_curves/P024_r2_curve.png,outputs/results-E20-E24/source_figures/E21/pairwise_r2/figures/r2_curves/P024_r2_curve.png,111253,249b48e5ecf8d5a3adda7bff5657e30042c5d2412e4630c4b603ce93904b0e24,source_result_migration,tools/replot_results_e20_e24.py,python tools/replot_results_e20_e24.py,present_in_reference_tree,rebuild_from_code
results-E20-E24/source_figures/E21/pairwise_r2/figures/r2_curves/P025_r2_curve.pdf,outputs/results-E20-E24/source_figures/E21/pairwise_r2/figures/r2_curves/P025_r2_curve.pdf,18375,32fa4f151e9f8481f159325f81a1aa2a33169ed2ffbec61889df257646827224,source_result_migration,tools/replot_results_e20_e24.py,python tools/replot_results_e20_e24.py,present_in_reference_tree,rebuild_from_code
results-E20-E24/source_figures/E21/pairwise_r2/figures/r2_curves/P025_r2_curve.png,outputs/results-E20-E24/source_figures/E21/pairwise_r2/figures/r2_curves/P025_r2_curve.png,112927,224894d3ebcdb27c0a12f79af9ebcd918d2afc896b9e114ab8fc9d5bcb2799cf,source_result_migration,tools/replot_results_e20_e24.py,python tools/replot_results_e20_e24.py,present_in_reference_tree,rebuild_from_code
results-E20-E24/source_figures/E21/pairwise_r2/figures/r2_curves/P026_r2_curve.pdf,outputs/results-E20-E24/source_figures/E21/pairwise_r2/figures/r2_curves/P026_r2_curve.pdf,18709,83113136c292fd27e33a112023bd1d145fd35158cf138f86484d29189cf8bcbf,source_result_migration,tools/replot_results_e20_e24.py,python tools/replot_results_e20_e24.py,present_in_reference_tree,rebuild_from_code
results-E20-E24/source_figures/E21/pairwise_r2/figures/r2_curves/P026_r2_curve.png,outputs/results-E20-E24/source_figures/E21/pairwise_r2/figures/r2_curves/P026_r2_curve.png,111445,fda9faa7d58e806ce44dc95d740c1f9e9c7057c61e4d6b172b6c01de7dd87a47,source_result_migration,tools/replot_results_e20_e24.py,python tools/replot_results_e20_e24.py,present_in_reference_tree,rebuild_from_code
results-E20-E24/source_figures/E21/pairwise_r2/figures/r2_curves/P027_r2_curve.pdf,outputs/results-E20-E24/source_figures/E21/pairwise_r2/figures/r2_curves/P027_r2_curve.pdf,19405,a9bfc87e6210b1c1da7799ca73e85d7bf09d85c31d85c909a81e017aa05cd839,source_result_migration,tools/replot_results_e20_e24.py,python tools/replot_results_e20_e24.py,present_in_reference_tree,rebuild_from_code
results-E20-E24/source_figures/E21/pairwise_r2/figures/r2_curves/P027_r2_curve.png,outputs/results-E20-E24/source_figures/E21/pairwise_r2/figures/r2_curves/P027_r2_curve.png,110095,0eb6e476011c71a21c150fa12b5b408943295e6756437d84525df49b9b6cd090,source_result_migration,tools/replot_results_e20_e24.py,python tools/replot_results_e20_e24.py,present_in_reference_tree,rebuild_from_code
results-E20-E24/source_figures/E21/pairwise_r2/figures/r2_curves/P028_r2_curve.pdf,outputs/results-E20-E24/source_figures/E21/pairwise_r2/figures/r2_curves/P028_r2_curve.pdf,18986,458ee96a4f407320a5a5950d08f96e46def9dffffa2fd9eafce839cc5f47cf24,source_result_migration,tools/replot_results_e20_e24.py,python tools/replot_results_e20_e24.py,present_in_reference_tree,rebuild_from_code
results-E20-E24/source_figures/E21/pairwise_r2/figures/r2_curves/P028_r2_curve.png,outputs/results-E20-E24/source_figures/E21/pairwise_r2/figures/r2_curves/P028_r2_curve.png,104902,f6d6a174ab59f2ac8527fe9a9a06fa182ea7acbb57a7efe5d11cb09d7739f8ef,source_result_migration,tools/replot_results_e20_e24.py,python tools/replot_results_e20_e24.py,present_in_reference_tree,rebuild_from_code
results-E20-E24/source_figures/E21/pairwise_r2/figures/r2_curves/P029_r2_curve.pdf,outputs/results-E20-E24/source_figures/E21/pairwise_r2/figures/r2_curves/P029_r2_curve.pdf,17518,edb794808a373e5fd3c8a2f4e16f3389331938b1398bf370005ebc34dccded07,source_result_migration,tools/replot_results_e20_e24.py,python tools/replot_results_e20_e24.py,present_in_reference_tree,rebuild_from_code
results-E20-E24/source_figures/E21/pairwise_r2/figures/r2_curves/P029_r2_curve.png,outputs/results-E20-E24/source_figures/E21/pairwise_r2/figures/r2_curves/P029_r2_curve.png,110575,04a82e4c982b35fab3ec70c1c76f004d4466f26b8ec62505cc88425be389c670,source_result_migration,tools/replot_results_e20_e24.py,python tools/replot_results_e20_e24.py,present_in_reference_tree,rebuild_from_code
results-E20-E24/source_figures/E21/pairwise_r2/figures/r2_curves/P030_r2_curve.pdf,outputs/results-E20-E24/source_figures/E21/pairwise_r2/figures/r2_curves/P030_r2_curve.pdf,18702,65244550763e5dec49c27eb3cbc72c17f8a00932c1182dfbb0bc17e3170c15b9,source_result_migration,tools/replot_results_e20_e24.py,python tools/replot_results_e20_e24.py,present_in_reference_tree,rebuild_from_code
results-E20-E24/source_figures/E21/pairwise_r2/figures/r2_curves/P030_r2_curve.png,outputs/results-E20-E24/source_figures/E21/pairwise_r2/figures/r2_curves/P030_r2_curve.png,116086,0a9a805732fec99f0aa85210af8645af8ff3eb261e46a14ced2f74dd05cea1d8,source_result_migration,tools/replot_results_e20_e24.py,python tools/replot_results_e20_e24.py,present_in_reference_tree,rebuild_from_code
results-E20-E24/source_figures/E21/pairwise_r2/figures/r2_curves/P031_r2_curve.pdf,outputs/results-E20-E24/source_figures/E21/pairwise_r2/figures/r2_curves/P031_r2_curve.pdf,18953,d30488cb80e1c2612315d120331ba2fab47449e8383876f3928cd2340095f2d9,source_result_migration,tools/replot_results_e20_e24.py,python tools/replot_results_e20_e24.py,present_in_reference_tree,rebuild_from_code
results-E20-E24/source_figures/E21/pairwise_r2/figures/r2_curves/P031_r2_curve.png,outputs/results-E20-E24/source_figures/E21/pairwise_r2/figures/r2_curves/P031_r2_curve.png,111169,9a1aa3dfe9ae615d5fa2ba05cc2c8f537665e8320f5bcece0df6f7879f423b67,source_result_migration,tools/replot_results_e20_e24.py,python tools/replot_results_e20_e24.py,present_in_reference_tree,rebuild_from_code
results-E20-E24/source_figures/E21/pairwise_r2/figures/r2_curves/P032_r2_curve.pdf,outputs/results-E20-E24/source_figures/E21/pairwise_r2/figures/r2_curves/P032_r2_curve.pdf,18237,bc0aa52edd005ff50cf5101b9b8966db901584c64c518547b941104538763665,source_result_migration,tools/replot_results_e20_e24.py,python tools/replot_results_e20_e24.py,present_in_reference_tree,rebuild_from_code
results-E20-E24/source_figures/E21/pairwise_r2/figures/r2_curves/P032_r2_curve.png,outputs/results-E20-E24/source_figures/E21/pairwise_r2/figures/r2_curves/P032_r2_curve.png,114335,3b90e9543789203f24ba07b76b79538038ec91ef393121088956b7aa31ae985b,source_result_migration,tools/replot_results_e20_e24.py,python tools/replot_results_e20_e24.py,present_in_reference_tree,rebuild_from_code
results-E20-E24/source_figures/E21/pairwise_r2/figures/r2_curves/P033_r2_curve.pdf,outputs/results-E20-E24/source_figures/E21/pairwise_r2/figures/r2_curves/P033_r2_curve.pdf,18863,7fe5e49dc9395b420f3541a8e75619ec9570a0143b26762c4336bffdf1dc4f4d,source_result_migration,tools/replot_results_e20_e24.py,python tools/replot_results_e20_e24.py,present_in_reference_tree,rebuild_from_code
results-E20-E24/source_figures/E21/pairwise_r2/figures/r2_curves/P033_r2_curve.png,outputs/results-E20-E24/source_figures/E21/pairwise_r2/figures/r2_curves/P033_r2_curve.png,107909,d444f123a1576adb6823208288b8b001ece36d011bd3d5aa503aa4adc6ba0184,source_result_migration,tools/replot_results_e20_e24.py,python tools/replot_results_e20_e24.py,present_in_reference_tree,rebuild_from_code
results-E20-E24/source_figures/E21/pairwise_r2/figures/r2_curves/P034_r2_curve.pdf,outputs/results-E20-E24/source_figures/E21/pairwise_r2/figures/r2_curves/P034_r2_curve.pdf,19222,599dbe21f2b5c374d6a02434b997622ab795dbd61d81f5d8f748751acecd23c4,source_result_migration,tools/replot_results_e20_e24.py,python tools/replot_results_e20_e24.py,present_in_reference_tree,rebuild_from_code
results-E20-E24/source_figures/E21/pairwise_r2/figures/r2_curves/P034_r2_curve.png,outputs/results-E20-E24/source_figures/E21/pairwise_r2/figures/r2_curves/P034_r2_curve.png,110065,a125091fcefc6771dd3f4e9bacd45618384e9d3dc4928db1f0804054bd5d6587,source_result_migration,tools/replot_results_e20_e24.py,python tools/replot_results_e20_e24.py,present_in_reference_tree,rebuild_from_code
results-E20-E24/source_figures/E21/pairwise_r2/figures/r2_curves/P035_r2_curve.pdf,outputs/results-E20-E24/source_figures/E21/pairwise_r2/figures/r2_curves/P035_r2_curve.pdf,18776,58c0836fe1bb565f1f6fbff4a6683b5958bb249668f53fa21b55340b30d331d5,source_result_migration,tools/replot_results_e20_e24.py,python tools/replot_results_e20_e24.py,present_in_reference_tree,rebuild_from_code
results-E20-E24/source_figures/E21/pairwise_r2/figures/r2_curves/P035_r2_curve.png,outputs/results-E20-E24/source_figures/E21/pairwise_r2/figures/r2_curves/P035_r2_curve.png,111801,8bef2b0091a151aabafc60883d8f45d136dd6407eefb48ed8015d4be3e37b29e,source_result_migration,tools/replot_results_e20_e24.py,python tools/replot_results_e20_e24.py,present_in_reference_tree,rebuild_from_code
results-E20-E24/source_figures/E21/pairwise_r2/figures/r2_curves/P036_r2_curve.pdf,outputs/results-E20-E24/source_figures/E21/pairwise_r2/figures/r2_curves/P036_r2_curve.pdf,18767,bca2706608b856e22969c855fe4ab3d073ca98293e942ebcd1f03584e182c8fc,source_result_migration,tools/replot_results_e20_e24.py,python tools/replot_results_e20_e24.py,present_in_reference_tree,rebuild_from_code
results-E20-E24/source_figures/E21/pairwise_r2/figures/r2_curves/P036_r2_curve.png,outputs/results-E20-E24/source_figures/E21/pairwise_r2/figures/r2_curves/P036_r2_curve.png,109902,44ac915d86bfdfdc6109d56f20b5fc56f92d0c7a10900f32795fb6790a3c4015,source_result_migration,tools/replot_results_e20_e24.py,python tools/replot_results_e20_e24.py,present_in_reference_tree,rebuild_from_code
results-E20-E24/source_figures/E21/pairwise_r2/figures/r2_curves/P037_r2_curve.pdf,outputs/results-E20-E24/source_figures/E21/pairwise_r2/figures/r2_curves/P037_r2_curve.pdf,18529,b784b39eeafa9d51a9a8990a572e9a6bd22e6d68c9ae73fa4e3311c356cb418f,source_result_migration,tools/replot_results_e20_e24.py,python tools/replot_results_e20_e24.py,present_in_reference_tree,rebuild_from_code
results-E20-E24/source_figures/E21/pairwise_r2/figures/r2_curves/P037_r2_curve.png,outputs/results-E20-E24/source_figures/E21/pairwise_r2/figures/r2_curves/P037_r2_curve.png,110728,0c3c7d5cdfc7ef69576c33e7b56d89ee869f4cb2d29606cb77686b8a33bd4e48,source_result_migration,tools/replot_results_e20_e24.py,python tools/replot_results_e20_e24.py,present_in_reference_tree,rebuild_from_code
results-E20-E24/source_figures/E21/pairwise_r2/figures/r2_curves/P038_r2_curve.pdf,outputs/results-E20-E24/source_figures/E21/pairwise_r2/figures/r2_curves/P038_r2_curve.pdf,18149,a46b16700fbee1db79e3a6c7763e709c103e6c1015e877c2ee0926cbe90ce2f8,source_result_migration,tools/replot_results_e20_e24.py,python tools/replot_results_e20_e24.py,present_in_reference_tree,rebuild_from_code
results-E20-E24/source_figures/E21/pairwise_r2/figures/r2_curves/P038_r2_curve.png,outputs/results-E20-E24/source_figures/E21/pairwise_r2/figures/r2_curves/P038_r2_curve.png,109226,aadfeb4ccfa003a02843a80c4d049cd669ce2b1a5cd499d54e1c5bdc892fb287,source_result_migration,tools/replot_results_e20_e24.py,python tools/replot_results_e20_e24.py,present_in_reference_tree,rebuild_from_code
results-E20-E24/source_figures/E21/pairwise_r2/figures/r2_curves/P039_r2_curve.pdf,outputs/results-E20-E24/source_figures/E21/pairwise_r2/figures/r2_curves/P039_r2_curve.pdf,19185,c0f0e20cee72832cbc5b49df0c318bae11a1c8522759fc3946270b1cb99bfbd8,source_result_migration,tools/replot_results_e20_e24.py,python tools/replot_results_e20_e24.py,present_in_reference_tree,rebuild_from_code
results-E20-E24/source_figures/E21/pairwise_r2/figures/r2_curves/P039_r2_curve.png,outputs/results-E20-E24/source_figures/E21/pairwise_r2/figures/r2_curves/P039_r2_curve.png,109837,4e52bf56c4f891d683a590e4eb75b096af032aeb31e542f890d870727b493665,source_result_migration,tools/replot_results_e20_e24.py,python tools/replot_results_e20_e24.py,present_in_reference_tree,rebuild_from_code
results-E20-E24/source_figures/E21/pairwise_r2/figures/r2_curves/P040_r2_curve.pdf,outputs/results-E20-E24/source_figures/E21/pairwise_r2/figures/r2_curves/P040_r2_curve.pdf,18363,a2f535a70dcd4ab4b4f088dad79af9775c540e81a317a10e418f6e7d027b0cfd,source_result_migration,tools/replot_results_e20_e24.py,python tools/replot_results_e20_e24.py,present_in_reference_tree,rebuild_from_code
results-E20-E24/source_figures/E21/pairwise_r2/figures/r2_curves/P040_r2_curve.png,outputs/results-E20-E24/source_figures/E21/pairwise_r2/figures/r2_curves/P040_r2_curve.png,112599,1bf8e46d83283652be8ef2b3ef2899b780ffc4ad62061061a3d9a016f655d729,source_result_migration,tools/replot_results_e20_e24.py,python tools/replot_results_e20_e24.py,present_in_reference_tree,rebuild_from_code
results-E20-E24/source_figures/E21/pairwise_r2/figures/r2_curves/P041_r2_curve.pdf,outputs/results-E20-E24/source_figures/E21/pairwise_r2/figures/r2_curves/P041_r2_curve.pdf,19368,1a268fe4477a6fc59b772a8029cafdaf6700c81d28a3306142d43280b169411c,source_result_migration,tools/replot_results_e20_e24.py,python tools/replot_results_e20_e24.py,present_in_reference_tree,rebuild_from_code
results-E20-E24/source_figures/E21/pairwise_r2/figures/r2_curves/P041_r2_curve.png,outputs/results-E20-E24/source_figures/E21/pairwise_r2/figures/r2_curves/P041_r2_curve.png,116024,c3976d9ca3f43360a3c1e552132f5890f4657c32b6b5359df0ee4b25f4e0700b,source_result_migration,tools/replot_results_e20_e24.py,python tools/replot_results_e20_e24.py,present_in_reference_tree,rebuild_from_code
results-E20-E24/source_figures/E21/pairwise_r2/figures/r2_curves/P042_r2_curve.pdf,outputs/results-E20-E24/source_figures/E21/pairwise_r2/figures/r2_curves/P042_r2_curve.pdf,18715,a91733c3a0e2ad2b1e0910d3b8255c827a71b729ae86e871747f59f26974d5df,source_result_migration,tools/replot_results_e20_e24.py,python tools/replot_results_e20_e24.py,present_in_reference_tree,rebuild_from_code
results-E20-E24/source_figures/E21/pairwise_r2/figures/r2_curves/P042_r2_curve.png,outputs/results-E20-E24/source_figures/E21/pairwise_r2/figures/r2_curves/P042_r2_curve.png,110747,871b9c2396cf02dd69030c795b986b608a757b06b45341e565c86ae8cc19a21f,source_result_migration,tools/replot_results_e20_e24.py,python tools/replot_results_e20_e24.py,present_in_reference_tree,rebuild_from_code
results-E20-E24/source_figures/E21/pairwise_r2/figures/r2_curves/P043_r2_curve.pdf,outputs/results-E20-E24/source_figures/E21/pairwise_r2/figures/r2_curves/P043_r2_curve.pdf,19252,7254de7a0091a470860846e3b049f6b980d5d72c94e1fa6a65836298fe65abe2,source_result_migration,tools/replot_results_e20_e24.py,python tools/replot_results_e20_e24.py,present_in_reference_tree,rebuild_from_code
results-E20-E24/source_figures/E21/pairwise_r2/figures/r2_curves/P043_r2_curve.png,outputs/results-E20-E24/source_figures/E21/pairwise_r2/figures/r2_curves/P043_r2_curve.png,111343,1af0b3cca5838ba8fd18467533f041e5aa43054d8cb0cc41be8069e4c6033238,source_result_migration,tools/replot_results_e20_e24.py,python tools/replot_results_e20_e24.py,present_in_reference_tree,rebuild_from_code
results-E20-E24/source_figures/E21/pairwise_r2/figures/r2_curves/P044_r2_curve.pdf,outputs/results-E20-E24/source_figures/E21/pairwise_r2/figures/r2_curves/P044_r2_curve.pdf,19239,138f51dd7f4e7d8941c5c4ae615a2501704c95f167a8a72c46d7720dba41ea09,source_result_migration,tools/replot_results_e20_e24.py,python tools/replot_results_e20_e24.py,present_in_reference_tree,rebuild_from_code
results-E20-E24/source_figures/E21/pairwise_r2/figures/r2_curves/P044_r2_curve.png,outputs/results-E20-E24/source_figures/E21/pairwise_r2/figures/r2_curves/P044_r2_curve.png,111822,937b9183bd9c750f90270bfaa58348c6a2ff462e06f14b7af207efd3cbac877e,source_result_migration,tools/replot_results_e20_e24.py,python tools/replot_results_e20_e24.py,present_in_reference_tree,rebuild_from_code
results-E20-E24/source_figures/E21/pairwise_r2/figures/r2_curves/P045_r2_curve.pdf,outputs/results-E20-E24/source_figures/E21/pairwise_r2/figures/r2_curves/P045_r2_curve.pdf,19610,221a8790416cd3c94a3d87b972e3138f295140619500da95700cabf926f88ada,source_result_migration,tools/replot_results_e20_e24.py,python tools/replot_results_e20_e24.py,present_in_reference_tree,rebuild_from_code
results-E20-E24/source_figures/E21/pairwise_r2/figures/r2_curves/P045_r2_curve.png,outputs/results-E20-E24/source_figures/E21/pairwise_r2/figures/r2_curves/P045_r2_curve.png,114761,4dcd53bf00f92bfec660a02c0ff4635693e6b02d655356bb48b0dcfd06fdb23e,source_result_migration,tools/replot_results_e20_e24.py,python tools/replot_results_e20_e24.py,present_in_reference_tree,rebuild_from_code
results-E20-E24/source_figures/E21/pairwise_r2/figures/r2_curves/P046_r2_curve.pdf,outputs/results-E20-E24/source_figures/E21/pairwise_r2/figures/r2_curves/P046_r2_curve.pdf,19624,60f3f7bd7bdf1c402a06a5f7749a0dd1d89a60f8b9bec658428cb861c605018a,source_result_migration,tools/replot_results_e20_e24.py,python tools/replot_results_e20_e24.py,present_in_reference_tree,rebuild_from_code
results-E20-E24/source_figures/E21/pairwise_r2/figures/r2_curves/P046_r2_curve.png,outputs/results-E20-E24/source_figures/E21/pairwise_r2/figures/r2_curves/P046_r2_curve.png,113606,6d8fff5ea8d76c7e0e2ee41057eb9a7688f28860eed43614f02fc358289a3dd2,source_result_migration,tools/replot_results_e20_e24.py,python tools/replot_results_e20_e24.py,present_in_reference_tree,rebuild_from_code
results-E20-E24/source_figures/E21/pairwise_r2/figures/r2_curves/P047_r2_curve.pdf,outputs/results-E20-E24/source_figures/E21/pairwise_r2/figures/r2_curves/P047_r2_curve.pdf,19358,fd63a0346a514bcbb7b2dfa323df716e7be43bde9a2286bd34596bd8b027618a,source_result_migration,tools/replot_results_e20_e24.py,python tools/replot_results_e20_e24.py,present_in_reference_tree,rebuild_from_code
results-E20-E24/source_figures/E21/pairwise_r2/figures/r2_curves/P047_r2_curve.png,outputs/results-E20-E24/source_figures/E21/pairwise_r2/figures/r2_curves/P047_r2_curve.png,106680,6922a44f9cefa3942e9f5f2ecddc7b7fbc4f1e5c738a779b05cf4877d5f40272,source_result_migration,tools/replot_results_e20_e24.py,python tools/replot_results_e20_e24.py,present_in_reference_tree,rebuild_from_code
results-E20-E24/source_figures/E21/pairwise_r2/figures/r2_curves/P048_r2_curve.pdf,outputs/results-E20-E24/source_figures/E21/pairwise_r2/figures/r2_curves/P048_r2_curve.pdf,18738,e4c2525ab26b4519771185a7d426a6a217a11d95db613366f6e96daf5e7b9b8f,source_result_migration,tools/replot_results_e20_e24.py,python tools/replot_results_e20_e24.py,present_in_reference_tree,rebuild_from_code
results-E20-E24/source_figures/E21/pairwise_r2/figures/r2_curves/P048_r2_curve.png,outputs/results-E20-E24/source_figures/E21/pairwise_r2/figures/r2_curves/P048_r2_curve.png,115636,9a50d391bde23fbec464571307ec4c1ac0c0f1130601fc4a30a863728729aa55,source_result_migration,tools/replot_results_e20_e24.py,python tools/replot_results_e20_e24.py,present_in_reference_tree,rebuild_from_code
results-E20-E24/source_figures/E21/pairwise_r2/figures/r2_curves/P049_r2_curve.pdf,outputs/results-E20-E24/source_figures/E21/pairwise_r2/figures/r2_curves/P049_r2_curve.pdf,18547,6b6934657bfce670706a1c66c3513e9a7c41807e1fedfcbb036a4a82a95bac35,source_result_migration,tools/replot_results_e20_e24.py,python tools/replot_results_e20_e24.py,present_in_reference_tree,rebuild_from_code
results-E20-E24/source_figures/E21/pairwise_r2/figures/r2_curves/P049_r2_curve.png,outputs/results-E20-E24/source_figures/E21/pairwise_r2/figures/r2_curves/P049_r2_curve.png,112829,d2d0a0a4511aed99c9b6fdfe82fc6597791dd057d8353a6ee6d41db99c66540a,source_result_migration,tools/replot_results_e20_e24.py,python tools/replot_results_e20_e24.py,present_in_reference_tree,rebuild_from_code
results-E20-E24/source_figures/E21/pairwise_r2/figures/r2_curves/P050_r2_curve.pdf,outputs/results-E20-E24/source_figures/E21/pairwise_r2/figures/r2_curves/P050_r2_curve.pdf,18957,2d189a77bfddf557cf96063c2b8e736a891d709d4017450b245695d947cc30a4,source_result_migration,tools/replot_results_e20_e24.py,python tools/replot_results_e20_e24.py,present_in_reference_tree,rebuild_from_code
results-E20-E24/source_figures/E21/pairwise_r2/figures/r2_curves/P050_r2_curve.png,outputs/results-E20-E24/source_figures/E21/pairwise_r2/figures/r2_curves/P050_r2_curve.png,112092,50afd01bcc2b888475f28b75d3a4c94e8ea3eaae5150c1f66e7cc1f049c7fd3a,source_result_migration,tools/replot_results_e20_e24.py,python tools/replot_results_e20_e24.py,present_in_reference_tree,rebuild_from_code
results-E20-E24/source_figures/E21/pairwise_r2/figures/r2_curves/P051_r2_curve.pdf,outputs/results-E20-E24/source_figures/E21/pairwise_r2/figures/r2_curves/P051_r2_curve.pdf,17549,2dbc5bc7e063aba4e9f71194d30c08ac9d67213fc080a32a7bd4b3a91567c494,source_result_migration,tools/replot_results_e20_e24.py,python tools/replot_results_e20_e24.py,present_in_reference_tree,rebuild_from_code
results-E20-E24/source_figures/E21/pairwise_r2/figures/r2_curves/P051_r2_curve.png,outputs/results-E20-E24/source_figures/E21/pairwise_r2/figures/r2_curves/P051_r2_curve.png,108416,0b6ece16cb5a2554cc1e5fee6b0574efb4b1c959ea8384ac77db48fffced157e,source_result_migration,tools/replot_results_e20_e24.py,python tools/replot_results_e20_e24.py,present_in_reference_tree,rebuild_from_code
results-E20-E24/source_figures/E21/pairwise_r2/figures/r2_curves/P052_r2_curve.pdf,outputs/results-E20-E24/source_figures/E21/pairwise_r2/figures/r2_curves/P052_r2_curve.pdf,18149,a1a5a1ec4e53be1cb4d6e5e96e17099837aa889c797f2e5192d76cda3aae01c2,source_result_migration,tools/replot_results_e20_e24.py,python tools/replot_results_e20_e24.py,present_in_reference_tree,rebuild_from_code
results-E20-E24/source_figures/E21/pairwise_r2/figures/r2_curves/P052_r2_curve.png,outputs/results-E20-E24/source_figures/E21/pairwise_r2/figures/r2_curves/P052_r2_curve.png,112357,6cf576bcdb321bf3effb701aa7d1b9c92b06796a159819be28d30dfd6211a07b,source_result_migration,tools/replot_results_e20_e24.py,python tools/replot_results_e20_e24.py,present_in_reference_tree,rebuild_from_code
results-E20-E24/source_figures/E21/pairwise_r2/figures/r2_curves/P053_r2_curve.pdf,outputs/results-E20-E24/source_figures/E21/pairwise_r2/figures/r2_curves/P053_r2_curve.pdf,17724,ea35beda7ce046683d02e5506bf9e8efa7a6206bcf582ced0a1300d94b482506,source_result_migration,tools/replot_results_e20_e24.py,python tools/replot_results_e20_e24.py,present_in_reference_tree,rebuild_from_code
results-E20-E24/source_figures/E21/pairwise_r2/figures/r2_curves/P053_r2_curve.png,outputs/results-E20-E24/source_figures/E21/pairwise_r2/figures/r2_curves/P053_r2_curve.png,110176,6386fdd6fb2c8dc47e81afa4abd6e41d027ecf1cf618fccc5ea68a9d6855ad34,source_result_migration,tools/replot_results_e20_e24.py,python tools/replot_results_e20_e24.py,present_in_reference_tree,rebuild_from_code
results-E20-E24/source_figures/E21/pairwise_r2/figures/r2_curves/P054_r2_curve.pdf,outputs/results-E20-E24/source_figures/E21/pairwise_r2/figures/r2_curves/P054_r2_curve.pdf,18336,e78d819132e8b066c4f06e1937b2332bf26c29ccf8d79662326eee71fd2489ec,source_result_migration,tools/replot_results_e20_e24.py,python tools/replot_results_e20_e24.py,present_in_reference_tree,rebuild_from_code
results-E20-E24/source_figures/E21/pairwise_r2/figures/r2_curves/P054_r2_curve.png,outputs/results-E20-E24/source_figures/E21/pairwise_r2/figures/r2_curves/P054_r2_curve.png,110597,ec8d72e0b0d38f886005e48103d96e9d664fdbc29ecda1042c10431fa39dfdd7,source_result_migration,tools/replot_results_e20_e24.py,python tools/replot_results_e20_e24.py,present_in_reference_tree,rebuild_from_code
results-E20-E24/source_figures/E21/pairwise_r2/figures/r2_curves/P055_r2_curve.pdf,outputs/results-E20-E24/source_figures/E21/pairwise_r2/figures/r2_curves/P055_r2_curve.pdf,18261,6b39514de3f156a667296f8c5073cec4fe5a01962b7ab249fd63cc89c8923abd,source_result_migration,tools/replot_results_e20_e24.py,python tools/replot_results_e20_e24.py,present_in_reference_tree,rebuild_from_code
results-E20-E24/source_figures/E21/pairwise_r2/figures/r2_curves/P055_r2_curve.png,outputs/results-E20-E24/source_figures/E21/pairwise_r2/figures/r2_curves/P055_r2_curve.png,112729,7a7101d5166d843ec8453511074a156e759c7c7b3db4c66ff60b7f3d0923155a,source_result_migration,tools/replot_results_e20_e24.py,python tools/replot_results_e20_e24.py,present_in_reference_tree,rebuild_from_code
results-E20-E24/source_figures/E21/pairwise_r2/figures/r2_curves/P056_r2_curve.pdf,outputs/results-E20-E24/source_figures/E21/pairwise_r2/figures/r2_curves/P056_r2_curve.pdf,18457,b41e8f5d20b662085446e686901728da03381a88c920a70d0261749812e6316a,source_result_migration,tools/replot_results_e20_e24.py,python tools/replot_results_e20_e24.py,present_in_reference_tree,rebuild_from_code
results-E20-E24/source_figures/E21/pairwise_r2/figures/r2_curves/P056_r2_curve.png,outputs/results-E20-E24/source_figures/E21/pairwise_r2/figures/r2_curves/P056_r2_curve.png,107534,f9f4e4c7fc5d87da27bdd23596c8663c9e7a8203cda074f90ab628dab93172bb,source_result_migration,tools/replot_results_e20_e24.py,python tools/replot_results_e20_e24.py,present_in_reference_tree,rebuild_from_code
results-E20-E24/source_figures/E21/pairwise_r2/figures/r2_curves/P057_r2_curve.pdf,outputs/results-E20-E24/source_figures/E21/pairwise_r2/figures/r2_curves/P057_r2_curve.pdf,17993,c2d0208f437cc0175bf75048f954d71faecffa8cbffe7c6acf4974ab4e3d1cda,source_result_migration,tools/replot_results_e20_e24.py,python tools/replot_results_e20_e24.py,present_in_reference_tree,rebuild_from_code
results-E20-E24/source_figures/E21/pairwise_r2/figures/r2_curves/P057_r2_curve.png,outputs/results-E20-E24/source_figures/E21/pairwise_r2/figures/r2_curves/P057_r2_curve.png,109460,c2a5ae1ec9fae6ca6b03e723debbce630cb38e50e9e5ad8914bfe40e3e99585a,source_result_migration,tools/replot_results_e20_e24.py,python tools/replot_results_e20_e24.py,present_in_reference_tree,rebuild_from_code
results-E20-E24/source_figures/E21/pairwise_r2/figures/r2_curves/P058_r2_curve.pdf,outputs/results-E20-E24/source_figures/E21/pairwise_r2/figures/r2_curves/P058_r2_curve.pdf,17565,fe95431c431e125459df6626304804969e14af5b0854110d2799b4975e9753cc,source_result_migration,tools/replot_results_e20_e24.py,python tools/replot_results_e20_e24.py,present_in_reference_tree,rebuild_from_code
results-E20-E24/source_figures/E21/pairwise_r2/figures/r2_curves/P058_r2_curve.png,outputs/results-E20-E24/source_figures/E21/pairwise_r2/figures/r2_curves/P058_r2_curve.png,110593,1fb0ade850b6fb2b28bb3f9f4ee2787e837724f2bab88f889802bb44d851f23d,source_result_migration,tools/replot_results_e20_e24.py,python tools/replot_results_e20_e24.py,present_in_reference_tree,rebuild_from_code
results-E20-E24/source_figures/E21/pairwise_r2/figures/r2_curves/P059_r2_curve.pdf,outputs/results-E20-E24/source_figures/E21/pairwise_r2/figures/r2_curves/P059_r2_curve.pdf,17976,333fe666fbb215526962e0780dc2807ec9f663cf5d399813dc16018140cc9c39,source_result_migration,tools/replot_results_e20_e24.py,python tools/replot_results_e20_e24.py,present_in_reference_tree,rebuild_from_code
results-E20-E24/source_figures/E21/pairwise_r2/figures/r2_curves/P059_r2_curve.png,outputs/results-E20-E24/source_figures/E21/pairwise_r2/figures/r2_curves/P059_r2_curve.png,110669,068888ddfc3723bd44160626d01506184b66543885e98e80fa1454c17614da3c,source_result_migration,tools/replot_results_e20_e24.py,python tools/replot_results_e20_e24.py,present_in_reference_tree,rebuild_from_code
results-E20-E24/source_figures/E21/pairwise_r2/figures/r2_curves/P060_r2_curve.pdf,outputs/results-E20-E24/source_figures/E21/pairwise_r2/figures/r2_curves/P060_r2_curve.pdf,18226,b1e28c224a73a6558f69cc68c9887ef616dc520df8e6d0ed73dfd77c9d38ee31,source_result_migration,tools/replot_results_e20_e24.py,python tools/replot_results_e20_e24.py,present_in_reference_tree,rebuild_from_code
results-E20-E24/source_figures/E21/pairwise_r2/figures/r2_curves/P060_r2_curve.png,outputs/results-E20-E24/source_figures/E21/pairwise_r2/figures/r2_curves/P060_r2_curve.png,108518,866a4128334909a6b5c55002617389721de300b139f1be700156d961b0e58b79,source_result_migration,tools/replot_results_e20_e24.py,python tools/replot_results_e20_e24.py,present_in_reference_tree,rebuild_from_code
results-E20-E24/source_figures/E21/pairwise_r2/figures/r2_curves/P061_r2_curve.pdf,outputs/results-E20-E24/source_figures/E21/pairwise_r2/figures/r2_curves/P061_r2_curve.pdf,18794,e57e99e8694adb7864573b35df0340efb5102f25ec75ac21e76f311f76ec876c,source_result_migration,tools/replot_results_e20_e24.py,python tools/replot_results_e20_e24.py,present_in_reference_tree,rebuild_from_code
results-E20-E24/source_figures/E21/pairwise_r2/figures/r2_curves/P061_r2_curve.png,outputs/results-E20-E24/source_figures/E21/pairwise_r2/figures/r2_curves/P061_r2_curve.png,111405,c61b21918c838bced08d00b65aa8cbd11d0a2222d8d4a9cb926b0456ed04e390,source_result_migration,tools/replot_results_e20_e24.py,python tools/replot_results_e20_e24.py,present_in_reference_tree,rebuild_from_code
results-E20-E24/source_figures/E21/pairwise_r2/figures/r2_curves/P062_r2_curve.pdf,outputs/results-E20-E24/source_figures/E21/pairwise_r2/figures/r2_curves/P062_r2_curve.pdf,17824,c8e2317819de00255a9f5ef1bdb398fe4b4d649c94696de131959f041f49f56a,source_result_migration,tools/replot_results_e20_e24.py,python tools/replot_results_e20_e24.py,present_in_reference_tree,rebuild_from_code
results-E20-E24/source_figures/E21/pairwise_r2/figures/r2_curves/P062_r2_curve.png,outputs/results-E20-E24/source_figures/E21/pairwise_r2/figures/r2_curves/P062_r2_curve.png,113597,2dfc1bbf1011bccee6feb93135499edffe91bf7eb67cdf6cfacade7cc58d2423,source_result_migration,tools/replot_results_e20_e24.py,python tools/replot_results_e20_e24.py,present_in_reference_tree,rebuild_from_code
results-E20-E24/source_figures/E21/pairwise_r2/figures/r2_curves/P063_r2_curve.pdf,outputs/results-E20-E24/source_figures/E21/pairwise_r2/figures/r2_curves/P063_r2_curve.pdf,18708,bceac215d0d47d2cf6229a0088c257cc1a3f2afe31bfb95df01527a9a5b08abd,source_result_migration,tools/replot_results_e20_e24.py,python tools/replot_results_e20_e24.py,present_in_reference_tree,rebuild_from_code
results-E20-E24/source_figures/E21/pairwise_r2/figures/r2_curves/P063_r2_curve.png,outputs/results-E20-E24/source_figures/E21/pairwise_r2/figures/r2_curves/P063_r2_curve.png,111737,684364c86a19450947214303b34c0510b3d7af51174720939baafb36427bc214,source_result_migration,tools/replot_results_e20_e24.py,python tools/replot_results_e20_e24.py,present_in_reference_tree,rebuild_from_code
results-E20-E24/source_figures/E21/pairwise_r2/figures/r2_curves/P064_r2_curve.pdf,outputs/results-E20-E24/source_figures/E21/pairwise_r2/figures/r2_curves/P064_r2_curve.pdf,18800,caf432c336d8374b027540b26797cbd2f7f77ee7da68b6bc5c6bf318c717d17e,source_result_migration,tools/replot_results_e20_e24.py,python tools/replot_results_e20_e24.py,present_in_reference_tree,rebuild_from_code
results-E20-E24/source_figures/E21/pairwise_r2/figures/r2_curves/P064_r2_curve.png,outputs/results-E20-E24/source_figures/E21/pairwise_r2/figures/r2_curves/P064_r2_curve.png,114040,edf81750f12d202d77f47cdf275dd3b795def24f956bbb50083c3ecd7a5ad114,source_result_migration,tools/replot_results_e20_e24.py,python tools/replot_results_e20_e24.py,present_in_reference_tree,rebuild_from_code
results-E20-E24/source_figures/E21/pairwise_r2/figures/r2_curves/P065_r2_curve.pdf,outputs/results-E20-E24/source_figures/E21/pairwise_r2/figures/r2_curves/P065_r2_curve.pdf,18623,56d2528c3ed15ec8b558fadf2d98801c78b1eb374dc19a8f581451a979d207a5,source_result_migration,tools/replot_results_e20_e24.py,python tools/replot_results_e20_e24.py,present_in_reference_tree,rebuild_from_code
results-E20-E24/source_figures/E21/pairwise_r2/figures/r2_curves/P065_r2_curve.png,outputs/results-E20-E24/source_figures/E21/pairwise_r2/figures/r2_curves/P065_r2_curve.png,112828,53ef0afa472c5049de4577231ca51a0c98d1ae7926a76ceb825a2a04eb8873a1,source_result_migration,tools/replot_results_e20_e24.py,python tools/replot_results_e20_e24.py,present_in_reference_tree,rebuild_from_code
results-E20-E24/source_figures/E21/pairwise_r2/figures/r2_curves/P066_r2_curve.pdf,outputs/results-E20-E24/source_figures/E21/pairwise_r2/figures/r2_curves/P066_r2_curve.pdf,18173,6fbb668f33dcb2fd9c01775ca2cfad5ac8b9d11e2286b3fd5b42de16f468c52c,source_result_migration,tools/replot_results_e20_e24.py,python tools/replot_results_e20_e24.py,present_in_reference_tree,rebuild_from_code
results-E20-E24/source_figures/E21/pairwise_r2/figures/r2_curves/P066_r2_curve.png,outputs/results-E20-E24/source_figures/E21/pairwise_r2/figures/r2_curves/P066_r2_curve.png,114141,c9550c0df5b7912e6532362f2be9bfc8e9bdca47fbf46f347235db7f5e8e88b7,source_result_migration,tools/replot_results_e20_e24.py,python tools/replot_results_e20_e24.py,present_in_reference_tree,rebuild_from_code
results-E20-E24/source_figures/E21/pairwise_r2/figures/r2_curves/P067_r2_curve.pdf,outputs/results-E20-E24/source_figures/E21/pairwise_r2/figures/r2_curves/P067_r2_curve.pdf,18564,e2507f16f5949695ff89863ca5bcc3b976481d2fc0f6855f3540d47d7dd8efa4,source_result_migration,tools/replot_results_e20_e24.py,python tools/replot_results_e20_e24.py,present_in_reference_tree,rebuild_from_code
results-E20-E24/source_figures/E21/pairwise_r2/figures/r2_curves/P067_r2_curve.png,outputs/results-E20-E24/source_figures/E21/pairwise_r2/figures/r2_curves/P067_r2_curve.png,111628,20ed5941ebfb0d872e1d9a7692baddc79a5ca49e2c5994d889908abdfd36c0ef,source_result_migration,tools/replot_results_e20_e24.py,python tools/replot_results_e20_e24.py,present_in_reference_tree,rebuild_from_code
results-E20-E24/source_figures/E21/pairwise_r2/figures/r2_curves/P068_r2_curve.pdf,outputs/results-E20-E24/source_figures/E21/pairwise_r2/figures/r2_curves/P068_r2_curve.pdf,17892,5a15f279d96a251a187afd1f0e8a3b855ecbe3ab25d6abfa364d40752c001f10,source_result_migration,tools/replot_results_e20_e24.py,python tools/replot_results_e20_e24.py,present_in_reference_tree,rebuild_from_code
results-E20-E24/source_figures/E21/pairwise_r2/figures/r2_curves/P068_r2_curve.png,outputs/results-E20-E24/source_figures/E21/pairwise_r2/figures/r2_curves/P068_r2_curve.png,113957,ddeaf7e776be8649b00db5a1b836c68abf5f07c019ac912b14080bcd13cb5098,source_result_migration,tools/replot_results_e20_e24.py,python tools/replot_results_e20_e24.py,present_in_reference_tree,rebuild_from_code
results-E20-E24/source_figures/E21/pairwise_r2/figures/r2_curves/P069_r2_curve.pdf,outputs/results-E20-E24/source_figures/E21/pairwise_r2/figures/r2_curves/P069_r2_curve.pdf,18590,3af9efd1269a16bcb2c785e25371913df6eca1ffc2020e63ad184cafc5f36a0d,source_result_migration,tools/replot_results_e20_e24.py,python tools/replot_results_e20_e24.py,present_in_reference_tree,rebuild_from_code
results-E20-E24/source_figures/E21/pairwise_r2/figures/r2_curves/P069_r2_curve.png,outputs/results-E20-E24/source_figures/E21/pairwise_r2/figures/r2_curves/P069_r2_curve.png,114288,a05bf6a1c889b6734e5431217a61b116efa92ade57089b1090c4af0b339103ed,source_result_migration,tools/replot_results_e20_e24.py,python tools/replot_results_e20_e24.py,present_in_reference_tree,rebuild_from_code
results-E20-E24/source_figures/E21/pairwise_r2/figures/r2_curves/P070_r2_curve.pdf,outputs/results-E20-E24/source_figures/E21/pairwise_r2/figures/r2_curves/P070_r2_curve.pdf,18602,ac3a559b57c07ea8264307913f76b2b89cd7bbc514ce480bed720be6585c5b97,source_result_migration,tools/replot_results_e20_e24.py,python tools/replot_results_e20_e24.py,present_in_reference_tree,rebuild_from_code
results-E20-E24/source_figures/E21/pairwise_r2/figures/r2_curves/P070_r2_curve.png,outputs/results-E20-E24/source_figures/E21/pairwise_r2/figures/r2_curves/P070_r2_curve.png,115478,46bdd8907ae0fb26b4ec3daec97cf68ffce36d20f1f93945b637994d04bc9f87,source_result_migration,tools/replot_results_e20_e24.py,python tools/replot_results_e20_e24.py,present_in_reference_tree,rebuild_from_code
results-E20-E24/source_figures/E21/pairwise_r2/figures/r2_curves/P071_r2_curve.pdf,outputs/results-E20-E24/source_figures/E21/pairwise_r2/figures/r2_curves/P071_r2_curve.pdf,19225,e5b34c0fea70f0a6d4848030e1461c3f35b0688d9e1b18481020962ac8a6a42f,source_result_migration,tools/replot_results_e20_e24.py,python tools/replot_results_e20_e24.py,present_in_reference_tree,rebuild_from_code
results-E20-E24/source_figures/E21/pairwise_r2/figures/r2_curves/P071_r2_curve.png,outputs/results-E20-E24/source_figures/E21/pairwise_r2/figures/r2_curves/P071_r2_curve.png,112773,675c9fb0751f3a6231b290ee88b2e904c84f4fd1b294c29feb94d54d19988d3d,source_result_migration,tools/replot_results_e20_e24.py,python tools/replot_results_e20_e24.py,present_in_reference_tree,rebuild_from_code
results-E20-E24/source_figures/E21/pairwise_r2/figures/r2_curves/P072_r2_curve.pdf,outputs/results-E20-E24/source_figures/E21/pairwise_r2/figures/r2_curves/P072_r2_curve.pdf,19582,9cccddba2acc367f068bf3f4d55ffc8cfb2ffac0484516cb40baaf2fdd091a11,source_result_migration,tools/replot_results_e20_e24.py,python tools/replot_results_e20_e24.py,present_in_reference_tree,rebuild_from_code
results-E20-E24/source_figures/E21/pairwise_r2/figures/r2_curves/P072_r2_curve.png,outputs/results-E20-E24/source_figures/E21/pairwise_r2/figures/r2_curves/P072_r2_curve.png,118853,c95035941ac1f25fd135b25535c9f00b1031ab0d8d50e15f56b40171651d1be6,source_result_migration,tools/replot_results_e20_e24.py,python tools/replot_results_e20_e24.py,present_in_reference_tree,rebuild_from_code
results-E20-E24/source_figures/E21/pairwise_r2/figures/r2_curves/P073_r2_curve.pdf,outputs/results-E20-E24/source_figures/E21/pairwise_r2/figures/r2_curves/P073_r2_curve.pdf,19598,bab01cdd8ceee6f485fe3d1764e27ef7e09984f50caf652297a9b3358e387f67,source_result_migration,tools/replot_results_e20_e24.py,python tools/replot_results_e20_e24.py,present_in_reference_tree,rebuild_from_code
results-E20-E24/source_figures/E21/pairwise_r2/figures/r2_curves/P073_r2_curve.png,outputs/results-E20-E24/source_figures/E21/pairwise_r2/figures/r2_curves/P073_r2_curve.png,113735,2d8bdb05f7ac48c327cab135a530e54e03014c34bc1c1582f59ed9c162abca89,source_result_migration,tools/replot_results_e20_e24.py,python tools/replot_results_e20_e24.py,present_in_reference_tree,rebuild_from_code
results-E20-E24/source_figures/E21/pairwise_r2/figures/r2_curves/P074_r2_curve.pdf,outputs/results-E20-E24/source_figures/E21/pairwise_r2/figures/r2_curves/P074_r2_curve.pdf,19155,7f7f14acf844d3ccc5b5810a5d5e2eff1b23525e831b6b56a324d02ea0f35829,source_result_migration,tools/replot_results_e20_e24.py,python tools/replot_results_e20_e24.py,present_in_reference_tree,rebuild_from_code
results-E20-E24/source_figures/E21/pairwise_r2/figures/r2_curves/P074_r2_curve.png,outputs/results-E20-E24/source_figures/E21/pairwise_r2/figures/r2_curves/P074_r2_curve.png,112649,cf201c3c6662bda5fbdcd4f1968402f4fc86cc8a99c86f46a97e393f1952a208,source_result_migration,tools/replot_results_e20_e24.py,python tools/replot_results_e20_e24.py,present_in_reference_tree,rebuild_from_code
results-E20-E24/source_figures/E21/pairwise_r2/figures/r2_curves/P075_r2_curve.pdf,outputs/results-E20-E24/source_figures/E21/pairwise_r2/figures/r2_curves/P075_r2_curve.pdf,18710,1586f9a0562cb4445d210ff5d32ffc965e51d4ed96f3a45d08599dd36815f0ec,source_result_migration,tools/replot_results_e20_e24.py,python tools/replot_results_e20_e24.py,present_in_reference_tree,rebuild_from_code
results-E20-E24/source_figures/E21/pairwise_r2/figures/r2_curves/P075_r2_curve.png,outputs/results-E20-E24/source_figures/E21/pairwise_r2/figures/r2_curves/P075_r2_curve.png,115595,b6cf771d2c772309d090ac2b04f39b556d80a6eda4e22b3e8450582e76f84918,source_result_migration,tools/replot_results_e20_e24.py,python tools/replot_results_e20_e24.py,present_in_reference_tree,rebuild_from_code
results-E20-E24/source_figures/E21/pairwise_r2/figures/r2_curves/P076_r2_curve.pdf,outputs/results-E20-E24/source_figures/E21/pairwise_r2/figures/r2_curves/P076_r2_curve.pdf,18519,ec23e684b7a8361ec05e769a8ba64c430e07c675d711bbf937b78d59af5dd52e,source_result_migration,tools/replot_results_e20_e24.py,python tools/replot_results_e20_e24.py,present_in_reference_tree,rebuild_from_code
results-E20-E24/source_figures/E21/pairwise_r2/figures/r2_curves/P076_r2_curve.png,outputs/results-E20-E24/source_figures/E21/pairwise_r2/figures/r2_curves/P076_r2_curve.png,110886,6e19871389144d44aafe05ce7f2f18f48bbf0cab94247f4f9dcac039aefdd6f7,source_result_migration,tools/replot_results_e20_e24.py,python tools/replot_results_e20_e24.py,present_in_reference_tree,rebuild_from_code
results-E20-E24/source_figures/E21/pairwise_r2/figures/r2_curves/P077_r2_curve.pdf,outputs/results-E20-E24/source_figures/E21/pairwise_r2/figures/r2_curves/P077_r2_curve.pdf,18923,8f8e5d43f716767252375cf2ef5e0cfcb2bf97786887a44da9898e83366f9a9a,source_result_migration,tools/replot_results_e20_e24.py,python tools/replot_results_e20_e24.py,present_in_reference_tree,rebuild_from_code
results-E20-E24/source_figures/E21/pairwise_r2/figures/r2_curves/P077_r2_curve.png,outputs/results-E20-E24/source_figures/E21/pairwise_r2/figures/r2_curves/P077_r2_curve.png,114032,9267ab75f195e14964149eeb96f612c32502749abb60807665f59dca3d53ce38,source_result_migration,tools/replot_results_e20_e24.py,python tools/replot_results_e20_e24.py,present_in_reference_tree,rebuild_from_code
results-E20-E24/source_figures/E21/pairwise_r2/figures/r2_curves/P078_r2_curve.pdf,outputs/results-E20-E24/source_figures/E21/pairwise_r2/figures/r2_curves/P078_r2_curve.pdf,18346,366d0124af8133d889cf2050c543840580633e5e23a2ed852914ea6cae1f22da,source_result_migration,tools/replot_results_e20_e24.py,python tools/replot_results_e20_e24.py,present_in_reference_tree,rebuild_from_code
results-E20-E24/source_figures/E21/pairwise_r2/figures/r2_curves/P078_r2_curve.png,outputs/results-E20-E24/source_figures/E21/pairwise_r2/figures/r2_curves/P078_r2_curve.png,112338,3a1642ac958f720717a4693a2cd17f5986fb38caec193b4ef9e8c4ae87cf11c7,source_result_migration,tools/replot_results_e20_e24.py,python tools/replot_results_e20_e24.py,present_in_reference_tree,rebuild_from_code
results-E20-E24/source_figures/E21/pairwise_r2/figures/r2_curves/P079_r2_curve.pdf,outputs/results-E20-E24/source_figures/E21/pairwise_r2/figures/r2_curves/P079_r2_curve.pdf,18708,71b6c7c7ec725e8800152c82c8f263f928ad9a513122c3bb741ee9ec3fb9f49c,source_result_migration,tools/replot_results_e20_e24.py,python tools/replot_results_e20_e24.py,present_in_reference_tree,rebuild_from_code
results-E20-E24/source_figures/E21/pairwise_r2/figures/r2_curves/P079_r2_curve.png,outputs/results-E20-E24/source_figures/E21/pairwise_r2/figures/r2_curves/P079_r2_curve.png,109947,0f727693c27c8da7cb546da814fdd155a566759c3d3484e7f59b90f2e88858fc,source_result_migration,tools/replot_results_e20_e24.py,python tools/replot_results_e20_e24.py,present_in_reference_tree,rebuild_from_code
results-E20-E24/source_figures/E21/pairwise_r2/figures/r2_curves/P080_r2_curve.pdf,outputs/results-E20-E24/source_figures/E21/pairwise_r2/figures/r2_curves/P080_r2_curve.pdf,18534,9da114d63230ead8b5a17a469b70d79870d38223010b6c91c7dfe86c4a178e19,source_result_migration,tools/replot_results_e20_e24.py,python tools/replot_results_e20_e24.py,present_in_reference_tree,rebuild_from_code
results-E20-E24/source_figures/E21/pairwise_r2/figures/r2_curves/P080_r2_curve.png,outputs/results-E20-E24/source_figures/E21/pairwise_r2/figures/r2_curves/P080_r2_curve.png,118132,92de853383e1d90b0bb8f10b0cb8919673a6059a0cd30190279f0e45a22c1bb4,source_result_migration,tools/replot_results_e20_e24.py,python tools/replot_results_e20_e24.py,present_in_reference_tree,rebuild_from_code
results-E20-E24/source_figures/E21/pairwise_r2/figures/r2_curves/P081_r2_curve.pdf,outputs/results-E20-E24/source_figures/E21/pairwise_r2/figures/r2_curves/P081_r2_curve.pdf,18532,9cb4371553efb3d12c558eae4ee0666199eaea5b5279d23e179683bf72f6229d,source_result_migration,tools/replot_results_e20_e24.py,python tools/replot_results_e20_e24.py,present_in_reference_tree,rebuild_from_code
results-E20-E24/source_figures/E21/pairwise_r2/figures/r2_curves/P081_r2_curve.png,outputs/results-E20-E24/source_figures/E21/pairwise_r2/figures/r2_curves/P081_r2_curve.png,113411,e23d648b53c5688e5a094ebb4b60bfb03142de7b3023dd172162f6eedd0a2987,source_result_migration,tools/replot_results_e20_e24.py,python tools/replot_results_e20_e24.py,present_in_reference_tree,rebuild_from_code
results-E20-E24/source_figures/E21/pairwise_r2/figures/r2_curves/P082_r2_curve.pdf,outputs/results-E20-E24/source_figures/E21/pairwise_r2/figures/r2_curves/P082_r2_curve.pdf,17669,8a0dc8a213dacb46c353c5264eda6d427c2d014c82c2217642449639bc0ad676,source_result_migration,tools/replot_results_e20_e24.py,python tools/replot_results_e20_e24.py,present_in_reference_tree,rebuild_from_code
results-E20-E24/source_figures/E21/pairwise_r2/figures/r2_curves/P082_r2_curve.png,outputs/results-E20-E24/source_figures/E21/pairwise_r2/figures/r2_curves/P082_r2_curve.png,111746,e07c86a49836cace0c44fc0f697ee0ce1f71dd0caa5f3745ba4b9d30bb699be6,source_result_migration,tools/replot_results_e20_e24.py,python tools/replot_results_e20_e24.py,present_in_reference_tree,rebuild_from_code
results-E20-E24/source_figures/E21/pairwise_r2/figures/r2_curves/P083_r2_curve.pdf,outputs/results-E20-E24/source_figures/E21/pairwise_r2/figures/r2_curves/P083_r2_curve.pdf,18254,155180ddff60f02cb3dad06e6fe0b9893eec3ffdf002444c382362665ef3f84c,source_result_migration,tools/replot_results_e20_e24.py,python tools/replot_results_e20_e24.py,present_in_reference_tree,rebuild_from_code
results-E20-E24/source_figures/E21/pairwise_r2/figures/r2_curves/P083_r2_curve.png,outputs/results-E20-E24/source_figures/E21/pairwise_r2/figures/r2_curves/P083_r2_curve.png,110561,b5793d7bea683ed9ea5c0da47e605d6692b6ab03fb747c0f671f52c74b174fb1,source_result_migration,tools/replot_results_e20_e24.py,python tools/replot_results_e20_e24.py,present_in_reference_tree,rebuild_from_code
results-E20-E24/source_figures/E21/pairwise_r2/figures/r2_curves/P084_r2_curve.pdf,outputs/results-E20-E24/source_figures/E21/pairwise_r2/figures/r2_curves/P084_r2_curve.pdf,18226,65c614e21bc282a32d9ca2157c14b4bc6924f510d0a9020a759488a83dbd42af,source_result_migration,tools/replot_results_e20_e24.py,python tools/replot_results_e20_e24.py,present_in_reference_tree,rebuild_from_code
results-E20-E24/source_figures/E21/pairwise_r2/figures/r2_curves/P084_r2_curve.png,outputs/results-E20-E24/source_figures/E21/pairwise_r2/figures/r2_curves/P084_r2_curve.png,114547,77198694cc0e122afad2a4bc9ca0bf7afcd24fdf4746fefcc4a7000e26a3e7f9,source_result_migration,tools/replot_results_e20_e24.py,python tools/replot_results_e20_e24.py,present_in_reference_tree,rebuild_from_code
results-E20-E24/source_figures/E21/pairwise_r2/figures/r2_curves/P085_r2_curve.pdf,outputs/results-E20-E24/source_figures/E21/pairwise_r2/figures/r2_curves/P085_r2_curve.pdf,19599,7a1c674416795b2c23e2ac6a43ef32e8781a4d620c51540330f07c4891df7c25,source_result_migration,tools/replot_results_e20_e24.py,python tools/replot_results_e20_e24.py,present_in_reference_tree,rebuild_from_code
results-E20-E24/source_figures/E21/pairwise_r2/figures/r2_curves/P085_r2_curve.png,outputs/results-E20-E24/source_figures/E21/pairwise_r2/figures/r2_curves/P085_r2_curve.png,113260,e769ef0585f8b782dec275338dd71b12739c106cd4e845f0e19fab192660fcab,source_result_migration,tools/replot_results_e20_e24.py,python tools/replot_results_e20_e24.py,present_in_reference_tree,rebuild_from_code
results-E20-E24/source_figures/E21/pairwise_r2/figures/r2_curves/P086_r2_curve.pdf,outputs/results-E20-E24/source_figures/E21/pairwise_r2/figures/r2_curves/P086_r2_curve.pdf,19159,013b970d4c2de8b8ecacb9be40b392e9bf9fb629a65719b7f30534103b975244,source_result_migration,tools/replot_results_e20_e24.py,python tools/replot_results_e20_e24.py,present_in_reference_tree,rebuild_from_code
results-E20-E24/source_figures/E21/pairwise_r2/figures/r2_curves/P086_r2_curve.png,outputs/results-E20-E24/source_figures/E21/pairwise_r2/figures/r2_curves/P086_r2_curve.png,114503,94c506ce6a89d0e7b1493e213c53e74e8d8c661476f7373b820be82898efbd2e,source_result_migration,tools/replot_results_e20_e24.py,python tools/replot_results_e20_e24.py,present_in_reference_tree,rebuild_from_code
results-E20-E24/source_figures/E21/pairwise_r2/figures/r2_curves/P087_r2_curve.pdf,outputs/results-E20-E24/source_figures/E21/pairwise_r2/figures/r2_curves/P087_r2_curve.pdf,18694,03214ed5d019c74bebee1cd4345b8a8b05b3dc0d5ba0ce9d9e32415d34bcbbed,source_result_migration,tools/replot_results_e20_e24.py,python tools/replot_results_e20_e24.py,present_in_reference_tree,rebuild_from_code
results-E20-E24/source_figures/E21/pairwise_r2/figures/r2_curves/P087_r2_curve.png,outputs/results-E20-E24/source_figures/E21/pairwise_r2/figures/r2_curves/P087_r2_curve.png,116199,fbc784f31310d0098c852457aa79f4c0d0ab095529aa98c85a208e817b818cf8,source_result_migration,tools/replot_results_e20_e24.py,python tools/replot_results_e20_e24.py,present_in_reference_tree,rebuild_from_code
results-E20-E24/source_figures/E21/pairwise_r2/figures/r2_curves/P088_r2_curve.pdf,outputs/results-E20-E24/source_figures/E21/pairwise_r2/figures/r2_curves/P088_r2_curve.pdf,18269,bd11f13246c33004ecbb0be5a93bc5bffc649c44f5f316a0220346d32a8e3a55,source_result_migration,tools/replot_results_e20_e24.py,python tools/replot_results_e20_e24.py,present_in_reference_tree,rebuild_from_code
results-E20-E24/source_figures/E21/pairwise_r2/figures/r2_curves/P088_r2_curve.png,outputs/results-E20-E24/source_figures/E21/pairwise_r2/figures/r2_curves/P088_r2_curve.png,115508,48e6fa38ff5678ee49ec942becd7d6275f80c3aff03f30b85dd60cc8b72cb28c,source_result_migration,tools/replot_results_e20_e24.py,python tools/replot_results_e20_e24.py,present_in_reference_tree,rebuild_from_code
results-E20-E24/source_figures/E21/pairwise_r2/figures/r2_curves/P089_r2_curve.pdf,outputs/results-E20-E24/source_figures/E21/pairwise_r2/figures/r2_curves/P089_r2_curve.pdf,18422,608ed45aad074823eebf88dd2254b685285d0c8747550be89816ca89034459a9,source_result_migration,tools/replot_results_e20_e24.py,python tools/replot_results_e20_e24.py,present_in_reference_tree,rebuild_from_code
results-E20-E24/source_figures/E21/pairwise_r2/figures/r2_curves/P089_r2_curve.png,outputs/results-E20-E24/source_figures/E21/pairwise_r2/figures/r2_curves/P089_r2_curve.png,110956,8bef6aa684e5974ee7108becec1551fa20af0cebd281b459c90e4fb1e5415c72,source_result_migration,tools/replot_results_e20_e24.py,python tools/replot_results_e20_e24.py,present_in_reference_tree,rebuild_from_code
results-E20-E24/source_figures/E21/pairwise_r2/figures/r2_curves/P090_r2_curve.pdf,outputs/results-E20-E24/source_figures/E21/pairwise_r2/figures/r2_curves/P090_r2_curve.pdf,18611,a7505e02acf248423bbdf2679626caeb72a7f7f00d346da1ac6abea29c6e6230,source_result_migration,tools/replot_results_e20_e24.py,python tools/replot_results_e20_e24.py,present_in_reference_tree,rebuild_from_code
results-E20-E24/source_figures/E21/pairwise_r2/figures/r2_curves/P090_r2_curve.png,outputs/results-E20-E24/source_figures/E21/pairwise_r2/figures/r2_curves/P090_r2_curve.png,111806,be69c0376ca1aa820f8997fd6347edda03b70603c7ed56d41efcc2b220bae6c8,source_result_migration,tools/replot_results_e20_e24.py,python tools/replot_results_e20_e24.py,present_in_reference_tree,rebuild_from_code
results-E20-E24/source_figures/E21/pairwise_r2/figures/r2_curves/P091_r2_curve.pdf,outputs/results-E20-E24/source_figures/E21/pairwise_r2/figures/r2_curves/P091_r2_curve.pdf,18901,336504ad8a2027b5ca4a95fb62cc14f0797ed5ef07afaf942e7741392807beb7,source_result_migration,tools/replot_results_e20_e24.py,python tools/replot_results_e20_e24.py,present_in_reference_tree,rebuild_from_code
results-E20-E24/source_figures/E21/pairwise_r2/figures/r2_curves/P091_r2_curve.png,outputs/results-E20-E24/source_figures/E21/pairwise_r2/figures/r2_curves/P091_r2_curve.png,106977,7caf8e53e3d71f9a5f5343ff8cc4549fec67624581a7a303feb48cb97513cdc0,source_result_migration,tools/replot_results_e20_e24.py,python tools/replot_results_e20_e24.py,present_in_reference_tree,rebuild_from_code
results-E20-E24/source_figures/E21/pairwise_r2/figures/r2_curves/P092_r2_curve.pdf,outputs/results-E20-E24/source_figures/E21/pairwise_r2/figures/r2_curves/P092_r2_curve.pdf,18448,79415e15c901253bf13cd5b957912d895b0b5c3cc022f6fbd49a9db8f9cfa1f4,source_result_migration,tools/replot_results_e20_e24.py,python tools/replot_results_e20_e24.py,present_in_reference_tree,rebuild_from_code
results-E20-E24/source_figures/E21/pairwise_r2/figures/r2_curves/P092_r2_curve.png,outputs/results-E20-E24/source_figures/E21/pairwise_r2/figures/r2_curves/P092_r2_curve.png,111770,1309e932a146c9b06389ba6e61aec468bbf56f1175e240329ac50f5e67494f20,source_result_migration,tools/replot_results_e20_e24.py,python tools/replot_results_e20_e24.py,present_in_reference_tree,rebuild_from_code
results-E20-E24/source_figures/E21/pairwise_r2/figures/r2_curves/P093_r2_curve.pdf,outputs/results-E20-E24/source_figures/E21/pairwise_r2/figures/r2_curves/P093_r2_curve.pdf,19275,51335ee82f95d3415512d2bb601d24ed69953f64129f47388a7fd56f26b44e19,source_result_migration,tools/replot_results_e20_e24.py,python tools/replot_results_e20_e24.py,present_in_reference_tree,rebuild_from_code
results-E20-E24/source_figures/E21/pairwise_r2/figures/r2_curves/P093_r2_curve.png,outputs/results-E20-E24/source_figures/E21/pairwise_r2/figures/r2_curves/P093_r2_curve.png,112994,dca87a9e45e46d8ec9964475d1a0bcad7eb96848791315f7aec61323e6360e5e,source_result_migration,tools/replot_results_e20_e24.py,python tools/replot_results_e20_e24.py,present_in_reference_tree,rebuild_from_code
results-E20-E24/source_figures/E21/pairwise_r2/figures/r2_curves/P094_r2_curve.pdf,outputs/results-E20-E24/source_figures/E21/pairwise_r2/figures/r2_curves/P094_r2_curve.pdf,18605,d94e88c98c54f63a183f4216ae64b3453e42f6dcd887e51b903740c0a361ff53,source_result_migration,tools/replot_results_e20_e24.py,python tools/replot_results_e20_e24.py,present_in_reference_tree,rebuild_from_code
results-E20-E24/source_figures/E21/pairwise_r2/figures/r2_curves/P094_r2_curve.png,outputs/results-E20-E24/source_figures/E21/pairwise_r2/figures/r2_curves/P094_r2_curve.png,110890,9659d26210aa15a7027b2d86939f95ba5702812961401fe5bf03a116b37c4c98,source_result_migration,tools/replot_results_e20_e24.py,python tools/replot_results_e20_e24.py,present_in_reference_tree,rebuild_from_code
results-E20-E24/source_figures/E21/pairwise_r2/figures/r2_curves/P095_r2_curve.pdf,outputs/results-E20-E24/source_figures/E21/pairwise_r2/figures/r2_curves/P095_r2_curve.pdf,19747,51d0cc27319ed8578423cc9bb808108a3e4ee3dace1ee796c272f518d32cdd0f,source_result_migration,tools/replot_results_e20_e24.py,python tools/replot_results_e20_e24.py,present_in_reference_tree,rebuild_from_code
results-E20-E24/source_figures/E21/pairwise_r2/figures/r2_curves/P095_r2_curve.png,outputs/results-E20-E24/source_figures/E21/pairwise_r2/figures/r2_curves/P095_r2_curve.png,114932,c9aac3a7d5fb4e038620200cc027e73c25b4559320be91a49bcb68a8f2182787,source_result_migration,tools/replot_results_e20_e24.py,python tools/replot_results_e20_e24.py,present_in_reference_tree,rebuild_from_code
results-E20-E24/source_figures/E21/pairwise_r2/figures/r2_curves/P096_r2_curve.pdf,outputs/results-E20-E24/source_figures/E21/pairwise_r2/figures/r2_curves/P096_r2_curve.pdf,18263,0f24ce80ee79817250fa2f847fcc0481f4995da44a69208e781291fd3f1d08d7,source_result_migration,tools/replot_results_e20_e24.py,python tools/replot_results_e20_e24.py,present_in_reference_tree,rebuild_from_code
results-E20-E24/source_figures/E21/pairwise_r2/figures/r2_curves/P096_r2_curve.png,outputs/results-E20-E24/source_figures/E21/pairwise_r2/figures/r2_curves/P096_r2_curve.png,111233,31cd5d1ee4c1ab1d3c8f2702d5db4eae371adb949707cdf3ce4a16c29bc8dba4,source_result_migration,tools/replot_results_e20_e24.py,python tools/replot_results_e20_e24.py,present_in_reference_tree,rebuild_from_code
results-E20-E24/source_figures/E21/pairwise_r2/figures/r2_curves/P097_r2_curve.pdf,outputs/results-E20-E24/source_figures/E21/pairwise_r2/figures/r2_curves/P097_r2_curve.pdf,18827,30fb346ed1cabdcd0f2a96334836da853e4360d9ad23fc801f4746bba6793517,source_result_migration,tools/replot_results_e20_e24.py,python tools/replot_results_e20_e24.py,present_in_reference_tree,rebuild_from_code
results-E20-E24/source_figures/E21/pairwise_r2/figures/r2_curves/P097_r2_curve.png,outputs/results-E20-E24/source_figures/E21/pairwise_r2/figures/r2_curves/P097_r2_curve.png,112460,73e1ab9be07737e1489a1e9da5e87dddb2c7a77e964e3f77b8fbbc5bcf29e615,source_result_migration,tools/replot_results_e20_e24.py,python tools/replot_results_e20_e24.py,present_in_reference_tree,rebuild_from_code
results-E20-E24/source_figures/E21/pairwise_r2/figures/r2_curves/P098_r2_curve.pdf,outputs/results-E20-E24/source_figures/E21/pairwise_r2/figures/r2_curves/P098_r2_curve.pdf,18605,cfa7f37226469a6a386c02d763e06002c9b8f22c3f5d26f37bb01187aac95dae,source_result_migration,tools/replot_results_e20_e24.py,python tools/replot_results_e20_e24.py,present_in_reference_tree,rebuild_from_code
results-E20-E24/source_figures/E21/pairwise_r2/figures/r2_curves/P098_r2_curve.png,outputs/results-E20-E24/source_figures/E21/pairwise_r2/figures/r2_curves/P098_r2_curve.png,110344,54c77988cc16a5115ccd23866af82223c577c52371729e1241064f09d73c2ff6,source_result_migration,tools/replot_results_e20_e24.py,python tools/replot_results_e20_e24.py,present_in_reference_tree,rebuild_from_code
results-E20-E24/source_figures/E21/pairwise_r2/figures/r2_curves/P099_r2_curve.pdf,outputs/results-E20-E24/source_figures/E21/pairwise_r2/figures/r2_curves/P099_r2_curve.pdf,19311,e0e6f89e43fc1a107d47c25eb8054cd10919c727896769316e3ffae59ea64463,source_result_migration,tools/replot_results_e20_e24.py,python tools/replot_results_e20_e24.py,present_in_reference_tree,rebuild_from_code
results-E20-E24/source_figures/E21/pairwise_r2/figures/r2_curves/P099_r2_curve.png,outputs/results-E20-E24/source_figures/E21/pairwise_r2/figures/r2_curves/P099_r2_curve.png,113388,d1388698716d3ca9a5f0177a4f6ab1dfa97f2ee56ebb40c4b688179f84f38784,source_result_migration,tools/replot_results_e20_e24.py,python tools/replot_results_e20_e24.py,present_in_reference_tree,rebuild_from_code
results-E20-E24/source_figures/E21/pairwise_r2/figures/r2_curves/P100_r2_curve.pdf,outputs/results-E20-E24/source_figures/E21/pairwise_r2/figures/r2_curves/P100_r2_curve.pdf,18197,cf3835a1e5b5899183907e46339072d37c5e6fe62290fb5dc98518a0ddb85db6,source_result_migration,tools/replot_results_e20_e24.py,python tools/replot_results_e20_e24.py,present_in_reference_tree,rebuild_from_code
results-E20-E24/source_figures/E21/pairwise_r2/figures/r2_curves/P100_r2_curve.png,outputs/results-E20-E24/source_figures/E21/pairwise_r2/figures/r2_curves/P100_r2_curve.png,112454,cfcc91f2c41ea890b057384bcf43bd44faeddc43fb645148bc93026cf7a7d8d2,source_result_migration,tools/replot_results_e20_e24.py,python tools/replot_results_e20_e24.py,present_in_reference_tree,rebuild_from_code
results-E20-E24/source_figures/E21/pairwise_r2/figures/r2_curves/P101_r2_curve.pdf,outputs/results-E20-E24/source_figures/E21/pairwise_r2/figures/r2_curves/P101_r2_curve.pdf,18603,823e303109cc3470a563f96ae9fef275b25003781b23fcf530fdd9fbe154817f,source_result_migration,tools/replot_results_e20_e24.py,python tools/replot_results_e20_e24.py,present_in_reference_tree,rebuild_from_code
results-E20-E24/source_figures/E21/pairwise_r2/figures/r2_curves/P101_r2_curve.png,outputs/results-E20-E24/source_figures/E21/pairwise_r2/figures/r2_curves/P101_r2_curve.png,109027,07d9e2ed546b1baddec70ede92cb238e46bc045b8dc9662c58681a486d3cf543,source_result_migration,tools/replot_results_e20_e24.py,python tools/replot_results_e20_e24.py,present_in_reference_tree,rebuild_from_code
results-E20-E24/source_figures/E21/pairwise_r2/figures/r2_curves/P102_r2_curve.pdf,outputs/results-E20-E24/source_figures/E21/pairwise_r2/figures/r2_curves/P102_r2_curve.pdf,18861,96e774aa43f73370ca5e98da8ffed87e488982e8ed6c24043cf6860e509802a5,source_result_migration,tools/replot_results_e20_e24.py,python tools/replot_results_e20_e24.py,present_in_reference_tree,rebuild_from_code
results-E20-E24/source_figures/E21/pairwise_r2/figures/r2_curves/P102_r2_curve.png,outputs/results-E20-E24/source_figures/E21/pairwise_r2/figures/r2_curves/P102_r2_curve.png,111864,78a706800b8bbfdbfd9701aec9b3766f9ba7670292d5d08de0eec9dda0244de3,source_result_migration,tools/replot_results_e20_e24.py,python tools/replot_results_e20_e24.py,present_in_reference_tree,rebuild_from_code
results-E20-E24/source_figures/E21/pairwise_r2/figures/r2_curves/P103_r2_curve.pdf,outputs/results-E20-E24/source_figures/E21/pairwise_r2/figures/r2_curves/P103_r2_curve.pdf,18371,f0dab004ff3df765d79ce8e9b362e37afb61312da7ca754951c70684b6f439c5,source_result_migration,tools/replot_results_e20_e24.py,python tools/replot_results_e20_e24.py,present_in_reference_tree,rebuild_from_code
results-E20-E24/source_figures/E21/pairwise_r2/figures/r2_curves/P103_r2_curve.png,outputs/results-E20-E24/source_figures/E21/pairwise_r2/figures/r2_curves/P103_r2_curve.png,115221,b4f89aee1fe23747371d52f66d502441950fd21f2853b9803df4ec5dc1001978,source_result_migration,tools/replot_results_e20_e24.py,python tools/replot_results_e20_e24.py,present_in_reference_tree,rebuild_from_code
results-E20-E24/source_figures/E21/pairwise_r2/figures/r2_curves/P104_r2_curve.pdf,outputs/results-E20-E24/source_figures/E21/pairwise_r2/figures/r2_curves/P104_r2_curve.pdf,18608,a1d6dc43fe9248669025d11c1b1f154b84c8b5c8f0490fd890769c159fefa0eb,source_result_migration,tools/replot_results_e20_e24.py,python tools/replot_results_e20_e24.py,present_in_reference_tree,rebuild_from_code
results-E20-E24/source_figures/E21/pairwise_r2/figures/r2_curves/P104_r2_curve.png,outputs/results-E20-E24/source_figures/E21/pairwise_r2/figures/r2_curves/P104_r2_curve.png,115703,19142fd40bf56cf7b86df0cbe27d250c553adff140b8c15c921e7677db0ccfd5,source_result_migration,tools/replot_results_e20_e24.py,python tools/replot_results_e20_e24.py,present_in_reference_tree,rebuild_from_code
results-E20-E24/source_figures/E21/pairwise_r2/figures/r2_curves/P105_r2_curve.pdf,outputs/results-E20-E24/source_figures/E21/pairwise_r2/figures/r2_curves/P105_r2_curve.pdf,18569,531ec459771261dca8e0d823808c2e5e5926c3562a76eade4dff72ba9297f7da,source_result_migration,tools/replot_results_e20_e24.py,python tools/replot_results_e20_e24.py,present_in_reference_tree,rebuild_from_code
results-E20-E24/source_figures/E21/pairwise_r2/figures/r2_curves/P105_r2_curve.png,outputs/results-E20-E24/source_figures/E21/pairwise_r2/figures/r2_curves/P105_r2_curve.png,113807,d9e3ed0012c641336839800efafb35d6300539047d9dd0d16a6764e8e8ed2923,source_result_migration,tools/replot_results_e20_e24.py,python tools/replot_results_e20_e24.py,present_in_reference_tree,rebuild_from_code
results-E20-E24/source_figures/E21/unique/figures/e21_unique_algorithm_heatmap_aggregate.png,outputs/results-E20-E24/source_figures/E21/unique/figures/e21_unique_algorithm_heatmap_aggregate.png,415963,0a1d6df0c65f2c9687cfef82a4098b1be926b0150c1f2224ae54d89bda02b6b4,source_result_migration,tools/replot_results_e20_e24.py,python tools/replot_results_e20_e24.py,present_in_reference_tree,rebuild_from_code
results-E20-E24/source_figures/E21/unique/figures/e21_unique_algorithm_heatmap_ieee33.png,outputs/results-E20-E24/source_figures/E21/unique/figures/e21_unique_algorithm_heatmap_ieee33.png,412979,ddcb96a9c1a971d274b4c0ece47dea1bc1eff8474570ca3bdd4e1d0083773f54,source_result_migration,tools/replot_results_e20_e24.py,python tools/replot_results_e20_e24.py,present_in_reference_tree,rebuild_from_code
results-E20-E24/source_figures/E21/unique/figures/e21_unique_algorithm_overall.png,outputs/results-E20-E24/source_figures/E21/unique/figures/e21_unique_algorithm_overall.png,255501,ced49ee56ae48365be1dfa3b0479f6ed84dccd3a56b266972c92940cdcd9ed3b,source_result_migration,tools/replot_results_e20_e24.py,python tools/replot_results_e20_e24.py,present_in_reference_tree,rebuild_from_code
results-E20-E24/source_figures/E21/unique/figures/e21_unique_eps_mix_vs_pool.png,outputs/results-E20-E24/source_figures/E21/unique/figures/e21_unique_eps_mix_vs_pool.png,191723,71833ddf9af442e97e8f31a6c9b079318c9b5e4c063b3b3fdd3d6651b4b5e548,source_result_migration,tools/replot_results_e20_e24.py,python tools/replot_results_e20_e24.py,present_in_reference_tree,rebuild_from_code
results-E20-E24/source_figures/E21/unique/figures/e21_unique_fleet_sizes.png,outputs/results-E20-E24/source_figures/E21/unique/figures/e21_unique_fleet_sizes.png,122691,358f1fa265bcc0d71334e93dafc8d03d3c5279c4aaa39b7863d974e99cb220e1,source_result_migration,tools/replot_results_e20_e24.py,python tools/replot_results_e20_e24.py,present_in_reference_tree,rebuild_from_code
results-E20-E24/source_figures/E21/unique/gamma_mixed_boundary/figures/e21_mixed_r2_group.pdf,outputs/results-E20-E24/source_figures/E21/unique/gamma_mixed_boundary/figures/e21_mixed_r2_group.pdf,43850,c9f24bd5c7fbd82fa88098af53663397e9449007d09d403ff109db635524bd0a,source_result_migration,tools/replot_results_e20_e24.py,python tools/replot_results_e20_e24.py,present_in_reference_tree,rebuild_from_code
results-E20-E24/source_figures/E21/unique/gamma_mixed_boundary/figures/e21_mixed_r2_group.png,outputs/results-E20-E24/source_figures/E21/unique/gamma_mixed_boundary/figures/e21_mixed_r2_group.png,765678,d28c6019e1a812e5f2bffb3ff1bf9dbaf8683aa423f6b7c448dd7a4416aae983,source_result_migration,tools/replot_results_e20_e24.py,python tools/replot_results_e20_e24.py,present_in_reference_tree,rebuild_from_code
results-E20-E24/source_figures/E21/unique/gamma_mixed_boundary/figures/mixed_composition_heatmap.pdf,outputs/results-E20-E24/source_figures/E21/unique/gamma_mixed_boundary/figures/mixed_composition_heatmap.pdf,28741,809e17315baba8b5726a79f2e26fb88ef58f3d397fa1aa29fca2650541161554,source_result_migration,tools/replot_results_e20_e24.py,python tools/replot_results_e20_e24.py,present_in_reference_tree,rebuild_from_code
results-E20-E24/source_figures/E21/unique/gamma_mixed_boundary/figures/mixed_composition_heatmap.png,outputs/results-E20-E24/source_figures/E21/unique/gamma_mixed_boundary/figures/mixed_composition_heatmap.png,205182,3b23528b006a4f6809dacded4d655823029543f23ace514dbfd335b5be2748f0,source_result_migration,tools/replot_results_e20_e24.py,python tools/replot_results_e20_e24.py,present_in_reference_tree,rebuild_from_code
results-E20-E24/source_figures/E21/unique/gamma_mixed_boundary/figures/mixed_gamma_boundaries.pdf,outputs/results-E20-E24/source_figures/E21/unique/gamma_mixed_boundary/figures/mixed_gamma_boundaries.pdf,19033,cbeb26c73c4279d2e4d05525c96708e41d75a8a165b9e0cb302ff5e331b6bd76,source_result_migration,tools/replot_results_e20_e24.py,python tools/replot_results_e20_e24.py,present_in_reference_tree,rebuild_from_code
results-E20-E24/source_figures/E21/unique/gamma_mixed_boundary/figures/mixed_gamma_boundaries.png,outputs/results-E20-E24/source_figures/E21/unique/gamma_mixed_boundary/figures/mixed_gamma_boundaries.png,128604,b2940eb5845c1420241d0601f6e8cfcff00b31098fa400a44c30c8100f8b524b,source_result_migration,tools/replot_results_e20_e24.py,python tools/replot_results_e20_e24.py,present_in_reference_tree,rebuild_from_code
results-E20-E24/source_figures/E21/unique/gamma_mixed_boundary/figures/mixed_gamma_scaling.pdf,outputs/results-E20-E24/source_figures/E21/unique/gamma_mixed_boundary/figures/mixed_gamma_scaling.pdf,47071,62b7fa76fd9ea0a97af6058897f86e40111dbbd80f7820114bfaa3f5acc4bbc8,source_result_migration,tools/replot_results_e20_e24.py,python tools/replot_results_e20_e24.py,present_in_reference_tree,rebuild_from_code
results-E20-E24/source_figures/E21/unique/gamma_mixed_boundary/figures/mixed_gamma_scaling.png,outputs/results-E20-E24/source_figures/E21/unique/gamma_mixed_boundary/figures/mixed_gamma_scaling.png,135053,e5a1eb34dd501fd40240c415cc433ab996b6374d5244aa00644cf7d72aad6c18,source_result_migration,tools/replot_results_e20_e24.py,python tools/replot_results_e20_e24.py,present_in_reference_tree,rebuild_from_code
results-E20-E24/source_figures/E21/unique/gamma_mixed_boundary/figures/r2_curves/e21_mixed_r2_S1-A.pdf,outputs/results-E20-E24/source_figures/E21/unique/gamma_mixed_boundary/figures/r2_curves/e21_mixed_r2_S1-A.pdf,19675,fcc34d7de43090bbb7ea76320ebfb47caa588868145cb5718f271d1119a27fba,source_result_migration,tools/replot_results_e20_e24.py,python tools/replot_results_e20_e24.py,present_in_reference_tree,rebuild_from_code
results-E20-E24/source_figures/E21/unique/gamma_mixed_boundary/figures/r2_curves/e21_mixed_r2_S1-A.png,outputs/results-E20-E24/source_figures/E21/unique/gamma_mixed_boundary/figures/r2_curves/e21_mixed_r2_S1-A.png,181431,a046b1ca05f15f8f6e4b3acd47a64a0687d73251c4b66c5f9b11aabe7271c61b,source_result_migration,tools/replot_results_e20_e24.py,python tools/replot_results_e20_e24.py,present_in_reference_tree,rebuild_from_code
results-E20-E24/source_figures/E21/unique/gamma_mixed_boundary/figures/r2_curves/e21_mixed_r2_S1-B.pdf,outputs/results-E20-E24/source_figures/E21/unique/gamma_mixed_boundary/figures/r2_curves/e21_mixed_r2_S1-B.pdf,19848,9cbc7791c0219c7db388d73921aaf2167b89c63015f8dcac4ca4a5c6f4a81df3,source_result_migration,tools/replot_results_e20_e24.py,python tools/replot_results_e20_e24.py,present_in_reference_tree,rebuild_from_code
results-E20-E24/source_figures/E21/unique/gamma_mixed_boundary/figures/r2_curves/e21_mixed_r2_S1-B.png,outputs/results-E20-E24/source_figures/E21/unique/gamma_mixed_boundary/figures/r2_curves/e21_mixed_r2_S1-B.png,183940,6898cb754bd0f3ba7cdf3ffcd09562aa6f0488a2bc9095fef30581be9c2fc871,source_result_migration,tools/replot_results_e20_e24.py,python tools/replot_results_e20_e24.py,present_in_reference_tree,rebuild_from_code
results-E20-E24/source_figures/E21/unique/gamma_mixed_boundary/figures/r2_curves/e21_mixed_r2_S2-A.pdf,outputs/results-E20-E24/source_figures/E21/unique/gamma_mixed_boundary/figures/r2_curves/e21_mixed_r2_S2-A.pdf,20670,5840880cfa947fc7f1fd9dec3b3a38276b34e8616fff6cd4f9bc63b54ea0962f,source_result_migration,tools/replot_results_e20_e24.py,python tools/replot_results_e20_e24.py,present_in_reference_tree,rebuild_from_code
results-E20-E24/source_figures/E21/unique/gamma_mixed_boundary/figures/r2_curves/e21_mixed_r2_S2-A.png,outputs/results-E20-E24/source_figures/E21/unique/gamma_mixed_boundary/figures/r2_curves/e21_mixed_r2_S2-A.png,178568,f3273fa6be60d59c25cf35c1c80eabf89caf409f018f7c0b8dfadea47548a74c,source_result_migration,tools/replot_results_e20_e24.py,python tools/replot_results_e20_e24.py,present_in_reference_tree,rebuild_from_code
results-E20-E24/source_figures/E21/unique/gamma_mixed_boundary/figures/r2_curves/e21_mixed_r2_S2-B.pdf,outputs/results-E20-E24/source_figures/E21/unique/gamma_mixed_boundary/figures/r2_curves/e21_mixed_r2_S2-B.pdf,20216,69435c6b3f2863d8337a36d58d2915b35384506efa02245ad1acd6e54e0f262c,source_result_migration,tools/replot_results_e20_e24.py,python tools/replot_results_e20_e24.py,present_in_reference_tree,rebuild_from_code
results-E20-E24/source_figures/E21/unique/gamma_mixed_boundary/figures/r2_curves/e21_mixed_r2_S2-B.png,outputs/results-E20-E24/source_figures/E21/unique/gamma_mixed_boundary/figures/r2_curves/e21_mixed_r2_S2-B.png,181740,1eff9d92c8401265c8fd768de02f83ee66a1cea29a2bb008400079adcc6c98d3,source_result_migration,tools/replot_results_e20_e24.py,python tools/replot_results_e20_e24.py,present_in_reference_tree,rebuild_from_code
results-E20-E24/source_figures/E21/unique/gamma_mixed_boundary/figures/r2_curves/e21_mixed_r2_S3-A.pdf,outputs/results-E20-E24/source_figures/E21/unique/gamma_mixed_boundary/figures/r2_curves/e21_mixed_r2_S3-A.pdf,19930,5ae9711acdab91a494aec25b87af8f4bd3eb818a093f59564215b0b6b70d8d65,source_result_migration,tools/replot_results_e20_e24.py,python tools/replot_results_e20_e24.py,present_in_reference_tree,rebuild_from_code
results-E20-E24/source_figures/E21/unique/gamma_mixed_boundary/figures/r2_curves/e21_mixed_r2_S3-A.png,outputs/results-E20-E24/source_figures/E21/unique/gamma_mixed_boundary/figures/r2_curves/e21_mixed_r2_S3-A.png,183919,8e82f5c9ef8013726b62898c7fda9672576de783a4683cb32b0298e9aa948374,source_result_migration,tools/replot_results_e20_e24.py,python tools/replot_results_e20_e24.py,present_in_reference_tree,rebuild_from_code
results-E20-E24/source_figures/E21/unique/gamma_mixed_boundary/figures/r2_curves/e21_mixed_r2_S3-B.pdf,outputs/results-E20-E24/source_figures/E21/unique/gamma_mixed_boundary/figures/r2_curves/e21_mixed_r2_S3-B.pdf,19590,8b3bf65612542a62c0f90f79dd89d12b5738b83d149786235fcec542941a8c35,source_result_migration,tools/replot_results_e20_e24.py,python tools/replot_results_e20_e24.py,present_in_reference_tree,rebuild_from_code
results-E20-E24/source_figures/E21/unique/gamma_mixed_boundary/figures/r2_curves/e21_mixed_r2_S3-B.png,outputs/results-E20-E24/source_figures/E21/unique/gamma_mixed_boundary/figures/r2_curves/e21_mixed_r2_S3-B.png,158742,ac112d789d987c6121a5a14fbebe29c8ca27326cff22e15a05f92c4c9d101441,source_result_migration,tools/replot_results_e20_e24.py,python tools/replot_results_e20_e24.py,present_in_reference_tree,rebuild_from_code
results-E20-E24/source_figures/E21/unique/gamma_mixed_boundary/figures/r2_curves/e21_mixed_r2_S4-A.pdf,outputs/results-E20-E24/source_figures/E21/unique/gamma_mixed_boundary/figures/r2_curves/e21_mixed_r2_S4-A.pdf,19976,4471966f4f710e359f97e7667064cc4356dc7cca8b4de085f55990ab0c14db4d,source_result_migration,tools/replot_results_e20_e24.py,python tools/replot_results_e20_e24.py,present_in_reference_tree,rebuild_from_code
results-E20-E24/source_figures/E21/unique/gamma_mixed_boundary/figures/r2_curves/e21_mixed_r2_S4-A.png,outputs/results-E20-E24/source_figures/E21/unique/gamma_mixed_boundary/figures/r2_curves/e21_mixed_r2_S4-A.png,163303,55dbe617e14e92eafd1d3b38cd26405fedba5621f974168af057156d48bedb8e,source_result_migration,tools/replot_results_e20_e24.py,python tools/replot_results_e20_e24.py,present_in_reference_tree,rebuild_from_code
results-E20-E24/source_figures/E21/unique/gamma_mixed_boundary/figures/r2_curves/e21_mixed_r2_S4-B.pdf,outputs/results-E20-E24/source_figures/E21/unique/gamma_mixed_boundary/figures/r2_curves/e21_mixed_r2_S4-B.pdf,20337,2ab994c7eab72ae790c49297100b49c3768e3f6a64b5575459a4924abfb936e2,source_result_migration,tools/replot_results_e20_e24.py,python tools/replot_results_e20_e24.py,present_in_reference_tree,rebuild_from_code
results-E20-E24/source_figures/E21/unique/gamma_mixed_boundary/figures/r2_curves/e21_mixed_r2_S4-B.png,outputs/results-E20-E24/source_figures/E21/unique/gamma_mixed_boundary/figures/r2_curves/e21_mixed_r2_S4-B.png,166953,0c4416d7b55b5d93128462c28ba8f55b6833974578dc9aa4d7757dd9eec9d7ed,source_result_migration,tools/replot_results_e20_e24.py,python tools/replot_results_e20_e24.py,present_in_reference_tree,rebuild_from_code
results-E20-E24/source_figures/E21/unique/gamma_mixed_boundary/figures/r2_curves/e21_mixed_r2_S5-A.pdf,outputs/results-E20-E24/source_figures/E21/unique/gamma_mixed_boundary/figures/r2_curves/e21_mixed_r2_S5-A.pdf,19741,dfe0f2f4b061fc5697b7d5c608411e9f0152f813fc2e3d5b3ebec613a50309fc,source_result_migration,tools/replot_results_e20_e24.py,python tools/replot_results_e20_e24.py,present_in_reference_tree,rebuild_from_code
results-E20-E24/source_figures/E21/unique/gamma_mixed_boundary/figures/r2_curves/e21_mixed_r2_S5-A.png,outputs/results-E20-E24/source_figures/E21/unique/gamma_mixed_boundary/figures/r2_curves/e21_mixed_r2_S5-A.png,175492,7e974ad2a4b46e0e19cdef42c5227b240e8ce31d0a455e372e122b25330973c2,source_result_migration,tools/replot_results_e20_e24.py,python tools/replot_results_e20_e24.py,present_in_reference_tree,rebuild_from_code
results-E20-E24/source_figures/E21/unique/gamma_mixed_boundary/figures/r2_curves/e21_mixed_r2_S5-B.pdf,outputs/results-E20-E24/source_figures/E21/unique/gamma_mixed_boundary/figures/r2_curves/e21_mixed_r2_S5-B.pdf,19572,10ca969703346670385776a9f0169ed713a003f1baf58913f462198876df819c,source_result_migration,tools/replot_results_e20_e24.py,python tools/replot_results_e20_e24.py,present_in_reference_tree,rebuild_from_code
results-E20-E24/source_figures/E21/unique/gamma_mixed_boundary/figures/r2_curves/e21_mixed_r2_S5-B.png,outputs/results-E20-E24/source_figures/E21/unique/gamma_mixed_boundary/figures/r2_curves/e21_mixed_r2_S5-B.png,177189,91070fe48ec0bb189c394014c2734a7d9192241f5d00fda858bce10818428b43,source_result_migration,tools/replot_results_e20_e24.py,python tools/replot_results_e20_e24.py,present_in_reference_tree,rebuild_from_code
results-E20-E24/source_figures/E21/unique/gamma_mixed_boundary/figures/r2_curves/e21_mixed_r2_S5-C.pdf,outputs/results-E20-E24/source_figures/E21/unique/gamma_mixed_boundary/figures/r2_curves/e21_mixed_r2_S5-C.pdf,20262,1ab33e4a84c75cb1e831117fe70ec08fea143c2a397f8f2a4b411a9be903468f,source_result_migration,tools/replot_results_e20_e24.py,python tools/replot_results_e20_e24.py,present_in_reference_tree,rebuild_from_code
results-E20-E24/source_figures/E21/unique/gamma_mixed_boundary/figures/r2_curves/e21_mixed_r2_S5-C.png,outputs/results-E20-E24/source_figures/E21/unique/gamma_mixed_boundary/figures/r2_curves/e21_mixed_r2_S5-C.png,159061,0a1bd74c6a993938d377acb9a4286f9a655d0154ba2fda6294a5cc339eeff510,source_result_migration,tools/replot_results_e20_e24.py,python tools/replot_results_e20_e24.py,present_in_reference_tree,rebuild_from_code
results-E20-E24/source_figures/E21/unique/gamma_mixed_boundary/figures/r2_curves/e21_mixed_r2_S6-A.pdf,outputs/results-E20-E24/source_figures/E21/unique/gamma_mixed_boundary/figures/r2_curves/e21_mixed_r2_S6-A.pdf,20912,99ef95663d2d04c01f4ccd5ba1a1b3aa066b832b343eab3dbaef1c54d110cdf9,source_result_migration,tools/replot_results_e20_e24.py,python tools/replot_results_e20_e24.py,present_in_reference_tree,rebuild_from_code
results-E20-E24/source_figures/E21/unique/gamma_mixed_boundary/figures/r2_curves/e21_mixed_r2_S6-A.png,outputs/results-E20-E24/source_figures/E21/unique/gamma_mixed_boundary/figures/r2_curves/e21_mixed_r2_S6-A.png,188300,bfbb2b18f7d732940cba9f56cf4613d4db8808905d03c474940b56b6b6a2498c,source_result_migration,tools/replot_results_e20_e24.py,python tools/replot_results_e20_e24.py,present_in_reference_tree,rebuild_from_code
results-E20-E24/source_figures/E21/unique/gamma_mixed_boundary/figures/r2_curves/e21_mixed_r2_S6-B.pdf,outputs/results-E20-E24/source_figures/E21/unique/gamma_mixed_boundary/figures/r2_curves/e21_mixed_r2_S6-B.pdf,20275,6d4586ff8467db9a62a7a15562c3551f609aec542df1a5aab845948d929727a1,source_result_migration,tools/replot_results_e20_e24.py,python tools/replot_results_e20_e24.py,present_in_reference_tree,rebuild_from_code
results-E20-E24/source_figures/E21/unique/gamma_mixed_boundary/figures/r2_curves/e21_mixed_r2_S6-B.png,outputs/results-E20-E24/source_figures/E21/unique/gamma_mixed_boundary/figures/r2_curves/e21_mixed_r2_S6-B.png,182041,17711902b7b5fc373d11f2e418574a1d92d91b68593f9c65e873633e3a41e0c6,source_result_migration,tools/replot_results_e20_e24.py,python tools/replot_results_e20_e24.py,present_in_reference_tree,rebuild_from_code
results-E20-E24/source_figures/E21/unique/gamma_mixed_boundary/figures/r2_curves/e21_mixed_r2_S6-C.pdf,outputs/results-E20-E24/source_figures/E21/unique/gamma_mixed_boundary/figures/r2_curves/e21_mixed_r2_S6-C.pdf,20466,403e1dd9ef98a4daa93b525c2f6f9784789d73a1a4c5eeca5594a95bee1f2a67,source_result_migration,tools/replot_results_e20_e24.py,python tools/replot_results_e20_e24.py,present_in_reference_tree,rebuild_from_code
results-E20-E24/source_figures/E21/unique/gamma_mixed_boundary/figures/r2_curves/e21_mixed_r2_S6-C.png,outputs/results-E20-E24/source_figures/E21/unique/gamma_mixed_boundary/figures/r2_curves/e21_mixed_r2_S6-C.png,168482,ffe6109c1acf69c78bc8773cf16aabb9974b8c63bee1528ff6ac699e7bdabc8c,source_result_migration,tools/replot_results_e20_e24.py,python tools/replot_results_e20_e24.py,present_in_reference_tree,rebuild_from_code
results-E20-E24/source_figures/E21/unique/gamma_universal_boundary/figures/e21_gamma_critical_distribution.pdf,outputs/results-E20-E24/source_figures/E21/unique/gamma_universal_boundary/figures/e21_gamma_critical_distribution.pdf,24680,2535ace608e61d470f472d5a2800053313cc282d18ad48f8bd64cfb141c95092,source_result_migration,tools/replot_results_e20_e24.py,python tools/replot_results_e20_e24.py,present_in_reference_tree,rebuild_from_code
results-E20-E24/source_figures/E21/unique/gamma_universal_boundary/figures/e21_gamma_critical_distribution.png,outputs/results-E20-E24/source_figures/E21/unique/gamma_universal_boundary/figures/e21_gamma_critical_distribution.png,178096,4d5b872808e841feeedca7b452ac7260241459276cee0e3a219872d8063ca6b8,source_result_migration,tools/replot_results_e20_e24.py,python tools/replot_results_e20_e24.py,present_in_reference_tree,rebuild_from_code
results-E20-E24/source_figures/E21/unique/gamma_universal_boundary/figures/e21_gamma_fit.pdf,outputs/results-E20-E24/source_figures/E21/unique/gamma_universal_boundary/figures/e21_gamma_fit.pdf,31916,a798b4e35064473c792649544ee935c7e5e72c8073d0469f16459be92788252c,source_result_migration,tools/replot_results_e20_e24.py,python tools/replot_results_e20_e24.py,present_in_reference_tree,rebuild_from_code
results-E20-E24/source_figures/E21/unique/gamma_universal_boundary/figures/e21_gamma_fit.png,outputs/results-E20-E24/source_figures/E21/unique/gamma_universal_boundary/figures/e21_gamma_fit.png,245889,fa3d14dab6060a7d9da8e9f3db0c5ad70e4572430e93af2d29a6c22d97cf2c58,source_result_migration,tools/replot_results_e20_e24.py,python tools/replot_results_e20_e24.py,present_in_reference_tree,rebuild_from_code
results-E20-E24/source_figures/E21/unique/gamma_universal_boundary/figures/e21_gamma_scatter.pdf,outputs/results-E20-E24/source_figures/E21/unique/gamma_universal_boundary/figures/e21_gamma_scatter.pdf,132895,53b5efa0ab5e7c43d438a9b48f47bb8b21b3e0c3f3b95a68adf5d580785354e2,source_result_migration,tools/replot_results_e20_e24.py,python tools/replot_results_e20_e24.py,present_in_reference_tree,rebuild_from_code
results-E20-E24/source_figures/E21/unique/gamma_universal_boundary/figures/e21_gamma_scatter.png,outputs/results-E20-E24/source_figures/E21/unique/gamma_universal_boundary/figures/e21_gamma_scatter.png,399829,271d25f8558a4c130bf015576a5c45ec865d0ad562559e158f336e033172b400,source_result_migration,tools/replot_results_e20_e24.py,python tools/replot_results_e20_e24.py,present_in_reference_tree,rebuild_from_code
results-E20-E24/source_figures/E21/unique/gamma_universal_boundary/figures/e21_gamma_universal_boundary.pdf,outputs/results-E20-E24/source_figures/E21/unique/gamma_universal_boundary/figures/e21_gamma_universal_boundary.pdf,37143,d19a261b92e9f03965ce2f5b86f31a2937a71084dcae889db98dcf4538ec144a,source_result_migration,tools/replot_results_e20_e24.py,python tools/replot_results_e20_e24.py,present_in_reference_tree,rebuild_from_code
results-E20-E24/source_figures/E21/unique/gamma_universal_boundary/figures/e21_gamma_universal_boundary.png,outputs/results-E20-E24/source_figures/E21/unique/gamma_universal_boundary/figures/e21_gamma_universal_boundary.png,349685,547ce22720822cdf3ad759d51005b2ec1aff0d37fbcfac4a54cd2d29824f7c78,source_result_migration,tools/replot_results_e20_e24.py,python tools/replot_results_e20_e24.py,present_in_reference_tree,rebuild_from_code
results-E20-E24/source_figures/E21/unique/mixed_scenarios/figures/e21_algorithm_heatmap_aggregate.png,outputs/results-E20-E24/source_figures/E21/unique/mixed_scenarios/figures/e21_algorithm_heatmap_aggregate.png,425377,3a52b274c7f0524894b667283db2f234ba41f9377e5d3a61c5bd6549a01a3195,source_result_migration,tools/replot_results_e20_e24.py,python tools/replot_results_e20_e24.py,present_in_reference_tree,rebuild_from_code
results-E20-E24/source_figures/E21/unique/mixed_scenarios/figures/e21_algorithm_heatmap_ieee33.png,outputs/results-E20-E24/source_figures/E21/unique/mixed_scenarios/figures/e21_algorithm_heatmap_ieee33.png,423400,8e383150afe2bae07c1522e254eaa0f30065e92aaa27b9aeb2c39d71099a0092,source_result_migration,tools/replot_results_e20_e24.py,python tools/replot_results_e20_e24.py,present_in_reference_tree,rebuild_from_code
results-E20-E24/source_figures/E21/unique/mixed_scenarios/figures/e21_algorithm_overall.png,outputs/results-E20-E24/source_figures/E21/unique/mixed_scenarios/figures/e21_algorithm_overall.png,255501,ced49ee56ae48365be1dfa3b0479f6ed84dccd3a56b266972c92940cdcd9ed3b,source_result_migration,tools/replot_results_e20_e24.py,python tools/replot_results_e20_e24.py,present_in_reference_tree,rebuild_from_code
results-E20-E24/source_figures/E21/unique/mixed_scenarios/figures/e21_eps_mix_vs_pool.png,outputs/results-E20-E24/source_figures/E21/unique/mixed_scenarios/figures/e21_eps_mix_vs_pool.png,191723,71833ddf9af442e97e8f31a6c9b079318c9b5e4c063b3b3fdd3d6651b4b5e548,source_result_migration,tools/replot_results_e20_e24.py,python tools/replot_results_e20_e24.py,present_in_reference_tree,rebuild_from_code
results-E20-E24/source_figures/E21/unique/mixed_scenarios/figures/e21_source_unique_fleet_sizes.png,outputs/results-E20-E24/source_figures/E21/unique/mixed_scenarios/figures/e21_source_unique_fleet_sizes.png,122691,358f1fa265bcc0d71334e93dafc8d03d3c5279c4aaa39b7863d974e99cb220e1,source_result_migration,tools/replot_results_e20_e24.py,python tools/replot_results_e20_e24.py,present_in_reference_tree,rebuild_from_code
results-E20-E24/source_figures/E21/unique/pairwise_curtailment/figures/curtailment_opportunity_vs_reduction.pdf,outputs/results-E20-E24/source_figures/E21/unique/pairwise_curtailment/figures/curtailment_opportunity_vs_reduction.pdf,42275,c434434c52d8efd06efef94dc1b8644528584d3737302fcef0438b9ee6e71b1c,source_result_migration,tools/replot_results_e20_e24.py,python tools/replot_results_e20_e24.py,present_in_reference_tree,rebuild_from_code
results-E20-E24/source_figures/E21/unique/pairwise_curtailment/figures/curtailment_opportunity_vs_reduction.png,outputs/results-E20-E24/source_figures/E21/unique/pairwise_curtailment/figures/curtailment_opportunity_vs_reduction.png,236861,8e3f4d4d01ab4b622f5d2ee22e6ea401754e31c87d3b2b69ce5097d6ad6429cc,source_result_migration,tools/replot_results_e20_e24.py,python tools/replot_results_e20_e24.py,present_in_reference_tree,rebuild_from_code
results-E20-E24/source_figures/E21/unique/pairwise_curtailment/figures/dataset_curtailment_reduction_distribution.pdf,outputs/results-E20-E24/source_figures/E21/unique/pairwise_curtailment/figures/dataset_curtailment_reduction_distribution.pdf,28867,24b0d00fad3a08f9c920d8184e87c82a677ef2212c8fff3d71219f030cd57a84,source_result_migration,tools/replot_results_e20_e24.py,python tools/replot_results_e20_e24.py,present_in_reference_tree,rebuild_from_code
results-E20-E24/source_figures/E21/unique/pairwise_curtailment/figures/dataset_curtailment_reduction_distribution.png,outputs/results-E20-E24/source_figures/E21/unique/pairwise_curtailment/figures/dataset_curtailment_reduction_distribution.png,255007,8eb7dac54358b8ba1ea0d18f94127994de7c900f33f603e27c306b7ca75119df,source_result_migration,tools/replot_results_e20_e24.py,python tools/replot_results_e20_e24.py,present_in_reference_tree,rebuild_from_code
results-E20-E24/source_figures/E21/unique/pairwise_curtailment/figures/pairwise_curtailment_before_after_ranked.pdf,outputs/results-E20-E24/source_figures/E21/unique/pairwise_curtailment/figures/pairwise_curtailment_before_after_ranked.pdf,28345,1b8b5c56286548b8dea5105f5b1e0858716d9344bee3cbbf0160d637f5028fe8,source_result_migration,tools/replot_results_e20_e24.py,python tools/replot_results_e20_e24.py,present_in_reference_tree,rebuild_from_code
results-E20-E24/source_figures/E21/unique/pairwise_curtailment/figures/pairwise_curtailment_before_after_ranked.png,outputs/results-E20-E24/source_figures/E21/unique/pairwise_curtailment/figures/pairwise_curtailment_before_after_ranked.png,536142,13f9542872c0a6279da476c7b332322700ad7709fb525a7884f3e2be6d99950c,source_result_migration,tools/replot_results_e20_e24.py,python tools/replot_results_e20_e24.py,present_in_reference_tree,rebuild_from_code
results-E20-E24/source_figures/E21/unique/pairwise_curtailment/figures/pairwise_curtailment_reduction.pdf,outputs/results-E20-E24/source_figures/E21/unique/pairwise_curtailment/figures/pairwise_curtailment_reduction.pdf,35347,ada0fa1e81921378a5dbf701a739b29715f1993e228179f4fd7241b3330adb88,source_result_migration,tools/replot_results_e20_e24.py,python tools/replot_results_e20_e24.py,present_in_reference_tree,rebuild_from_code
results-E20-E24/source_figures/E21/unique/pairwise_curtailment/figures/pairwise_curtailment_reduction.png,outputs/results-E20-E24/source_figures/E21/unique/pairwise_curtailment/figures/pairwise_curtailment_reduction.png,635885,4e4a4cc9fc42878ee079acfe6900d39800c105ddc78bd25a1bc9fcc1e98d1c5e,source_result_migration,tools/replot_results_e20_e24.py,python tools/replot_results_e20_e24.py,present_in_reference_tree,rebuild_from_code
results-E20-E24/source_figures/E21/unique/pairwise_curtailment/figures/pairwise_curtailment_reduction_mixed_only.pdf,outputs/results-E20-E24/source_figures/E21/unique/pairwise_curtailment/figures/pairwise_curtailment_reduction_mixed_only.pdf,34936,cfc2967aed7e2bd0afcd861fbd791b463b286bfaa77531efac25c29759715aa4,source_result_migration,tools/replot_results_e20_e24.py,python tools/replot_results_e20_e24.py,present_in_reference_tree,rebuild_from_code
results-E20-E24/source_figures/E21/unique/pairwise_curtailment/figures/pairwise_curtailment_reduction_mixed_only.png,outputs/results-E20-E24/source_figures/E21/unique/pairwise_curtailment/figures/pairwise_curtailment_reduction_mixed_only.png,618065,41aa2ab16a8322339a30cabf549bdcf9f785763a7978217ec7d2d1749a53db78,source_result_migration,tools/replot_results_e20_e24.py,python tools/replot_results_e20_e24.py,present_in_reference_tree,rebuild_from_code
results-E20-E24/source_figures/E21/unique/pairwise_r2/figures/pairwise_r2_n95_overall.pdf,outputs/results-E20-E24/source_figures/E21/unique/pairwise_r2/figures/pairwise_r2_n95_overall.pdf,43125,fc19e92d821f24c6c43d4bc62948fe833760834639ee52663b5e0ee5f94001b5,source_result_migration,tools/replot_results_e20_e24.py,python tools/replot_results_e20_e24.py,present_in_reference_tree,rebuild_from_code
results-E20-E24/source_figures/E21/unique/pairwise_r2/figures/pairwise_r2_n95_overall.png,outputs/results-E20-E24/source_figures/E21/unique/pairwise_r2/figures/pairwise_r2_n95_overall.png,423703,3921abc8591a81e8ca7c977e17f4e7ee5692da15b8e621c2944a4c815789d23c,source_result_migration,tools/replot_results_e20_e24.py,python tools/replot_results_e20_e24.py,present_in_reference_tree,rebuild_from_code
results-E20-E24/source_figures/E21/unique/pairwise_r2/figures/r2_curve_pages/pairwise_r2_curves_page_01.pdf,outputs/results-E20-E24/source_figures/E21/unique/pairwise_r2/figures/r2_curve_pages/pairwise_r2_curves_page_01.pdf,34463,866c6ef2267ee6209338754f904221908b27f910eeb3103af034002ae18d2b5a,source_result_migration,tools/replot_results_e20_e24.py,python tools/replot_results_e20_e24.py,present_in_reference_tree,rebuild_from_code
results-E20-E24/source_figures/E21/unique/pairwise_r2/figures/r2_curve_pages/pairwise_r2_curves_page_01.png,outputs/results-E20-E24/source_figures/E21/unique/pairwise_r2/figures/r2_curve_pages/pairwise_r2_curves_page_01.png,450326,de458f4fb015e94a01603ae475c1b812c943b3a03fabfa2132b8259d389a7443,source_result_migration,tools/replot_results_e20_e24.py,python tools/replot_results_e20_e24.py,present_in_reference_tree,rebuild_from_code
results-E20-E24/source_figures/E21/unique/pairwise_r2/figures/r2_curve_pages/pairwise_r2_curves_page_02.pdf,outputs/results-E20-E24/source_figures/E21/unique/pairwise_r2/figures/r2_curve_pages/pairwise_r2_curves_page_02.pdf,34500,6647f1c8d340d1f3eb15558cbfc16d43b6620df4fb20b67c71be3998ba56d381,source_result_migration,tools/replot_results_e20_e24.py,python tools/replot_results_e20_e24.py,present_in_reference_tree,rebuild_from_code
results-E20-E24/source_figures/E21/unique/pairwise_r2/figures/r2_curve_pages/pairwise_r2_curves_page_02.png,outputs/results-E20-E24/source_figures/E21/unique/pairwise_r2/figures/r2_curve_pages/pairwise_r2_curves_page_02.png,434205,5254736b2519075ced7092fc6c6470a7757e5210306581d99babd053468e7af9,source_result_migration,tools/replot_results_e20_e24.py,python tools/replot_results_e20_e24.py,present_in_reference_tree,rebuild_from_code
results-E20-E24/source_figures/E21/unique/pairwise_r2/figures/r2_curve_pages/pairwise_r2_curves_page_03.pdf,outputs/results-E20-E24/source_figures/E21/unique/pairwise_r2/figures/r2_curve_pages/pairwise_r2_curves_page_03.pdf,34548,4020aa9ea1ba779657620cdef4e438fc8c248b0d1e54c55982637dcfd41386c2,source_result_migration,tools/replot_results_e20_e24.py,python tools/replot_results_e20_e24.py,present_in_reference_tree,rebuild_from_code
results-E20-E24/source_figures/E21/unique/pairwise_r2/figures/r2_curve_pages/pairwise_r2_curves_page_03.png,outputs/results-E20-E24/source_figures/E21/unique/pairwise_r2/figures/r2_curve_pages/pairwise_r2_curves_page_03.png,435307,01f610bc2e42b4a154f3b57d0871f79acd290488d0c6b8d5fee1e15fadef6364,source_result_migration,tools/replot_results_e20_e24.py,python tools/replot_results_e20_e24.py,present_in_reference_tree,rebuild_from_code
results-E20-E24/source_figures/E21/unique/pairwise_r2/figures/r2_curve_pages/pairwise_r2_curves_page_04.pdf,outputs/results-E20-E24/source_figures/E21/unique/pairwise_r2/figures/r2_curve_pages/pairwise_r2_curves_page_04.pdf,34174,e500dd670518ebdce15e312cb1131b590325cd77d3fe4163957f4f286180dc5a,source_result_migration,tools/replot_results_e20_e24.py,python tools/replot_results_e20_e24.py,present_in_reference_tree,rebuild_from_code
results-E20-E24/source_figures/E21/unique/pairwise_r2/figures/r2_curve_pages/pairwise_r2_curves_page_04.png,outputs/results-E20-E24/source_figures/E21/unique/pairwise_r2/figures/r2_curve_pages/pairwise_r2_curves_page_04.png,437508,4e702a6041bf22822ee23709606ecf2ae695734520ee955b72c271c7bbd3ced5,source_result_migration,tools/replot_results_e20_e24.py,python tools/replot_results_e20_e24.py,present_in_reference_tree,rebuild_from_code
results-E20-E24/source_figures/E21/unique/pairwise_r2/figures/r2_curve_pages/pairwise_r2_curves_page_05.pdf,outputs/results-E20-E24/source_figures/E21/unique/pairwise_r2/figures/r2_curve_pages/pairwise_r2_curves_page_05.pdf,33968,196b410c4821ae471892b158b054915a4c984bf5a93f0797b8a3c307de85837c,source_result_migration,tools/replot_results_e20_e24.py,python tools/replot_results_e20_e24.py,present_in_reference_tree,rebuild_from_code
results-E20-E24/source_figures/E21/unique/pairwise_r2/figures/r2_curve_pages/pairwise_r2_curves_page_05.png,outputs/results-E20-E24/source_figures/E21/unique/pairwise_r2/figures/r2_curve_pages/pairwise_r2_curves_page_05.png,423760,c9f40ffb344ba5cbba1820711e388f9c48247058ac5be380d3b69b7324b13092,source_result_migration,tools/replot_results_e20_e24.py,python tools/replot_results_e20_e24.py,present_in_reference_tree,rebuild_from_code
results-E20-E24/source_figures/E21/unique/pairwise_r2/figures/r2_curve_pages/pairwise_r2_curves_page_06.pdf,outputs/results-E20-E24/source_figures/E21/unique/pairwise_r2/figures/r2_curve_pages/pairwise_r2_curves_page_06.pdf,33776,730716826b56e1caaf11de24332c0ef32025340edace0231feeb8be67447775e,source_result_migration,tools/replot_results_e20_e24.py,python tools/replot_results_e20_e24.py,present_in_reference_tree,rebuild_from_code
results-E20-E24/source_figures/E21/unique/pairwise_r2/figures/r2_curve_pages/pairwise_r2_curves_page_06.png,outputs/results-E20-E24/source_figures/E21/unique/pairwise_r2/figures/r2_curve_pages/pairwise_r2_curves_page_06.png,444189,fbe100c7291ce7e4999c8e733a1dddf2980cd5c36d46f96bd0e059382e67d57d,source_result_migration,tools/replot_results_e20_e24.py,python tools/replot_results_e20_e24.py,present_in_reference_tree,rebuild_from_code
results-E20-E24/source_figures/E21/unique/pairwise_r2/figures/r2_curve_pages/pairwise_r2_curves_page_07.pdf,outputs/results-E20-E24/source_figures/E21/unique/pairwise_r2/figures/r2_curve_pages/pairwise_r2_curves_page_07.pdf,33699,e8b265b0869335b5ecddcee5614e1a7e2e44f3fa74bdc7e956b26386cf95c963,source_result_migration,tools/replot_results_e20_e24.py,python tools/replot_results_e20_e24.py,present_in_reference_tree,rebuild_from_code
results-E20-E24/source_figures/E21/unique/pairwise_r2/figures/r2_curve_pages/pairwise_r2_curves_page_07.png,outputs/results-E20-E24/source_figures/E21/unique/pairwise_r2/figures/r2_curve_pages/pairwise_r2_curves_page_07.png,433644,77f9fb7e66c0649cd86c738fea5ce72116513f54975d293d5c8119a7494e3ae1,source_result_migration,tools/replot_results_e20_e24.py,python tools/replot_results_e20_e24.py,present_in_reference_tree,rebuild_from_code
results-E20-E24/source_figures/E21/unique/pairwise_r2/figures/r2_curve_pages/pairwise_r2_curves_page_08.pdf,outputs/results-E20-E24/source_figures/E21/unique/pairwise_r2/figures/r2_curve_pages/pairwise_r2_curves_page_08.pdf,33286,1cd36ab37000491cebc61d49ce8d0e3257fd88bf8e287ee0f59f858444d0367d,source_result_migration,tools/replot_results_e20_e24.py,python tools/replot_results_e20_e24.py,present_in_reference_tree,rebuild_from_code
results-E20-E24/source_figures/E21/unique/pairwise_r2/figures/r2_curve_pages/pairwise_r2_curves_page_08.png,outputs/results-E20-E24/source_figures/E21/unique/pairwise_r2/figures/r2_curve_pages/pairwise_r2_curves_page_08.png,427814,e851948594d3888cab0014ea6b720d92e927fa87999a9a0f07ce5a9634a4b615,source_result_migration,tools/replot_results_e20_e24.py,python tools/replot_results_e20_e24.py,present_in_reference_tree,rebuild_from_code
results-E20-E24/source_figures/E21/unique/pairwise_r2/figures/r2_curve_pages/pairwise_r2_curves_page_09.pdf,outputs/results-E20-E24/source_figures/E21/unique/pairwise_r2/figures/r2_curve_pages/pairwise_r2_curves_page_09.pdf,29314,27635495f4e9ffe7234205480e7ca85ca367563b950cc7d2cd7ae6e211973896,source_result_migration,tools/replot_results_e20_e24.py,python tools/replot_results_e20_e24.py,present_in_reference_tree,rebuild_from_code
results-E20-E24/source_figures/E21/unique/pairwise_r2/figures/r2_curve_pages/pairwise_r2_curves_page_09.png,outputs/results-E20-E24/source_figures/E21/unique/pairwise_r2/figures/r2_curve_pages/pairwise_r2_curves_page_09.png,325016,95fd7dba0ceffe1cce8531adb54455e66be537d1d3650bd0bd3444da2c47ccab,source_result_migration,tools/replot_results_e20_e24.py,python tools/replot_results_e20_e24.py,present_in_reference_tree,rebuild_from_code
results-E20-E24/source_figures/E21/unique/pairwise_r2/figures/r2_curves/P001_r2_curve.pdf,outputs/results-E20-E24/source_figures/E21/unique/pairwise_r2/figures/r2_curves/P001_r2_curve.pdf,17994,173f9dcd6de627b9444d3da2a0b1b111cf8ad11dec45d96c002f9a901c5dc858,source_result_migration,tools/replot_results_e20_e24.py,python tools/replot_results_e20_e24.py,present_in_reference_tree,rebuild_from_code
results-E20-E24/source_figures/E21/unique/pairwise_r2/figures/r2_curves/P001_r2_curve.png,outputs/results-E20-E24/source_figures/E21/unique/pairwise_r2/figures/r2_curves/P001_r2_curve.png,110556,9f270e209e2fd7188cb7e6684f55dd814fa06f5532354fe7c4e93094963376cc,source_result_migration,tools/replot_results_e20_e24.py,python tools/replot_results_e20_e24.py,present_in_reference_tree,rebuild_from_code
results-E20-E24/source_figures/E21/unique/pairwise_r2/figures/r2_curves/P002_r2_curve.pdf,outputs/results-E20-E24/source_figures/E21/unique/pairwise_r2/figures/r2_curves/P002_r2_curve.pdf,18958,a012c27f3ece7210da50789e3ec0d782cbcbde44bfc6f921d069c3f73d91f42b,source_result_migration,tools/replot_results_e20_e24.py,python tools/replot_results_e20_e24.py,present_in_reference_tree,rebuild_from_code
results-E20-E24/source_figures/E21/unique/pairwise_r2/figures/r2_curves/P002_r2_curve.png,outputs/results-E20-E24/source_figures/E21/unique/pairwise_r2/figures/r2_curves/P002_r2_curve.png,110303,fdfa40de2aa3398415d4682f0fcb5d86761b1091c199dbfab20d32778fc6c553,source_result_migration,tools/replot_results_e20_e24.py,python tools/replot_results_e20_e24.py,present_in_reference_tree,rebuild_from_code
results-E20-E24/source_figures/E21/unique/pairwise_r2/figures/r2_curves/P003_r2_curve.pdf,outputs/results-E20-E24/source_figures/E21/unique/pairwise_r2/figures/r2_curves/P003_r2_curve.pdf,19801,6914584abc1936187da1fc8a571242f24cd5139491d642c9b4da6330a0606e14,source_result_migration,tools/replot_results_e20_e24.py,python tools/replot_results_e20_e24.py,present_in_reference_tree,rebuild_from_code
results-E20-E24/source_figures/E21/unique/pairwise_r2/figures/r2_curves/P003_r2_curve.png,outputs/results-E20-E24/source_figures/E21/unique/pairwise_r2/figures/r2_curves/P003_r2_curve.png,111814,539932499d3b5600f5d03d48ae5afaefba939df9de827773aeee2097b81c791e,source_result_migration,tools/replot_results_e20_e24.py,python tools/replot_results_e20_e24.py,present_in_reference_tree,rebuild_from_code
results-E20-E24/source_figures/E21/unique/pairwise_r2/figures/r2_curves/P004_r2_curve.pdf,outputs/results-E20-E24/source_figures/E21/unique/pairwise_r2/figures/r2_curves/P004_r2_curve.pdf,18007,3ea84339e77d186a0db4bb512d27b6b37e0aa1bde868d6458f6c0e436e0e46f3,source_result_migration,tools/replot_results_e20_e24.py,python tools/replot_results_e20_e24.py,present_in_reference_tree,rebuild_from_code
results-E20-E24/source_figures/E21/unique/pairwise_r2/figures/r2_curves/P004_r2_curve.png,outputs/results-E20-E24/source_figures/E21/unique/pairwise_r2/figures/r2_curves/P004_r2_curve.png,110864,bdd5a57498efdf4301774f09a13be60de514257af39e162244d69683c9ca8a83,source_result_migration,tools/replot_results_e20_e24.py,python tools/replot_results_e20_e24.py,present_in_reference_tree,rebuild_from_code
results-E20-E24/source_figures/E21/unique/pairwise_r2/figures/r2_curves/P005_r2_curve.pdf,outputs/results-E20-E24/source_figures/E21/unique/pairwise_r2/figures/r2_curves/P005_r2_curve.pdf,18189,4967c2c0db22ca26f809f9f064146274811e6f131bd0e03be5f457ef6b608803,source_result_migration,tools/replot_results_e20_e24.py,python tools/replot_results_e20_e24.py,present_in_reference_tree,rebuild_from_code
results-E20-E24/source_figures/E21/unique/pairwise_r2/figures/r2_curves/P005_r2_curve.png,outputs/results-E20-E24/source_figures/E21/unique/pairwise_r2/figures/r2_curves/P005_r2_curve.png,112122,631c2a7c5ed40df8d2a1410860fbff8eb8250d4bb031fd70026c062de794f49c,source_result_migration,tools/replot_results_e20_e24.py,python tools/replot_results_e20_e24.py,present_in_reference_tree,rebuild_from_code
results-E20-E24/source_figures/E21/unique/pairwise_r2/figures/r2_curves/P006_r2_curve.pdf,outputs/results-E20-E24/source_figures/E21/unique/pairwise_r2/figures/r2_curves/P006_r2_curve.pdf,18792,6c38a235aab7d91bfbadca881baf4ac059dbdba0e87a9d74bff02e39d3031ab4,source_result_migration,tools/replot_results_e20_e24.py,python tools/replot_results_e20_e24.py,present_in_reference_tree,rebuild_from_code
results-E20-E24/source_figures/E21/unique/pairwise_r2/figures/r2_curves/P006_r2_curve.png,outputs/results-E20-E24/source_figures/E21/unique/pairwise_r2/figures/r2_curves/P006_r2_curve.png,111413,7ed1a794e02375258e57089810a582af50abc110354b9699df4f3bc8103bae98,source_result_migration,tools/replot_results_e20_e24.py,python tools/replot_results_e20_e24.py,present_in_reference_tree,rebuild_from_code
results-E20-E24/source_figures/E21/unique/pairwise_r2/figures/r2_curves/P007_r2_curve.pdf,outputs/results-E20-E24/source_figures/E21/unique/pairwise_r2/figures/r2_curves/P007_r2_curve.pdf,18185,b0d78ff357fc092f15208e8eb5f50dd6053695e2c98f517e856ac96d5784c8ea,source_result_migration,tools/replot_results_e20_e24.py,python tools/replot_results_e20_e24.py,present_in_reference_tree,rebuild_from_code
results-E20-E24/source_figures/E21/unique/pairwise_r2/figures/r2_curves/P007_r2_curve.png,outputs/results-E20-E24/source_figures/E21/unique/pairwise_r2/figures/r2_curves/P007_r2_curve.png,115215,223539105ac3a38a9679d707fed516e3e6e415ec99dbc34680fdce1f647c5563,source_result_migration,tools/replot_results_e20_e24.py,python tools/replot_results_e20_e24.py,present_in_reference_tree,rebuild_from_code
results-E20-E24/source_figures/E21/unique/pairwise_r2/figures/r2_curves/P008_r2_curve.pdf,outputs/results-E20-E24/source_figures/E21/unique/pairwise_r2/figures/r2_curves/P008_r2_curve.pdf,18889,0a1bd666889070230f22398871bccdd2ad2f493737a7d0377cadeae01b22315b,source_result_migration,tools/replot_results_e20_e24.py,python tools/replot_results_e20_e24.py,present_in_reference_tree,rebuild_from_code
results-E20-E24/source_figures/E21/unique/pairwise_r2/figures/r2_curves/P008_r2_curve.png,outputs/results-E20-E24/source_figures/E21/unique/pairwise_r2/figures/r2_curves/P008_r2_curve.png,115942,fbf5a91d06bacc64138759ceea22f7e15ce41b0fbfce4b2e66e34bb404e11d57,source_result_migration,tools/replot_results_e20_e24.py,python tools/replot_results_e20_e24.py,present_in_reference_tree,rebuild_from_code
results-E20-E24/source_figures/E21/unique/pairwise_r2/figures/r2_curves/P009_r2_curve.pdf,outputs/results-E20-E24/source_figures/E21/unique/pairwise_r2/figures/r2_curves/P009_r2_curve.pdf,19710,bc28d9d7699d620e00d987afa9665bfe86eac1d980635ce88a37e16323a5c68f,source_result_migration,tools/replot_results_e20_e24.py,python tools/replot_results_e20_e24.py,present_in_reference_tree,rebuild_from_code
results-E20-E24/source_figures/E21/unique/pairwise_r2/figures/r2_curves/P009_r2_curve.png,outputs/results-E20-E24/source_figures/E21/unique/pairwise_r2/figures/r2_curves/P009_r2_curve.png,115166,9aa231eb3c9351008d34343c68e0a40e9c02b763310220bf029d53ec4748aa18,source_result_migration,tools/replot_results_e20_e24.py,python tools/replot_results_e20_e24.py,present_in_reference_tree,rebuild_from_code
results-E20-E24/source_figures/E21/unique/pairwise_r2/figures/r2_curves/P010_r2_curve.pdf,outputs/results-E20-E24/source_figures/E21/unique/pairwise_r2/figures/r2_curves/P010_r2_curve.pdf,19261,12860354d7702deeb91449e1600741403146cb1326f3f4964adb4666d45e6904,source_result_migration,tools/replot_results_e20_e24.py,python tools/replot_results_e20_e24.py,present_in_reference_tree,rebuild_from_code
results-E20-E24/source_figures/E21/unique/pairwise_r2/figures/r2_curves/P010_r2_curve.png,outputs/results-E20-E24/source_figures/E21/unique/pairwise_r2/figures/r2_curves/P010_r2_curve.png,112828,150f391e33271e60e80159fedd9c974ed54db9f746a1d3fe8979dab6fff91990,source_result_migration,tools/replot_results_e20_e24.py,python tools/replot_results_e20_e24.py,present_in_reference_tree,rebuild_from_code
results-E20-E24/source_figures/E21/unique/pairwise_r2/figures/r2_curves/P011_r2_curve.pdf,outputs/results-E20-E24/source_figures/E21/unique/pairwise_r2/figures/r2_curves/P011_r2_curve.pdf,18814,e1d211fe3f25963c115f3c511c3c182e00871ecee41cc8652112f996876690a6,source_result_migration,tools/replot_results_e20_e24.py,python tools/replot_results_e20_e24.py,present_in_reference_tree,rebuild_from_code
results-E20-E24/source_figures/E21/unique/pairwise_r2/figures/r2_curves/P011_r2_curve.png,outputs/results-E20-E24/source_figures/E21/unique/pairwise_r2/figures/r2_curves/P011_r2_curve.png,111144,127aa7b415f623d267a0b8cbfd6d7a34aee91df0885d7727c2e3b266d252d4ed,source_result_migration,tools/replot_results_e20_e24.py,python tools/replot_results_e20_e24.py,present_in_reference_tree,rebuild_from_code
results-E20-E24/source_figures/E21/unique/pairwise_r2/figures/r2_curves/P012_r2_curve.pdf,outputs/results-E20-E24/source_figures/E21/unique/pairwise_r2/figures/r2_curves/P012_r2_curve.pdf,18835,a51d15b6063bdae27afe0b0b7003719780cdd2d27e8c533d99a017a14d6ae9df,source_result_migration,tools/replot_results_e20_e24.py,python tools/replot_results_e20_e24.py,present_in_reference_tree,rebuild_from_code
results-E20-E24/source_figures/E21/unique/pairwise_r2/figures/r2_curves/P012_r2_curve.png,outputs/results-E20-E24/source_figures/E21/unique/pairwise_r2/figures/r2_curves/P012_r2_curve.png,115497,a258c53f85a820b01e8bb3ae083d3fddf8044f78f7b0042128e627856df89021,source_result_migration,tools/replot_results_e20_e24.py,python tools/replot_results_e20_e24.py,present_in_reference_tree,rebuild_from_code
results-E20-E24/source_figures/E21/unique/pairwise_r2/figures/r2_curves/P013_r2_curve.pdf,outputs/results-E20-E24/source_figures/E21/unique/pairwise_r2/figures/r2_curves/P013_r2_curve.pdf,18986,542d11a6ba6c2df5c4da2453389511a882b5c9e1a9fa02d60bbe2e802edfd1ab,source_result_migration,tools/replot_results_e20_e24.py,python tools/replot_results_e20_e24.py,present_in_reference_tree,rebuild_from_code
results-E20-E24/source_figures/E21/unique/pairwise_r2/figures/r2_curves/P013_r2_curve.png,outputs/results-E20-E24/source_figures/E21/unique/pairwise_r2/figures/r2_curves/P013_r2_curve.png,110657,ca4b7be8b9bdbe9fd58118f587f064550584930effba1ef866053a6a14f2b96a,source_result_migration,tools/replot_results_e20_e24.py,python tools/replot_results_e20_e24.py,present_in_reference_tree,rebuild_from_code
results-E20-E24/source_figures/E21/unique/pairwise_r2/figures/r2_curves/P014_r2_curve.pdf,outputs/results-E20-E24/source_figures/E21/unique/pairwise_r2/figures/r2_curves/P014_r2_curve.pdf,19371,62b58e673268929fb0b552c71193cf38f734de6861f33b55853fd861ed1ecdf0,source_result_migration,tools/replot_results_e20_e24.py,python tools/replot_results_e20_e24.py,present_in_reference_tree,rebuild_from_code
results-E20-E24/source_figures/E21/unique/pairwise_r2/figures/r2_curves/P014_r2_curve.png,outputs/results-E20-E24/source_figures/E21/unique/pairwise_r2/figures/r2_curves/P014_r2_curve.png,85125,7122fcbe2e3319400973271188eb8be0fdfb7af3f31c94cd6d2cfde7beff6ea9,source_result_migration,tools/replot_results_e20_e24.py,python tools/replot_results_e20_e24.py,present_in_reference_tree,rebuild_from_code
results-E20-E24/source_figures/E21/unique/pairwise_r2/figures/r2_curves/P015_r2_curve.pdf,outputs/results-E20-E24/source_figures/E21/unique/pairwise_r2/figures/r2_curves/P015_r2_curve.pdf,18963,c8e7fa7edb3f989db5085f7c4830b09fd468d64f2f9e83897b39fa9c9e71ad3f,source_result_migration,tools/replot_results_e20_e24.py,python tools/replot_results_e20_e24.py,present_in_reference_tree,rebuild_from_code
results-E20-E24/source_figures/E21/unique/pairwise_r2/figures/r2_curves/P015_r2_curve.png,outputs/results-E20-E24/source_figures/E21/unique/pairwise_r2/figures/r2_curves/P015_r2_curve.png,109178,63f4b837d9dcb5f21c95117718cc4044dc22647dd92258e3a6141ad2306dc145,source_result_migration,tools/replot_results_e20_e24.py,python tools/replot_results_e20_e24.py,present_in_reference_tree,rebuild_from_code
results-E20-E24/source_figures/E21/unique/pairwise_r2/figures/r2_curves/P016_r2_curve.pdf,outputs/results-E20-E24/source_figures/E21/unique/pairwise_r2/figures/r2_curves/P016_r2_curve.pdf,19359,31cd70633dfa9f45fe5fbb810adb177e160698a31edb32b8bce9a3711ac2cd2e,source_result_migration,tools/replot_results_e20_e24.py,python tools/replot_results_e20_e24.py,present_in_reference_tree,rebuild_from_code
results-E20-E24/source_figures/E21/unique/pairwise_r2/figures/r2_curves/P016_r2_curve.png,outputs/results-E20-E24/source_figures/E21/unique/pairwise_r2/figures/r2_curves/P016_r2_curve.png,114355,541f4481e53cdb8ae8b0bca216c0008b202dafdb75b43ee9885324acd5e980a8,source_result_migration,tools/replot_results_e20_e24.py,python tools/replot_results_e20_e24.py,present_in_reference_tree,rebuild_from_code
results-E20-E24/source_figures/E21/unique/pairwise_r2/figures/r2_curves/P017_r2_curve.pdf,outputs/results-E20-E24/source_figures/E21/unique/pairwise_r2/figures/r2_curves/P017_r2_curve.pdf,18182,feca62cd560788c9485c21e1f968ee9c59a01509867f0c183e15ad1ad089000f,source_result_migration,tools/replot_results_e20_e24.py,python tools/replot_results_e20_e24.py,present_in_reference_tree,rebuild_from_code
results-E20-E24/source_figures/E21/unique/pairwise_r2/figures/r2_curves/P017_r2_curve.png,outputs/results-E20-E24/source_figures/E21/unique/pairwise_r2/figures/r2_curves/P017_r2_curve.png,112466,bb407f3eccf7f108b0b5ee2fb6775618a5aa1ce62b3a6c7c64574035730d8f54,source_result_migration,tools/replot_results_e20_e24.py,python tools/replot_results_e20_e24.py,present_in_reference_tree,rebuild_from_code
results-E20-E24/source_figures/E21/unique/pairwise_r2/figures/r2_curves/P018_r2_curve.pdf,outputs/results-E20-E24/source_figures/E21/unique/pairwise_r2/figures/r2_curves/P018_r2_curve.pdf,18196,10028c4f52f7a7a5b49ea5f9cdb81382e1cd10e850e15d8753eaebcc5dcb1593,source_result_migration,tools/replot_results_e20_e24.py,python tools/replot_results_e20_e24.py,present_in_reference_tree,rebuild_from_code
results-E20-E24/source_figures/E21/unique/pairwise_r2/figures/r2_curves/P018_r2_curve.png,outputs/results-E20-E24/source_figures/E21/unique/pairwise_r2/figures/r2_curves/P018_r2_curve.png,112213,425318ab920dae1452e44125cd7a420f0b853ca025bfa5d1e1f4182c073b7e43,source_result_migration,tools/replot_results_e20_e24.py,python tools/replot_results_e20_e24.py,present_in_reference_tree,rebuild_from_code
results-E20-E24/source_figures/E21/unique/pairwise_r2/figures/r2_curves/P019_r2_curve.pdf,outputs/results-E20-E24/source_figures/E21/unique/pairwise_r2/figures/r2_curves/P019_r2_curve.pdf,18789,1f3da5ba29d1d833ab483dfcb274cae8e545dc34d5a2ab2a22f76196375643f3,source_result_migration,tools/replot_results_e20_e24.py,python tools/replot_results_e20_e24.py,present_in_reference_tree,rebuild_from_code
results-E20-E24/source_figures/E21/unique/pairwise_r2/figures/r2_curves/P019_r2_curve.png,outputs/results-E20-E24/source_figures/E21/unique/pairwise_r2/figures/r2_curves/P019_r2_curve.png,110666,412365696acf5d456a8264e0acc8fc9a6070c12f2e749ae57c276a76f7a3d934,source_result_migration,tools/replot_results_e20_e24.py,python tools/replot_results_e20_e24.py,present_in_reference_tree,rebuild_from_code
results-E20-E24/source_figures/E21/unique/pairwise_r2/figures/r2_curves/P020_r2_curve.pdf,outputs/results-E20-E24/source_figures/E21/unique/pairwise_r2/figures/r2_curves/P020_r2_curve.pdf,18182,cf461f8e7a110fa166a5d7f8cdf76484668c14c80e22b8db7bfe76bd2f3bad4e,source_result_migration,tools/replot_results_e20_e24.py,python tools/replot_results_e20_e24.py,present_in_reference_tree,rebuild_from_code
results-E20-E24/source_figures/E21/unique/pairwise_r2/figures/r2_curves/P020_r2_curve.png,outputs/results-E20-E24/source_figures/E21/unique/pairwise_r2/figures/r2_curves/P020_r2_curve.png,111719,3e3bc38b7858927cb305249c8f20a993792817592714e092da1965851e5c9a90,source_result_migration,tools/replot_results_e20_e24.py,python tools/replot_results_e20_e24.py,present_in_reference_tree,rebuild_from_code
results-E20-E24/source_figures/E21/unique/pairwise_r2/figures/r2_curves/P021_r2_curve.pdf,outputs/results-E20-E24/source_figures/E21/unique/pairwise_r2/figures/r2_curves/P021_r2_curve.pdf,18883,040c305ad9f33f85fe6979c1b6988f29e3eca66cd776463d143a58ec99097745,source_result_migration,tools/replot_results_e20_e24.py,python tools/replot_results_e20_e24.py,present_in_reference_tree,rebuild_from_code
results-E20-E24/source_figures/E21/unique/pairwise_r2/figures/r2_curves/P021_r2_curve.png,outputs/results-E20-E24/source_figures/E21/unique/pairwise_r2/figures/r2_curves/P021_r2_curve.png,110932,cacce0562b6f0afcd10a11ab45de1941637b50811bc1fc2b4f8db4b1f2f51455,source_result_migration,tools/replot_results_e20_e24.py,python tools/replot_results_e20_e24.py,present_in_reference_tree,rebuild_from_code
results-E20-E24/source_figures/E21/unique/pairwise_r2/figures/r2_curves/P022_r2_curve.pdf,outputs/results-E20-E24/source_figures/E21/unique/pairwise_r2/figures/r2_curves/P022_r2_curve.pdf,19255,81686dd48ae3590824863a159128ec860c5465ae74ec0d9b8d52aa673464cb5c,source_result_migration,tools/replot_results_e20_e24.py,python tools/replot_results_e20_e24.py,present_in_reference_tree,rebuild_from_code
results-E20-E24/source_figures/E21/unique/pairwise_r2/figures/r2_curves/P022_r2_curve.png,outputs/results-E20-E24/source_figures/E21/unique/pairwise_r2/figures/r2_curves/P022_r2_curve.png,112719,7ec5b3dee8e1ada698bb7abb4539f2f0631001c132f3bf284e579f8a6c1e7a0f,source_result_migration,tools/replot_results_e20_e24.py,python tools/replot_results_e20_e24.py,present_in_reference_tree,rebuild_from_code
results-E20-E24/source_figures/E21/unique/pairwise_r2/figures/r2_curves/P023_r2_curve.pdf,outputs/results-E20-E24/source_figures/E21/unique/pairwise_r2/figures/r2_curves/P023_r2_curve.pdf,19261,29b1d51762300cca5df2889ba57c09b657e197547e2d377ca1bb3671e4bd876b,source_result_migration,tools/replot_results_e20_e24.py,python tools/replot_results_e20_e24.py,present_in_reference_tree,rebuild_from_code
results-E20-E24/source_figures/E21/unique/pairwise_r2/figures/r2_curves/P023_r2_curve.png,outputs/results-E20-E24/source_figures/E21/unique/pairwise_r2/figures/r2_curves/P023_r2_curve.png,106798,5c80111afacc680d6155cef89c4e87cb1580d094fea3639ab0606eff78ad24ca,source_result_migration,tools/replot_results_e20_e24.py,python tools/replot_results_e20_e24.py,present_in_reference_tree,rebuild_from_code
results-E20-E24/source_figures/E21/unique/pairwise_r2/figures/r2_curves/P024_r2_curve.pdf,outputs/results-E20-E24/source_figures/E21/unique/pairwise_r2/figures/r2_curves/P024_r2_curve.pdf,18811,715bd0a3a08c0155fb7c91f4e56c586363a7d7bbe23caa54295bb3c7b8d3e02d,source_result_migration,tools/replot_results_e20_e24.py,python tools/replot_results_e20_e24.py,present_in_reference_tree,rebuild_from_code
results-E20-E24/source_figures/E21/unique/pairwise_r2/figures/r2_curves/P024_r2_curve.png,outputs/results-E20-E24/source_figures/E21/unique/pairwise_r2/figures/r2_curves/P024_r2_curve.png,111253,249b48e5ecf8d5a3adda7bff5657e30042c5d2412e4630c4b603ce93904b0e24,source_result_migration,tools/replot_results_e20_e24.py,python tools/replot_results_e20_e24.py,present_in_reference_tree,rebuild_from_code
results-E20-E24/source_figures/E21/unique/pairwise_r2/figures/r2_curves/P025_r2_curve.pdf,outputs/results-E20-E24/source_figures/E21/unique/pairwise_r2/figures/r2_curves/P025_r2_curve.pdf,18375,6bd662b03c3f6fa225409c5c3a829bf27b0bb2ac88734cd071996c5f2d71619c,source_result_migration,tools/replot_results_e20_e24.py,python tools/replot_results_e20_e24.py,present_in_reference_tree,rebuild_from_code
results-E20-E24/source_figures/E21/unique/pairwise_r2/figures/r2_curves/P025_r2_curve.png,outputs/results-E20-E24/source_figures/E21/unique/pairwise_r2/figures/r2_curves/P025_r2_curve.png,112927,224894d3ebcdb27c0a12f79af9ebcd918d2afc896b9e114ab8fc9d5bcb2799cf,source_result_migration,tools/replot_results_e20_e24.py,python tools/replot_results_e20_e24.py,present_in_reference_tree,rebuild_from_code
results-E20-E24/source_figures/E21/unique/pairwise_r2/figures/r2_curves/P026_r2_curve.pdf,outputs/results-E20-E24/source_figures/E21/unique/pairwise_r2/figures/r2_curves/P026_r2_curve.pdf,18709,b422c2e3ffcfbfe60709e779a00d0b34cec790157b760f3ddfdb94414dcdc73b,source_result_migration,tools/replot_results_e20_e24.py,python tools/replot_results_e20_e24.py,present_in_reference_tree,rebuild_from_code
results-E20-E24/source_figures/E21/unique/pairwise_r2/figures/r2_curves/P026_r2_curve.png,outputs/results-E20-E24/source_figures/E21/unique/pairwise_r2/figures/r2_curves/P026_r2_curve.png,111445,fda9faa7d58e806ce44dc95d740c1f9e9c7057c61e4d6b172b6c01de7dd87a47,source_result_migration,tools/replot_results_e20_e24.py,python tools/replot_results_e20_e24.py,present_in_reference_tree,rebuild_from_code
results-E20-E24/source_figures/E21/unique/pairwise_r2/figures/r2_curves/P027_r2_curve.pdf,outputs/results-E20-E24/source_figures/E21/unique/pairwise_r2/figures/r2_curves/P027_r2_curve.pdf,19557,4c44b61ba54c25ff00da8dd45b9f36b10588da4064581dc1a7a1ec7faa1e26de,source_result_migration,tools/replot_results_e20_e24.py,python tools/replot_results_e20_e24.py,present_in_reference_tree,rebuild_from_code
results-E20-E24/source_figures/E21/unique/pairwise_r2/figures/r2_curves/P027_r2_curve.png,outputs/results-E20-E24/source_figures/E21/unique/pairwise_r2/figures/r2_curves/P027_r2_curve.png,85837,a4e1a50b916f84d766c0e6be8b1fc93bf5031700fe084d1fbde821b2196309bc,source_result_migration,tools/replot_results_e20_e24.py,python tools/replot_results_e20_e24.py,present_in_reference_tree,rebuild_from_code
results-E20-E24/source_figures/E21/unique/pairwise_r2/figures/r2_curves/P028_r2_curve.pdf,outputs/results-E20-E24/source_figures/E21/unique/pairwise_r2/figures/r2_curves/P028_r2_curve.pdf,18986,46dedacd5d2395f9f1de59656e696d15c82001be89234794e50a0cc49a972087,source_result_migration,tools/replot_results_e20_e24.py,python tools/replot_results_e20_e24.py,present_in_reference_tree,rebuild_from_code
results-E20-E24/source_figures/E21/unique/pairwise_r2/figures/r2_curves/P028_r2_curve.png,outputs/results-E20-E24/source_figures/E21/unique/pairwise_r2/figures/r2_curves/P028_r2_curve.png,104902,f6d6a174ab59f2ac8527fe9a9a06fa182ea7acbb57a7efe5d11cb09d7739f8ef,source_result_migration,tools/replot_results_e20_e24.py,python tools/replot_results_e20_e24.py,present_in_reference_tree,rebuild_from_code
results-E20-E24/source_figures/E21/unique/pairwise_r2/figures/r2_curves/P029_r2_curve.pdf,outputs/results-E20-E24/source_figures/E21/unique/pairwise_r2/figures/r2_curves/P029_r2_curve.pdf,17518,83b1e8d5399ed1e6a19e19543d381a1043e4f18a55ec5731c4f1b26f42a7ec6f,source_result_migration,tools/replot_results_e20_e24.py,python tools/replot_results_e20_e24.py,present_in_reference_tree,rebuild_from_code
results-E20-E24/source_figures/E21/unique/pairwise_r2/figures/r2_curves/P029_r2_curve.png,outputs/results-E20-E24/source_figures/E21/unique/pairwise_r2/figures/r2_curves/P029_r2_curve.png,110575,04a82e4c982b35fab3ec70c1c76f004d4466f26b8ec62505cc88425be389c670,source_result_migration,tools/replot_results_e20_e24.py,python tools/replot_results_e20_e24.py,present_in_reference_tree,rebuild_from_code
results-E20-E24/source_figures/E21/unique/pairwise_r2/figures/r2_curves/P030_r2_curve.pdf,outputs/results-E20-E24/source_figures/E21/unique/pairwise_r2/figures/r2_curves/P030_r2_curve.pdf,18702,6a0d2597d34be1594c5a5e66f95504caeadfd9b610cebaa253541a1af5098030,source_result_migration,tools/replot_results_e20_e24.py,python tools/replot_results_e20_e24.py,present_in_reference_tree,rebuild_from_code
results-E20-E24/source_figures/E21/unique/pairwise_r2/figures/r2_curves/P030_r2_curve.png,outputs/results-E20-E24/source_figures/E21/unique/pairwise_r2/figures/r2_curves/P030_r2_curve.png,116086,0a9a805732fec99f0aa85210af8645af8ff3eb261e46a14ced2f74dd05cea1d8,source_result_migration,tools/replot_results_e20_e24.py,python tools/replot_results_e20_e24.py,present_in_reference_tree,rebuild_from_code
results-E20-E24/source_figures/E21/unique/pairwise_r2/figures/r2_curves/P031_r2_curve.pdf,outputs/results-E20-E24/source_figures/E21/unique/pairwise_r2/figures/r2_curves/P031_r2_curve.pdf,18953,9fdb8c429c03e6906b5084d1a243106cd921b7978c83c9829920b280242a17d6,source_result_migration,tools/replot_results_e20_e24.py,python tools/replot_results_e20_e24.py,present_in_reference_tree,rebuild_from_code
results-E20-E24/source_figures/E21/unique/pairwise_r2/figures/r2_curves/P031_r2_curve.png,outputs/results-E20-E24/source_figures/E21/unique/pairwise_r2/figures/r2_curves/P031_r2_curve.png,111169,9a1aa3dfe9ae615d5fa2ba05cc2c8f537665e8320f5bcece0df6f7879f423b67,source_result_migration,tools/replot_results_e20_e24.py,python tools/replot_results_e20_e24.py,present_in_reference_tree,rebuild_from_code
results-E20-E24/source_figures/E21/unique/pairwise_r2/figures/r2_curves/P032_r2_curve.pdf,outputs/results-E20-E24/source_figures/E21/unique/pairwise_r2/figures/r2_curves/P032_r2_curve.pdf,18237,b4d40e38c50936df8de9f61980abff97c48539118099ce9dcc3a25c8f08d7b1c,source_result_migration,tools/replot_results_e20_e24.py,python tools/replot_results_e20_e24.py,present_in_reference_tree,rebuild_from_code
results-E20-E24/source_figures/E21/unique/pairwise_r2/figures/r2_curves/P032_r2_curve.png,outputs/results-E20-E24/source_figures/E21/unique/pairwise_r2/figures/r2_curves/P032_r2_curve.png,114335,3b90e9543789203f24ba07b76b79538038ec91ef393121088956b7aa31ae985b,source_result_migration,tools/replot_results_e20_e24.py,python tools/replot_results_e20_e24.py,present_in_reference_tree,rebuild_from_code
results-E20-E24/source_figures/E21/unique/pairwise_r2/figures/r2_curves/P033_r2_curve.pdf,outputs/results-E20-E24/source_figures/E21/unique/pairwise_r2/figures/r2_curves/P033_r2_curve.pdf,18863,fc682872b86dd5bedb3fba1b0dcb378ed0758e2c0d90ef0998f7a62ec758b5c0,source_result_migration,tools/replot_results_e20_e24.py,python tools/replot_results_e20_e24.py,present_in_reference_tree,rebuild_from_code
results-E20-E24/source_figures/E21/unique/pairwise_r2/figures/r2_curves/P033_r2_curve.png,outputs/results-E20-E24/source_figures/E21/unique/pairwise_r2/figures/r2_curves/P033_r2_curve.png,107909,d444f123a1576adb6823208288b8b001ece36d011bd3d5aa503aa4adc6ba0184,source_result_migration,tools/replot_results_e20_e24.py,python tools/replot_results_e20_e24.py,present_in_reference_tree,rebuild_from_code
results-E20-E24/source_figures/E21/unique/pairwise_r2/figures/r2_curves/P034_r2_curve.pdf,outputs/results-E20-E24/source_figures/E21/unique/pairwise_r2/figures/r2_curves/P034_r2_curve.pdf,19222,7e7a3b1969ab290ca771dd410924a2fb957517faeabd2181d476add102719512,source_result_migration,tools/replot_results_e20_e24.py,python tools/replot_results_e20_e24.py,present_in_reference_tree,rebuild_from_code
results-E20-E24/source_figures/E21/unique/pairwise_r2/figures/r2_curves/P034_r2_curve.png,outputs/results-E20-E24/source_figures/E21/unique/pairwise_r2/figures/r2_curves/P034_r2_curve.png,110065,a125091fcefc6771dd3f4e9bacd45618384e9d3dc4928db1f0804054bd5d6587,source_result_migration,tools/replot_results_e20_e24.py,python tools/replot_results_e20_e24.py,present_in_reference_tree,rebuild_from_code
results-E20-E24/source_figures/E21/unique/pairwise_r2/figures/r2_curves/P035_r2_curve.pdf,outputs/results-E20-E24/source_figures/E21/unique/pairwise_r2/figures/r2_curves/P035_r2_curve.pdf,18776,774a1547b3550c532320d72a5d50274ad71cc768a8f4279511651b31f2b87a57,source_result_migration,tools/replot_results_e20_e24.py,python tools/replot_results_e20_e24.py,present_in_reference_tree,rebuild_from_code
results-E20-E24/source_figures/E21/unique/pairwise_r2/figures/r2_curves/P035_r2_curve.png,outputs/results-E20-E24/source_figures/E21/unique/pairwise_r2/figures/r2_curves/P035_r2_curve.png,111801,8bef2b0091a151aabafc60883d8f45d136dd6407eefb48ed8015d4be3e37b29e,source_result_migration,tools/replot_results_e20_e24.py,python tools/replot_results_e20_e24.py,present_in_reference_tree,rebuild_from_code
results-E20-E24/source_figures/E21/unique/pairwise_r2/figures/r2_curves/P036_r2_curve.pdf,outputs/results-E20-E24/source_figures/E21/unique/pairwise_r2/figures/r2_curves/P036_r2_curve.pdf,18767,afaf326cab21846c48912e64a418f2e3e909dfc3cfed8a3eabb1c602a86ee4d4,source_result_migration,tools/replot_results_e20_e24.py,python tools/replot_results_e20_e24.py,present_in_reference_tree,rebuild_from_code
results-E20-E24/source_figures/E21/unique/pairwise_r2/figures/r2_curves/P036_r2_curve.png,outputs/results-E20-E24/source_figures/E21/unique/pairwise_r2/figures/r2_curves/P036_r2_curve.png,109902,44ac915d86bfdfdc6109d56f20b5fc56f92d0c7a10900f32795fb6790a3c4015,source_result_migration,tools/replot_results_e20_e24.py,python tools/replot_results_e20_e24.py,present_in_reference_tree,rebuild_from_code
results-E20-E24/source_figures/E21/unique/pairwise_r2/figures/r2_curves/P037_r2_curve.pdf,outputs/results-E20-E24/source_figures/E21/unique/pairwise_r2/figures/r2_curves/P037_r2_curve.pdf,18529,4efc95490493abb9462426d2fca51aad31255c951faf0eec4314eb7375586547,source_result_migration,tools/replot_results_e20_e24.py,python tools/replot_results_e20_e24.py,present_in_reference_tree,rebuild_from_code
results-E20-E24/source_figures/E21/unique/pairwise_r2/figures/r2_curves/P037_r2_curve.png,outputs/results-E20-E24/source_figures/E21/unique/pairwise_r2/figures/r2_curves/P037_r2_curve.png,110728,0c3c7d5cdfc7ef69576c33e7b56d89ee869f4cb2d29606cb77686b8a33bd4e48,source_result_migration,tools/replot_results_e20_e24.py,python tools/replot_results_e20_e24.py,present_in_reference_tree,rebuild_from_code
results-E20-E24/source_figures/E21/unique/pairwise_r2/figures/r2_curves/P038_r2_curve.pdf,outputs/results-E20-E24/source_figures/E21/unique/pairwise_r2/figures/r2_curves/P038_r2_curve.pdf,18149,b4eaa0957bfd55a5d72710c41ff0155b3078fd4d0f752ffdf9b50e3b4fed3ad4,source_result_migration,tools/replot_results_e20_e24.py,python tools/replot_results_e20_e24.py,present_in_reference_tree,rebuild_from_code
results-E20-E24/source_figures/E21/unique/pairwise_r2/figures/r2_curves/P038_r2_curve.png,outputs/results-E20-E24/source_figures/E21/unique/pairwise_r2/figures/r2_curves/P038_r2_curve.png,109226,aadfeb4ccfa003a02843a80c4d049cd669ce2b1a5cd499d54e1c5bdc892fb287,source_result_migration,tools/replot_results_e20_e24.py,python tools/replot_results_e20_e24.py,present_in_reference_tree,rebuild_from_code
results-E20-E24/source_figures/E21/unique/pairwise_r2/figures/r2_curves/P039_r2_curve.pdf,outputs/results-E20-E24/source_figures/E21/unique/pairwise_r2/figures/r2_curves/P039_r2_curve.pdf,19598,25bac2808aa905ff9b9b80863f673a492c25433f37d6c777350611f3c6687e4e,source_result_migration,tools/replot_results_e20_e24.py,python tools/replot_results_e20_e24.py,present_in_reference_tree,rebuild_from_code
results-E20-E24/source_figures/E21/unique/pairwise_r2/figures/r2_curves/P039_r2_curve.png,outputs/results-E20-E24/source_figures/E21/unique/pairwise_r2/figures/r2_curves/P039_r2_curve.png,86514,82b3d7f83af970b2d0ae0944b30fd58dd24f2e279520210e13d915fc750d1fc4,source_result_migration,tools/replot_results_e20_e24.py,python tools/replot_results_e20_e24.py,present_in_reference_tree,rebuild_from_code
results-E20-E24/source_figures/E21/unique/pairwise_r2/figures/r2_curves/P040_r2_curve.pdf,outputs/results-E20-E24/source_figures/E21/unique/pairwise_r2/figures/r2_curves/P040_r2_curve.pdf,18363,67d86a68f1adea77a49291893c2e0a33a41355e0315fda9b8f14e2d797171a72,source_result_migration,tools/replot_results_e20_e24.py,python tools/replot_results_e20_e24.py,present_in_reference_tree,rebuild_from_code
results-E20-E24/source_figures/E21/unique/pairwise_r2/figures/r2_curves/P040_r2_curve.png,outputs/results-E20-E24/source_figures/E21/unique/pairwise_r2/figures/r2_curves/P040_r2_curve.png,112599,1bf8e46d83283652be8ef2b3ef2899b780ffc4ad62061061a3d9a016f655d729,source_result_migration,tools/replot_results_e20_e24.py,python tools/replot_results_e20_e24.py,present_in_reference_tree,rebuild_from_code
results-E20-E24/source_figures/E21/unique/pairwise_r2/figures/r2_curves/P041_r2_curve.pdf,outputs/results-E20-E24/source_figures/E21/unique/pairwise_r2/figures/r2_curves/P041_r2_curve.pdf,19368,ad16171bd66e1debba310116bdee2a556dd7b9d2c7f850399c9cb42aae878e1a,source_result_migration,tools/replot_results_e20_e24.py,python tools/replot_results_e20_e24.py,present_in_reference_tree,rebuild_from_code
results-E20-E24/source_figures/E21/unique/pairwise_r2/figures/r2_curves/P041_r2_curve.png,outputs/results-E20-E24/source_figures/E21/unique/pairwise_r2/figures/r2_curves/P041_r2_curve.png,116024,c3976d9ca3f43360a3c1e552132f5890f4657c32b6b5359df0ee4b25f4e0700b,source_result_migration,tools/replot_results_e20_e24.py,python tools/replot_results_e20_e24.py,present_in_reference_tree,rebuild_from_code
results-E20-E24/source_figures/E21/unique/pairwise_r2/figures/r2_curves/P042_r2_curve.pdf,outputs/results-E20-E24/source_figures/E21/unique/pairwise_r2/figures/r2_curves/P042_r2_curve.pdf,18715,649477d4ee109100d710fe73adfa0fc91186e84b53e969bb695738e74e1a154c,source_result_migration,tools/replot_results_e20_e24.py,python tools/replot_results_e20_e24.py,present_in_reference_tree,rebuild_from_code
results-E20-E24/source_figures/E21/unique/pairwise_r2/figures/r2_curves/P042_r2_curve.png,outputs/results-E20-E24/source_figures/E21/unique/pairwise_r2/figures/r2_curves/P042_r2_curve.png,110747,871b9c2396cf02dd69030c795b986b608a757b06b45341e565c86ae8cc19a21f,source_result_migration,tools/replot_results_e20_e24.py,python tools/replot_results_e20_e24.py,present_in_reference_tree,rebuild_from_code
results-E20-E24/source_figures/E21/unique/pairwise_r2/figures/r2_curves/P043_r2_curve.pdf,outputs/results-E20-E24/source_figures/E21/unique/pairwise_r2/figures/r2_curves/P043_r2_curve.pdf,19252,9e97a6865d7c9a7fa0dde7b67648d3c1090118b7fe33184f16ffa9536f9e83a4,source_result_migration,tools/replot_results_e20_e24.py,python tools/replot_results_e20_e24.py,present_in_reference_tree,rebuild_from_code
results-E20-E24/source_figures/E21/unique/pairwise_r2/figures/r2_curves/P043_r2_curve.png,outputs/results-E20-E24/source_figures/E21/unique/pairwise_r2/figures/r2_curves/P043_r2_curve.png,111343,1af0b3cca5838ba8fd18467533f041e5aa43054d8cb0cc41be8069e4c6033238,source_result_migration,tools/replot_results_e20_e24.py,python tools/replot_results_e20_e24.py,present_in_reference_tree,rebuild_from_code
results-E20-E24/source_figures/E21/unique/pairwise_r2/figures/r2_curves/P044_r2_curve.pdf,outputs/results-E20-E24/source_figures/E21/unique/pairwise_r2/figures/r2_curves/P044_r2_curve.pdf,19239,338282a607c241be447da11c9bf5d626e3581d48145ed785cc1ffc210bfa8c93,source_result_migration,tools/replot_results_e20_e24.py,python tools/replot_results_e20_e24.py,present_in_reference_tree,rebuild_from_code
results-E20-E24/source_figures/E21/unique/pairwise_r2/figures/r2_curves/P044_r2_curve.png,outputs/results-E20-E24/source_figures/E21/unique/pairwise_r2/figures/r2_curves/P044_r2_curve.png,111822,937b9183bd9c750f90270bfaa58348c6a2ff462e06f14b7af207efd3cbac877e,source_result_migration,tools/replot_results_e20_e24.py,python tools/replot_results_e20_e24.py,present_in_reference_tree,rebuild_from_code
results-E20-E24/source_figures/E21/unique/pairwise_r2/figures/r2_curves/P045_r2_curve.pdf,outputs/results-E20-E24/source_figures/E21/unique/pairwise_r2/figures/r2_curves/P045_r2_curve.pdf,19610,c8365c8e32f63a5e851552e7fe33f1d0544ca51f15771870fc97c9111da65086,source_result_migration,tools/replot_results_e20_e24.py,python tools/replot_results_e20_e24.py,present_in_reference_tree,rebuild_from_code
results-E20-E24/source_figures/E21/unique/pairwise_r2/figures/r2_curves/P045_r2_curve.png,outputs/results-E20-E24/source_figures/E21/unique/pairwise_r2/figures/r2_curves/P045_r2_curve.png,114761,4dcd53bf00f92bfec660a02c0ff4635693e6b02d655356bb48b0dcfd06fdb23e,source_result_migration,tools/replot_results_e20_e24.py,python tools/replot_results_e20_e24.py,present_in_reference_tree,rebuild_from_code
results-E20-E24/source_figures/E21/unique/pairwise_r2/figures/r2_curves/P046_r2_curve.pdf,outputs/results-E20-E24/source_figures/E21/unique/pairwise_r2/figures/r2_curves/P046_r2_curve.pdf,19624,66375fa517410cb678b96d70bc9f4f56f8833f702f66d732928964552c8f4b2a,source_result_migration,tools/replot_results_e20_e24.py,python tools/replot_results_e20_e24.py,present_in_reference_tree,rebuild_from_code
results-E20-E24/source_figures/E21/unique/pairwise_r2/figures/r2_curves/P046_r2_curve.png,outputs/results-E20-E24/source_figures/E21/unique/pairwise_r2/figures/r2_curves/P046_r2_curve.png,113606,6d8fff5ea8d76c7e0e2ee41057eb9a7688f28860eed43614f02fc358289a3dd2,source_result_migration,tools/replot_results_e20_e24.py,python tools/replot_results_e20_e24.py,present_in_reference_tree,rebuild_from_code
results-E20-E24/source_figures/E21/unique/pairwise_r2/figures/r2_curves/P047_r2_curve.pdf,outputs/results-E20-E24/source_figures/E21/unique/pairwise_r2/figures/r2_curves/P047_r2_curve.pdf,19358,4f5572523457162af67d49952e97c1961cad249846e0e9bdb542ebef43c7f770,source_result_migration,tools/replot_results_e20_e24.py,python tools/replot_results_e20_e24.py,present_in_reference_tree,rebuild_from_code
results-E20-E24/source_figures/E21/unique/pairwise_r2/figures/r2_curves/P047_r2_curve.png,outputs/results-E20-E24/source_figures/E21/unique/pairwise_r2/figures/r2_curves/P047_r2_curve.png,106680,6922a44f9cefa3942e9f5f2ecddc7b7fbc4f1e5c738a779b05cf4877d5f40272,source_result_migration,tools/replot_results_e20_e24.py,python tools/replot_results_e20_e24.py,present_in_reference_tree,rebuild_from_code
results-E20-E24/source_figures/E21/unique/pairwise_r2/figures/r2_curves/P048_r2_curve.pdf,outputs/results-E20-E24/source_figures/E21/unique/pairwise_r2/figures/r2_curves/P048_r2_curve.pdf,18738,ab71d5047086019ed64576c06db57b517513f66a25eb29022115b276d4d25a4a,source_result_migration,tools/replot_results_e20_e24.py,python tools/replot_results_e20_e24.py,present_in_reference_tree,rebuild_from_code
results-E20-E24/source_figures/E21/unique/pairwise_r2/figures/r2_curves/P048_r2_curve.png,outputs/results-E20-E24/source_figures/E21/unique/pairwise_r2/figures/r2_curves/P048_r2_curve.png,115636,9a50d391bde23fbec464571307ec4c1ac0c0f1130601fc4a30a863728729aa55,source_result_migration,tools/replot_results_e20_e24.py,python tools/replot_results_e20_e24.py,present_in_reference_tree,rebuild_from_code
results-E20-E24/source_figures/E21/unique/pairwise_r2/figures/r2_curves/P049_r2_curve.pdf,outputs/results-E20-E24/source_figures/E21/unique/pairwise_r2/figures/r2_curves/P049_r2_curve.pdf,18547,938881a420d1d25763459a4c0c098109dcba8f297b2f3dc6060ba4ef1d25fb58,source_result_migration,tools/replot_results_e20_e24.py,python tools/replot_results_e20_e24.py,present_in_reference_tree,rebuild_from_code
results-E20-E24/source_figures/E21/unique/pairwise_r2/figures/r2_curves/P049_r2_curve.png,outputs/results-E20-E24/source_figures/E21/unique/pairwise_r2/figures/r2_curves/P049_r2_curve.png,112829,d2d0a0a4511aed99c9b6fdfe82fc6597791dd057d8353a6ee6d41db99c66540a,source_result_migration,tools/replot_results_e20_e24.py,python tools/replot_results_e20_e24.py,present_in_reference_tree,rebuild_from_code
results-E20-E24/source_figures/E21/unique/pairwise_r2/figures/r2_curves/P050_r2_curve.pdf,outputs/results-E20-E24/source_figures/E21/unique/pairwise_r2/figures/r2_curves/P050_r2_curve.pdf,19550,46cf44daeb3f663eb5d45f3d8fadd34f50a6a3f4eb5e81b29b650c92ca06ec18,source_result_migration,tools/replot_results_e20_e24.py,python tools/replot_results_e20_e24.py,present_in_reference_tree,rebuild_from_code
results-E20-E24/source_figures/E21/unique/pairwise_r2/figures/r2_curves/P050_r2_curve.png,outputs/results-E20-E24/source_figures/E21/unique/pairwise_r2/figures/r2_curves/P050_r2_curve.png,87284,4f8ca6a4e7cd5fcc72f8d7fd7bb1d9b159944cd636135596e68cfe3761e092e2,source_result_migration,tools/replot_results_e20_e24.py,python tools/replot_results_e20_e24.py,present_in_reference_tree,rebuild_from_code
results-E20-E24/source_figures/E21/unique/pairwise_r2/figures/r2_curves/P051_r2_curve.pdf,outputs/results-E20-E24/source_figures/E21/unique/pairwise_r2/figures/r2_curves/P051_r2_curve.pdf,17549,ad259d4f3a6e109685346a0f2642942fa36086874f5fd2ffd9455919066b9e5c,source_result_migration,tools/replot_results_e20_e24.py,python tools/replot_results_e20_e24.py,present_in_reference_tree,rebuild_from_code
results-E20-E24/source_figures/E21/unique/pairwise_r2/figures/r2_curves/P051_r2_curve.png,outputs/results-E20-E24/source_figures/E21/unique/pairwise_r2/figures/r2_curves/P051_r2_curve.png,108416,0b6ece16cb5a2554cc1e5fee6b0574efb4b1c959ea8384ac77db48fffced157e,source_result_migration,tools/replot_results_e20_e24.py,python tools/replot_results_e20_e24.py,present_in_reference_tree,rebuild_from_code
results-E20-E24/source_figures/E21/unique/pairwise_r2/figures/r2_curves/P052_r2_curve.pdf,outputs/results-E20-E24/source_figures/E21/unique/pairwise_r2/figures/r2_curves/P052_r2_curve.pdf,18149,4bc73e699048e6d6e42bfb8f45350a96a26461d0634687a48cd4e08394339a73,source_result_migration,tools/replot_results_e20_e24.py,python tools/replot_results_e20_e24.py,present_in_reference_tree,rebuild_from_code
results-E20-E24/source_figures/E21/unique/pairwise_r2/figures/r2_curves/P052_r2_curve.png,outputs/results-E20-E24/source_figures/E21/unique/pairwise_r2/figures/r2_curves/P052_r2_curve.png,112357,6cf576bcdb321bf3effb701aa7d1b9c92b06796a159819be28d30dfd6211a07b,source_result_migration,tools/replot_results_e20_e24.py,python tools/replot_results_e20_e24.py,present_in_reference_tree,rebuild_from_code
results-E20-E24/source_figures/E21/unique/pairwise_r2/figures/r2_curves/P053_r2_curve.pdf,outputs/results-E20-E24/source_figures/E21/unique/pairwise_r2/figures/r2_curves/P053_r2_curve.pdf,17724,91015cf3ad8bde552cdc78ea6dbdf026bff0cf66d6e8a09f4868e2857e19f4ae,source_result_migration,tools/replot_results_e20_e24.py,python tools/replot_results_e20_e24.py,present_in_reference_tree,rebuild_from_code
results-E20-E24/source_figures/E21/unique/pairwise_r2/figures/r2_curves/P053_r2_curve.png,outputs/results-E20-E24/source_figures/E21/unique/pairwise_r2/figures/r2_curves/P053_r2_curve.png,110176,6386fdd6fb2c8dc47e81afa4abd6e41d027ecf1cf618fccc5ea68a9d6855ad34,source_result_migration,tools/replot_results_e20_e24.py,python tools/replot_results_e20_e24.py,present_in_reference_tree,rebuild_from_code
results-E20-E24/source_figures/E21/unique/pairwise_r2/figures/r2_curves/P054_r2_curve.pdf,outputs/results-E20-E24/source_figures/E21/unique/pairwise_r2/figures/r2_curves/P054_r2_curve.pdf,18336,2c36cfaa6f50cf462f5afc6f04275719d57a318fc563a02f148cbc3b50b09c9a,source_result_migration,tools/replot_results_e20_e24.py,python tools/replot_results_e20_e24.py,present_in_reference_tree,rebuild_from_code
results-E20-E24/source_figures/E21/unique/pairwise_r2/figures/r2_curves/P054_r2_curve.png,outputs/results-E20-E24/source_figures/E21/unique/pairwise_r2/figures/r2_curves/P054_r2_curve.png,110597,ec8d72e0b0d38f886005e48103d96e9d664fdbc29ecda1042c10431fa39dfdd7,source_result_migration,tools/replot_results_e20_e24.py,python tools/replot_results_e20_e24.py,present_in_reference_tree,rebuild_from_code
results-E20-E24/source_figures/E21/unique/pairwise_r2/figures/r2_curves/P055_r2_curve.pdf,outputs/results-E20-E24/source_figures/E21/unique/pairwise_r2/figures/r2_curves/P055_r2_curve.pdf,18261,1524bd73455bc547e111bab4821e5352d83aa4d056dd009b8aa65c00b6dca4b3,source_result_migration,tools/replot_results_e20_e24.py,python tools/replot_results_e20_e24.py,present_in_reference_tree,rebuild_from_code
results-E20-E24/source_figures/E21/unique/pairwise_r2/figures/r2_curves/P055_r2_curve.png,outputs/results-E20-E24/source_figures/E21/unique/pairwise_r2/figures/r2_curves/P055_r2_curve.png,112729,7a7101d5166d843ec8453511074a156e759c7c7b3db4c66ff60b7f3d0923155a,source_result_migration,tools/replot_results_e20_e24.py,python tools/replot_results_e20_e24.py,present_in_reference_tree,rebuild_from_code
results-E20-E24/source_figures/E21/unique/pairwise_r2/figures/r2_curves/P056_r2_curve.pdf,outputs/results-E20-E24/source_figures/E21/unique/pairwise_r2/figures/r2_curves/P056_r2_curve.pdf,18457,ed0399d39395e9d087c4e8babbc511eb8b536fee2e6840a2e51d191b56a107d8,source_result_migration,tools/replot_results_e20_e24.py,python tools/replot_results_e20_e24.py,present_in_reference_tree,rebuild_from_code
results-E20-E24/source_figures/E21/unique/pairwise_r2/figures/r2_curves/P056_r2_curve.png,outputs/results-E20-E24/source_figures/E21/unique/pairwise_r2/figures/r2_curves/P056_r2_curve.png,107534,f9f4e4c7fc5d87da27bdd23596c8663c9e7a8203cda074f90ab628dab93172bb,source_result_migration,tools/replot_results_e20_e24.py,python tools/replot_results_e20_e24.py,present_in_reference_tree,rebuild_from_code
results-E20-E24/source_figures/E21/unique/pairwise_r2/figures/r2_curves/P057_r2_curve.pdf,outputs/results-E20-E24/source_figures/E21/unique/pairwise_r2/figures/r2_curves/P057_r2_curve.pdf,17993,1abe0a5461f639fd745d46fec777de6c9220f97335e7b6ba28b0c3c8b0ad5943,source_result_migration,tools/replot_results_e20_e24.py,python tools/replot_results_e20_e24.py,present_in_reference_tree,rebuild_from_code
results-E20-E24/source_figures/E21/unique/pairwise_r2/figures/r2_curves/P057_r2_curve.png,outputs/results-E20-E24/source_figures/E21/unique/pairwise_r2/figures/r2_curves/P057_r2_curve.png,109460,c2a5ae1ec9fae6ca6b03e723debbce630cb38e50e9e5ad8914bfe40e3e99585a,source_result_migration,tools/replot_results_e20_e24.py,python tools/replot_results_e20_e24.py,present_in_reference_tree,rebuild_from_code
results-E20-E24/source_figures/E21/unique/pairwise_r2/figures/r2_curves/P058_r2_curve.pdf,outputs/results-E20-E24/source_figures/E21/unique/pairwise_r2/figures/r2_curves/P058_r2_curve.pdf,17565,a1910b60c176bea7a0c99b98e925aed72ef26de9c0401e05c4fe141a72ece24a,source_result_migration,tools/replot_results_e20_e24.py,python tools/replot_results_e20_e24.py,present_in_reference_tree,rebuild_from_code
results-E20-E24/source_figures/E21/unique/pairwise_r2/figures/r2_curves/P058_r2_curve.png,outputs/results-E20-E24/source_figures/E21/unique/pairwise_r2/figures/r2_curves/P058_r2_curve.png,110593,1fb0ade850b6fb2b28bb3f9f4ee2787e837724f2bab88f889802bb44d851f23d,source_result_migration,tools/replot_results_e20_e24.py,python tools/replot_results_e20_e24.py,present_in_reference_tree,rebuild_from_code
results-E20-E24/source_figures/E21/unique/pairwise_r2/figures/r2_curves/P059_r2_curve.pdf,outputs/results-E20-E24/source_figures/E21/unique/pairwise_r2/figures/r2_curves/P059_r2_curve.pdf,17976,38952555eac20849a406cf578146a16c00660adb94892c66491cfc098e96939d,source_result_migration,tools/replot_results_e20_e24.py,python tools/replot_results_e20_e24.py,present_in_reference_tree,rebuild_from_code
results-E20-E24/source_figures/E21/unique/pairwise_r2/figures/r2_curves/P059_r2_curve.png,outputs/results-E20-E24/source_figures/E21/unique/pairwise_r2/figures/r2_curves/P059_r2_curve.png,110669,068888ddfc3723bd44160626d01506184b66543885e98e80fa1454c17614da3c,source_result_migration,tools/replot_results_e20_e24.py,python tools/replot_results_e20_e24.py,present_in_reference_tree,rebuild_from_code
results-E20-E24/source_figures/E21/unique/pairwise_r2/figures/r2_curves/P060_r2_curve.pdf,outputs/results-E20-E24/source_figures/E21/unique/pairwise_r2/figures/r2_curves/P060_r2_curve.pdf,18641,b6e5fdd5617ede0a00ae06106c0a0eb8a3e9243bc37c274ef758d31d58c12fe0,source_result_migration,tools/replot_results_e20_e24.py,python tools/replot_results_e20_e24.py,present_in_reference_tree,rebuild_from_code
results-E20-E24/source_figures/E21/unique/pairwise_r2/figures/r2_curves/P060_r2_curve.png,outputs/results-E20-E24/source_figures/E21/unique/pairwise_r2/figures/r2_curves/P060_r2_curve.png,86007,4ea62e90aa33151cb02cf21de564d6cc6d1f5988f3aef7f769f0b7d435c16991,source_result_migration,tools/replot_results_e20_e24.py,python tools/replot_results_e20_e24.py,present_in_reference_tree,rebuild_from_code
results-E20-E24/source_figures/E21/unique/pairwise_r2/figures/r2_curves/P061_r2_curve.pdf,outputs/results-E20-E24/source_figures/E21/unique/pairwise_r2/figures/r2_curves/P061_r2_curve.pdf,18794,c5c69ef9eee60d2121c836c41719fef6948f8d57007d660ea292507bbd10e87d,source_result_migration,tools/replot_results_e20_e24.py,python tools/replot_results_e20_e24.py,present_in_reference_tree,rebuild_from_code
results-E20-E24/source_figures/E21/unique/pairwise_r2/figures/r2_curves/P061_r2_curve.png,outputs/results-E20-E24/source_figures/E21/unique/pairwise_r2/figures/r2_curves/P061_r2_curve.png,111405,c61b21918c838bced08d00b65aa8cbd11d0a2222d8d4a9cb926b0456ed04e390,source_result_migration,tools/replot_results_e20_e24.py,python tools/replot_results_e20_e24.py,present_in_reference_tree,rebuild_from_code
results-E20-E24/source_figures/E21/unique/pairwise_r2/figures/r2_curves/P062_r2_curve.pdf,outputs/results-E20-E24/source_figures/E21/unique/pairwise_r2/figures/r2_curves/P062_r2_curve.pdf,17824,a90106d5eff72cf32a7a8a16bdf2d37b7e9d31af82b66a47e4ce3621d7b41597,source_result_migration,tools/replot_results_e20_e24.py,python tools/replot_results_e20_e24.py,present_in_reference_tree,rebuild_from_code
results-E20-E24/source_figures/E21/unique/pairwise_r2/figures/r2_curves/P062_r2_curve.png,outputs/results-E20-E24/source_figures/E21/unique/pairwise_r2/figures/r2_curves/P062_r2_curve.png,113597,2dfc1bbf1011bccee6feb93135499edffe91bf7eb67cdf6cfacade7cc58d2423,source_result_migration,tools/replot_results_e20_e24.py,python tools/replot_results_e20_e24.py,present_in_reference_tree,rebuild_from_code
results-E20-E24/source_figures/E21/unique/pairwise_r2/figures/r2_curves/P063_r2_curve.pdf,outputs/results-E20-E24/source_figures/E21/unique/pairwise_r2/figures/r2_curves/P063_r2_curve.pdf,18708,c8b6749b8760c4ff526d9955b91cb1fb27b049b52a6c02e0de98cfb0ffa63c82,source_result_migration,tools/replot_results_e20_e24.py,python tools/replot_results_e20_e24.py,present_in_reference_tree,rebuild_from_code
results-E20-E24/source_figures/E21/unique/pairwise_r2/figures/r2_curves/P063_r2_curve.png,outputs/results-E20-E24/source_figures/E21/unique/pairwise_r2/figures/r2_curves/P063_r2_curve.png,111737,684364c86a19450947214303b34c0510b3d7af51174720939baafb36427bc214,source_result_migration,tools/replot_results_e20_e24.py,python tools/replot_results_e20_e24.py,present_in_reference_tree,rebuild_from_code
results-E20-E24/source_figures/E21/unique/pairwise_r2/figures/r2_curves/P064_r2_curve.pdf,outputs/results-E20-E24/source_figures/E21/unique/pairwise_r2/figures/r2_curves/P064_r2_curve.pdf,18800,fc795ae0a158f6eb9da45774d8f6eff5dc4c75e4d38a3cd271557d402b50d8fd,source_result_migration,tools/replot_results_e20_e24.py,python tools/replot_results_e20_e24.py,present_in_reference_tree,rebuild_from_code
results-E20-E24/source_figures/E21/unique/pairwise_r2/figures/r2_curves/P064_r2_curve.png,outputs/results-E20-E24/source_figures/E21/unique/pairwise_r2/figures/r2_curves/P064_r2_curve.png,114040,edf81750f12d202d77f47cdf275dd3b795def24f956bbb50083c3ecd7a5ad114,source_result_migration,tools/replot_results_e20_e24.py,python tools/replot_results_e20_e24.py,present_in_reference_tree,rebuild_from_code
results-E20-E24/source_figures/E21/unique/pairwise_r2/figures/r2_curves/P065_r2_curve.pdf,outputs/results-E20-E24/source_figures/E21/unique/pairwise_r2/figures/r2_curves/P065_r2_curve.pdf,18623,0fc3027eb343a25b73cec3823cbc9e9979f6e8f7577ee0feb246d116d214643f,source_result_migration,tools/replot_results_e20_e24.py,python tools/replot_results_e20_e24.py,present_in_reference_tree,rebuild_from_code
results-E20-E24/source_figures/E21/unique/pairwise_r2/figures/r2_curves/P065_r2_curve.png,outputs/results-E20-E24/source_figures/E21/unique/pairwise_r2/figures/r2_curves/P065_r2_curve.png,112828,53ef0afa472c5049de4577231ca51a0c98d1ae7926a76ceb825a2a04eb8873a1,source_result_migration,tools/replot_results_e20_e24.py,python tools/replot_results_e20_e24.py,present_in_reference_tree,rebuild_from_code
results-E20-E24/source_figures/E21/unique/pairwise_r2/figures/r2_curves/P066_r2_curve.pdf,outputs/results-E20-E24/source_figures/E21/unique/pairwise_r2/figures/r2_curves/P066_r2_curve.pdf,18173,41f6e4a076eb1a476903b4c1dba485c0feabaffbef055375a2179b9b0e9b02d8,source_result_migration,tools/replot_results_e20_e24.py,python tools/replot_results_e20_e24.py,present_in_reference_tree,rebuild_from_code
results-E20-E24/source_figures/E21/unique/pairwise_r2/figures/r2_curves/P066_r2_curve.png,outputs/results-E20-E24/source_figures/E21/unique/pairwise_r2/figures/r2_curves/P066_r2_curve.png,114141,c9550c0df5b7912e6532362f2be9bfc8e9bdca47fbf46f347235db7f5e8e88b7,source_result_migration,tools/replot_results_e20_e24.py,python tools/replot_results_e20_e24.py,present_in_reference_tree,rebuild_from_code
results-E20-E24/source_figures/E21/unique/pairwise_r2/figures/r2_curves/P067_r2_curve.pdf,outputs/results-E20-E24/source_figures/E21/unique/pairwise_r2/figures/r2_curves/P067_r2_curve.pdf,18564,e3cd75ff0c732d5a03cdfe0eddb59b6f414fd299c94eafa9c569a8b678290447,source_result_migration,tools/replot_results_e20_e24.py,python tools/replot_results_e20_e24.py,present_in_reference_tree,rebuild_from_code
results-E20-E24/source_figures/E21/unique/pairwise_r2/figures/r2_curves/P067_r2_curve.png,outputs/results-E20-E24/source_figures/E21/unique/pairwise_r2/figures/r2_curves/P067_r2_curve.png,111628,20ed5941ebfb0d872e1d9a7692baddc79a5ca49e2c5994d889908abdfd36c0ef,source_result_migration,tools/replot_results_e20_e24.py,python tools/replot_results_e20_e24.py,present_in_reference_tree,rebuild_from_code
results-E20-E24/source_figures/E21/unique/pairwise_r2/figures/r2_curves/P068_r2_curve.pdf,outputs/results-E20-E24/source_figures/E21/unique/pairwise_r2/figures/r2_curves/P068_r2_curve.pdf,17892,ddbaaa6799f034b7007fd249797ee5ce8528cf81ed62ff0c0d7c9fc13e4cba83,source_result_migration,tools/replot_results_e20_e24.py,python tools/replot_results_e20_e24.py,present_in_reference_tree,rebuild_from_code
results-E20-E24/source_figures/E21/unique/pairwise_r2/figures/r2_curves/P068_r2_curve.png,outputs/results-E20-E24/source_figures/E21/unique/pairwise_r2/figures/r2_curves/P068_r2_curve.png,113957,ddeaf7e776be8649b00db5a1b836c68abf5f07c019ac912b14080bcd13cb5098,source_result_migration,tools/replot_results_e20_e24.py,python tools/replot_results_e20_e24.py,present_in_reference_tree,rebuild_from_code
results-E20-E24/source_figures/E21/unique/pairwise_r2/figures/r2_curves/P069_r2_curve.pdf,outputs/results-E20-E24/source_figures/E21/unique/pairwise_r2/figures/r2_curves/P069_r2_curve.pdf,19189,c3e6174eeb48bf4283c4b49341d6ffc6689b4105f5bffca1bd04939348052cb3,source_result_migration,tools/replot_results_e20_e24.py,python tools/replot_results_e20_e24.py,present_in_reference_tree,rebuild_from_code
results-E20-E24/source_figures/E21/unique/pairwise_r2/figures/r2_curves/P069_r2_curve.png,outputs/results-E20-E24/source_figures/E21/unique/pairwise_r2/figures/r2_curves/P069_r2_curve.png,87241,f73f87a55dc2eccf17f2129966eed13ea9337d37b204dc9e8bfebb68856d2d29,source_result_migration,tools/replot_results_e20_e24.py,python tools/replot_results_e20_e24.py,present_in_reference_tree,rebuild_from_code
results-E20-E24/source_figures/E21/unique/pairwise_r2/figures/r2_curves/P070_r2_curve.pdf,outputs/results-E20-E24/source_figures/E21/unique/pairwise_r2/figures/r2_curves/P070_r2_curve.pdf,18602,f99e372525a6591f223cac3ef2eff77640a2e3a1170bedce0df5ded5afa13eaa,source_result_migration,tools/replot_results_e20_e24.py,python tools/replot_results_e20_e24.py,present_in_reference_tree,rebuild_from_code
results-E20-E24/source_figures/E21/unique/pairwise_r2/figures/r2_curves/P070_r2_curve.png,outputs/results-E20-E24/source_figures/E21/unique/pairwise_r2/figures/r2_curves/P070_r2_curve.png,115478,46bdd8907ae0fb26b4ec3daec97cf68ffce36d20f1f93945b637994d04bc9f87,source_result_migration,tools/replot_results_e20_e24.py,python tools/replot_results_e20_e24.py,present_in_reference_tree,rebuild_from_code
results-E20-E24/source_figures/E21/unique/pairwise_r2/figures/r2_curves/P071_r2_curve.pdf,outputs/results-E20-E24/source_figures/E21/unique/pairwise_r2/figures/r2_curves/P071_r2_curve.pdf,19225,dbd6b01a73ae87d83bf1606c66e32eae48036969e55398a218e025cdcac76f5e,source_result_migration,tools/replot_results_e20_e24.py,python tools/replot_results_e20_e24.py,present_in_reference_tree,rebuild_from_code
results-E20-E24/source_figures/E21/unique/pairwise_r2/figures/r2_curves/P071_r2_curve.png,outputs/results-E20-E24/source_figures/E21/unique/pairwise_r2/figures/r2_curves/P071_r2_curve.png,112773,675c9fb0751f3a6231b290ee88b2e904c84f4fd1b294c29feb94d54d19988d3d,source_result_migration,tools/replot_results_e20_e24.py,python tools/replot_results_e20_e24.py,present_in_reference_tree,rebuild_from_code
results-E20-E24/source_figures/E21/unique/pairwise_r2/figures/r2_curves/P072_r2_curve.pdf,outputs/results-E20-E24/source_figures/E21/unique/pairwise_r2/figures/r2_curves/P072_r2_curve.pdf,19582,e151f325d536864dd1da8d2ca8a629f67f704aeb87d3640c92a3f6110a5c0578,source_result_migration,tools/replot_results_e20_e24.py,python tools/replot_results_e20_e24.py,present_in_reference_tree,rebuild_from_code
results-E20-E24/source_figures/E21/unique/pairwise_r2/figures/r2_curves/P072_r2_curve.png,outputs/results-E20-E24/source_figures/E21/unique/pairwise_r2/figures/r2_curves/P072_r2_curve.png,118853,c95035941ac1f25fd135b25535c9f00b1031ab0d8d50e15f56b40171651d1be6,source_result_migration,tools/replot_results_e20_e24.py,python tools/replot_results_e20_e24.py,present_in_reference_tree,rebuild_from_code
results-E20-E24/source_figures/E21/unique/pairwise_r2/figures/r2_curves/P073_r2_curve.pdf,outputs/results-E20-E24/source_figures/E21/unique/pairwise_r2/figures/r2_curves/P073_r2_curve.pdf,19598,9879b94e404e4032e43df724c24656f9d4065a44dcd22ae8b8509549e2254e79,source_result_migration,tools/replot_results_e20_e24.py,python tools/replot_results_e20_e24.py,present_in_reference_tree,rebuild_from_code
results-E20-E24/source_figures/E21/unique/pairwise_r2/figures/r2_curves/P073_r2_curve.png,outputs/results-E20-E24/source_figures/E21/unique/pairwise_r2/figures/r2_curves/P073_r2_curve.png,113735,2d8bdb05f7ac48c327cab135a530e54e03014c34bc1c1582f59ed9c162abca89,source_result_migration,tools/replot_results_e20_e24.py,python tools/replot_results_e20_e24.py,present_in_reference_tree,rebuild_from_code
results-E20-E24/source_figures/E21/unique/pairwise_r2/figures/r2_curves/P074_r2_curve.pdf,outputs/results-E20-E24/source_figures/E21/unique/pairwise_r2/figures/r2_curves/P074_r2_curve.pdf,19155,081e03a68257476591b075cfdcb8e727c201bd26a1fdd99dbc23991e1ce747c4,source_result_migration,tools/replot_results_e20_e24.py,python tools/replot_results_e20_e24.py,present_in_reference_tree,rebuild_from_code
results-E20-E24/source_figures/E21/unique/pairwise_r2/figures/r2_curves/P074_r2_curve.png,outputs/results-E20-E24/source_figures/E21/unique/pairwise_r2/figures/r2_curves/P074_r2_curve.png,112649,cf201c3c6662bda5fbdcd4f1968402f4fc86cc8a99c86f46a97e393f1952a208,source_result_migration,tools/replot_results_e20_e24.py,python tools/replot_results_e20_e24.py,present_in_reference_tree,rebuild_from_code
results-E20-E24/source_figures/E21/unique/pairwise_r2/figures/r2_curves/P075_r2_curve.pdf,outputs/results-E20-E24/source_figures/E21/unique/pairwise_r2/figures/r2_curves/P075_r2_curve.pdf,18710,569ef28ceccc53dd5aa066a7b6ecb658ca9382b7af5f825b1ab790da98c85094,source_result_migration,tools/replot_results_e20_e24.py,python tools/replot_results_e20_e24.py,present_in_reference_tree,rebuild_from_code
results-E20-E24/source_figures/E21/unique/pairwise_r2/figures/r2_curves/P075_r2_curve.png,outputs/results-E20-E24/source_figures/E21/unique/pairwise_r2/figures/r2_curves/P075_r2_curve.png,115595,b6cf771d2c772309d090ac2b04f39b556d80a6eda4e22b3e8450582e76f84918,source_result_migration,tools/replot_results_e20_e24.py,python tools/replot_results_e20_e24.py,present_in_reference_tree,rebuild_from_code
results-E20-E24/source_figures/E21/unique/pairwise_r2/figures/r2_curves/P076_r2_curve.pdf,outputs/results-E20-E24/source_figures/E21/unique/pairwise_r2/figures/r2_curves/P076_r2_curve.pdf,18519,4c12cc265c0d83585b6ba15ebccd6b79c4a4a180a039d22baf214e119414a354,source_result_migration,tools/replot_results_e20_e24.py,python tools/replot_results_e20_e24.py,present_in_reference_tree,rebuild_from_code
results-E20-E24/source_figures/E21/unique/pairwise_r2/figures/r2_curves/P076_r2_curve.png,outputs/results-E20-E24/source_figures/E21/unique/pairwise_r2/figures/r2_curves/P076_r2_curve.png,110886,6e19871389144d44aafe05ce7f2f18f48bbf0cab94247f4f9dcac039aefdd6f7,source_result_migration,tools/replot_results_e20_e24.py,python tools/replot_results_e20_e24.py,present_in_reference_tree,rebuild_from_code
results-E20-E24/source_figures/E21/unique/pairwise_r2/figures/r2_curves/P077_r2_curve.pdf,outputs/results-E20-E24/source_figures/E21/unique/pairwise_r2/figures/r2_curves/P077_r2_curve.pdf,19519,7a7984de9f2374bb1808078e8d7667e7cc0c4d5812a7ade59e861e443e913b2a,source_result_migration,tools/replot_results_e20_e24.py,python tools/replot_results_e20_e24.py,present_in_reference_tree,rebuild_from_code
results-E20-E24/source_figures/E21/unique/pairwise_r2/figures/r2_curves/P077_r2_curve.png,outputs/results-E20-E24/source_figures/E21/unique/pairwise_r2/figures/r2_curves/P077_r2_curve.png,87687,29dbe5d8f3f899f534fb2b5d76896da799007a9f05b6db5719a0562c63127376,source_result_migration,tools/replot_results_e20_e24.py,python tools/replot_results_e20_e24.py,present_in_reference_tree,rebuild_from_code
results-E20-E24/source_figures/E21/unique/pairwise_r2/figures/r2_curves/P078_r2_curve.pdf,outputs/results-E20-E24/source_figures/E21/unique/pairwise_r2/figures/r2_curves/P078_r2_curve.pdf,18346,fd5653748afd585ad371857bdc37dc9a63388499cd8e2c7b1e38d9f612435e5f,source_result_migration,tools/replot_results_e20_e24.py,python tools/replot_results_e20_e24.py,present_in_reference_tree,rebuild_from_code
results-E20-E24/source_figures/E21/unique/pairwise_r2/figures/r2_curves/P078_r2_curve.png,outputs/results-E20-E24/source_figures/E21/unique/pairwise_r2/figures/r2_curves/P078_r2_curve.png,112338,3a1642ac958f720717a4693a2cd17f5986fb38caec193b4ef9e8c4ae87cf11c7,source_result_migration,tools/replot_results_e20_e24.py,python tools/replot_results_e20_e24.py,present_in_reference_tree,rebuild_from_code
results-E20-E24/source_figures/E21/unique/pairwise_r2/figures/r2_curves/P079_r2_curve.pdf,outputs/results-E20-E24/source_figures/E21/unique/pairwise_r2/figures/r2_curves/P079_r2_curve.pdf,18708,4185e34952e0a57312cf822fa8398ed78636695ff48f065393d190a846e37535,source_result_migration,tools/replot_results_e20_e24.py,python tools/replot_results_e20_e24.py,present_in_reference_tree,rebuild_from_code
results-E20-E24/source_figures/E21/unique/pairwise_r2/figures/r2_curves/P079_r2_curve.png,outputs/results-E20-E24/source_figures/E21/unique/pairwise_r2/figures/r2_curves/P079_r2_curve.png,109947,0f727693c27c8da7cb546da814fdd155a566759c3d3484e7f59b90f2e88858fc,source_result_migration,tools/replot_results_e20_e24.py,python tools/replot_results_e20_e24.py,present_in_reference_tree,rebuild_from_code
results-E20-E24/source_figures/E21/unique/pairwise_r2/figures/r2_curves/P080_r2_curve.pdf,outputs/results-E20-E24/source_figures/E21/unique/pairwise_r2/figures/r2_curves/P080_r2_curve.pdf,18534,52f4cccb2ee958677d6515aa5cecd0255d6e89e5a27dc565045768f7c7d38160,source_result_migration,tools/replot_results_e20_e24.py,python tools/replot_results_e20_e24.py,present_in_reference_tree,rebuild_from_code
results-E20-E24/source_figures/E21/unique/pairwise_r2/figures/r2_curves/P080_r2_curve.png,outputs/results-E20-E24/source_figures/E21/unique/pairwise_r2/figures/r2_curves/P080_r2_curve.png,118132,92de853383e1d90b0bb8f10b0cb8919673a6059a0cd30190279f0e45a22c1bb4,source_result_migration,tools/replot_results_e20_e24.py,python tools/replot_results_e20_e24.py,present_in_reference_tree,rebuild_from_code
results-E20-E24/source_figures/E21/unique/pairwise_r2/figures/r2_curves/P081_r2_curve.pdf,outputs/results-E20-E24/source_figures/E21/unique/pairwise_r2/figures/r2_curves/P081_r2_curve.pdf,18532,f50a2f8a731cff353b8a34a999670638f05d0e190be06fb20df340276c48c3cc,source_result_migration,tools/replot_results_e20_e24.py,python tools/replot_results_e20_e24.py,present_in_reference_tree,rebuild_from_code
results-E20-E24/source_figures/E21/unique/pairwise_r2/figures/r2_curves/P081_r2_curve.png,outputs/results-E20-E24/source_figures/E21/unique/pairwise_r2/figures/r2_curves/P081_r2_curve.png,113411,e23d648b53c5688e5a094ebb4b60bfb03142de7b3023dd172162f6eedd0a2987,source_result_migration,tools/replot_results_e20_e24.py,python tools/replot_results_e20_e24.py,present_in_reference_tree,rebuild_from_code
results-E20-E24/source_figures/E21/unique/pairwise_r2/figures/r2_curves/P082_r2_curve.pdf,outputs/results-E20-E24/source_figures/E21/unique/pairwise_r2/figures/r2_curves/P082_r2_curve.pdf,17669,2a31d674bde55a5741ff1454762f2203089fa634f7569b788493d7c86d86eea2,source_result_migration,tools/replot_results_e20_e24.py,python tools/replot_results_e20_e24.py,present_in_reference_tree,rebuild_from_code
results-E20-E24/source_figures/E21/unique/pairwise_r2/figures/r2_curves/P082_r2_curve.png,outputs/results-E20-E24/source_figures/E21/unique/pairwise_r2/figures/r2_curves/P082_r2_curve.png,111746,e07c86a49836cace0c44fc0f697ee0ce1f71dd0caa5f3745ba4b9d30bb699be6,source_result_migration,tools/replot_results_e20_e24.py,python tools/replot_results_e20_e24.py,present_in_reference_tree,rebuild_from_code
results-E20-E24/source_figures/E21/unique/pairwise_r2/figures/r2_curves/P083_r2_curve.pdf,outputs/results-E20-E24/source_figures/E21/unique/pairwise_r2/figures/r2_curves/P083_r2_curve.pdf,18254,04a1adff16e924f861bdd0369989c14a93ccc40158030af8bb8c7aa45b2e5c1c,source_result_migration,tools/replot_results_e20_e24.py,python tools/replot_results_e20_e24.py,present_in_reference_tree,rebuild_from_code
results-E20-E24/source_figures/E21/unique/pairwise_r2/figures/r2_curves/P083_r2_curve.png,outputs/results-E20-E24/source_figures/E21/unique/pairwise_r2/figures/r2_curves/P083_r2_curve.png,110561,b5793d7bea683ed9ea5c0da47e605d6692b6ab03fb747c0f671f52c74b174fb1,source_result_migration,tools/replot_results_e20_e24.py,python tools/replot_results_e20_e24.py,present_in_reference_tree,rebuild_from_code
results-E20-E24/source_figures/E21/unique/pairwise_r2/figures/r2_curves/P084_r2_curve.pdf,outputs/results-E20-E24/source_figures/E21/unique/pairwise_r2/figures/r2_curves/P084_r2_curve.pdf,18645,15267a19b0264995aa712fc7b391ff9775e276df329ca66cbcf9268e43058d28,source_result_migration,tools/replot_results_e20_e24.py,python tools/replot_results_e20_e24.py,present_in_reference_tree,rebuild_from_code
results-E20-E24/source_figures/E21/unique/pairwise_r2/figures/r2_curves/P084_r2_curve.png,outputs/results-E20-E24/source_figures/E21/unique/pairwise_r2/figures/r2_curves/P084_r2_curve.png,86930,a877eb3cf8730f3f5334cb11ae84f9a64f141ef92cbf98bae2ae1ecba97ed365,source_result_migration,tools/replot_results_e20_e24.py,python tools/replot_results_e20_e24.py,present_in_reference_tree,rebuild_from_code
results-E20-E24/source_figures/E21/unique/pairwise_r2/figures/r2_curves/P085_r2_curve.pdf,outputs/results-E20-E24/source_figures/E21/unique/pairwise_r2/figures/r2_curves/P085_r2_curve.pdf,19599,8194687325cbbdbd7b61639ed628ec87c13b47d9d1ecaeb6b5131016ee35e8a9,source_result_migration,tools/replot_results_e20_e24.py,python tools/replot_results_e20_e24.py,present_in_reference_tree,rebuild_from_code
results-E20-E24/source_figures/E21/unique/pairwise_r2/figures/r2_curves/P085_r2_curve.png,outputs/results-E20-E24/source_figures/E21/unique/pairwise_r2/figures/r2_curves/P085_r2_curve.png,113260,e769ef0585f8b782dec275338dd71b12739c106cd4e845f0e19fab192660fcab,source_result_migration,tools/replot_results_e20_e24.py,python tools/replot_results_e20_e24.py,present_in_reference_tree,rebuild_from_code
results-E20-E24/source_figures/E21/unique/pairwise_r2/figures/r2_curves/P086_r2_curve.pdf,outputs/results-E20-E24/source_figures/E21/unique/pairwise_r2/figures/r2_curves/P086_r2_curve.pdf,19159,6297175cea5dc2a11999b0b6cd75b54566dde4acdd97b547dac025f0d77806ad,source_result_migration,tools/replot_results_e20_e24.py,python tools/replot_results_e20_e24.py,present_in_reference_tree,rebuild_from_code
results-E20-E24/source_figures/E21/unique/pairwise_r2/figures/r2_curves/P086_r2_curve.png,outputs/results-E20-E24/source_figures/E21/unique/pairwise_r2/figures/r2_curves/P086_r2_curve.png,114503,94c506ce6a89d0e7b1493e213c53e74e8d8c661476f7373b820be82898efbd2e,source_result_migration,tools/replot_results_e20_e24.py,python tools/replot_results_e20_e24.py,present_in_reference_tree,rebuild_from_code
results-E20-E24/source_figures/E21/unique/pairwise_r2/figures/r2_curves/P087_r2_curve.pdf,outputs/results-E20-E24/source_figures/E21/unique/pairwise_r2/figures/r2_curves/P087_r2_curve.pdf,18694,94ab71f138301baa7fb05bbc579d8e0691134a8cb59b8084d31817d7abec1631,source_result_migration,tools/replot_results_e20_e24.py,python tools/replot_results_e20_e24.py,present_in_reference_tree,rebuild_from_code
results-E20-E24/source_figures/E21/unique/pairwise_r2/figures/r2_curves/P087_r2_curve.png,outputs/results-E20-E24/source_figures/E21/unique/pairwise_r2/figures/r2_curves/P087_r2_curve.png,116199,fbc784f31310d0098c852457aa79f4c0d0ab095529aa98c85a208e817b818cf8,source_result_migration,tools/replot_results_e20_e24.py,python tools/replot_results_e20_e24.py,present_in_reference_tree,rebuild_from_code
results-E20-E24/source_figures/E21/unique/pairwise_r2/figures/r2_curves/P088_r2_curve.pdf,outputs/results-E20-E24/source_figures/E21/unique/pairwise_r2/figures/r2_curves/P088_r2_curve.pdf,18269,3a49a3dbb016e6767ea63d55977c60d9febfe0918977c7dca9ef8cc9bd977639,source_result_migration,tools/replot_results_e20_e24.py,python tools/replot_results_e20_e24.py,present_in_reference_tree,rebuild_from_code
results-E20-E24/source_figures/E21/unique/pairwise_r2/figures/r2_curves/P088_r2_curve.png,outputs/results-E20-E24/source_figures/E21/unique/pairwise_r2/figures/r2_curves/P088_r2_curve.png,115508,48e6fa38ff5678ee49ec942becd7d6275f80c3aff03f30b85dd60cc8b72cb28c,source_result_migration,tools/replot_results_e20_e24.py,python tools/replot_results_e20_e24.py,present_in_reference_tree,rebuild_from_code
results-E20-E24/source_figures/E21/unique/pairwise_r2/figures/r2_curves/P089_r2_curve.pdf,outputs/results-E20-E24/source_figures/E21/unique/pairwise_r2/figures/r2_curves/P089_r2_curve.pdf,18422,9ceaeabac317ca76b4429baf72c029308d53f07df6f49cfd5942d276db7be3ea,source_result_migration,tools/replot_results_e20_e24.py,python tools/replot_results_e20_e24.py,present_in_reference_tree,rebuild_from_code
results-E20-E24/source_figures/E21/unique/pairwise_r2/figures/r2_curves/P089_r2_curve.png,outputs/results-E20-E24/source_figures/E21/unique/pairwise_r2/figures/r2_curves/P089_r2_curve.png,110956,8bef6aa684e5974ee7108becec1551fa20af0cebd281b459c90e4fb1e5415c72,source_result_migration,tools/replot_results_e20_e24.py,python tools/replot_results_e20_e24.py,present_in_reference_tree,rebuild_from_code
results-E20-E24/source_figures/E21/unique/pairwise_r2/figures/r2_curves/P090_r2_curve.pdf,outputs/results-E20-E24/source_figures/E21/unique/pairwise_r2/figures/r2_curves/P090_r2_curve.pdf,19213,93a0f127aee48cfed4c55529cd21c661e2f4a43ef32b428bc1105344b00f6a39,source_result_migration,tools/replot_results_e20_e24.py,python tools/replot_results_e20_e24.py,present_in_reference_tree,rebuild_from_code
results-E20-E24/source_figures/E21/unique/pairwise_r2/figures/r2_curves/P090_r2_curve.png,outputs/results-E20-E24/source_figures/E21/unique/pairwise_r2/figures/r2_curves/P090_r2_curve.png,88539,838bf8cb3f7d10bb82644ca5ad3438ba7bc024fee9cd5cc0988426ddcf47d9d9,source_result_migration,tools/replot_results_e20_e24.py,python tools/replot_results_e20_e24.py,present_in_reference_tree,rebuild_from_code
results-E20-E24/source_figures/E21/unique/pairwise_r2/figures/r2_curves/P091_r2_curve.pdf,outputs/results-E20-E24/source_figures/E21/unique/pairwise_r2/figures/r2_curves/P091_r2_curve.pdf,18901,2b2f6b6100e186ec7441227b1908b0e16efcf80b3bfcd5d72614e2d2fca70802,source_result_migration,tools/replot_results_e20_e24.py,python tools/replot_results_e20_e24.py,present_in_reference_tree,rebuild_from_code
results-E20-E24/source_figures/E21/unique/pairwise_r2/figures/r2_curves/P091_r2_curve.png,outputs/results-E20-E24/source_figures/E21/unique/pairwise_r2/figures/r2_curves/P091_r2_curve.png,106977,7caf8e53e3d71f9a5f5343ff8cc4549fec67624581a7a303feb48cb97513cdc0,source_result_migration,tools/replot_results_e20_e24.py,python tools/replot_results_e20_e24.py,present_in_reference_tree,rebuild_from_code
results-E20-E24/source_figures/E21/unique/pairwise_r2/figures/r2_curves/P092_r2_curve.pdf,outputs/results-E20-E24/source_figures/E21/unique/pairwise_r2/figures/r2_curves/P092_r2_curve.pdf,18448,2903e7c78089f7bafdf9733c24c75ea53059e03f4381f455556c4c4cfef5dd68,source_result_migration,tools/replot_results_e20_e24.py,python tools/replot_results_e20_e24.py,present_in_reference_tree,rebuild_from_code
results-E20-E24/source_figures/E21/unique/pairwise_r2/figures/r2_curves/P092_r2_curve.png,outputs/results-E20-E24/source_figures/E21/unique/pairwise_r2/figures/r2_curves/P092_r2_curve.png,111770,1309e932a146c9b06389ba6e61aec468bbf56f1175e240329ac50f5e67494f20,source_result_migration,tools/replot_results_e20_e24.py,python tools/replot_results_e20_e24.py,present_in_reference_tree,rebuild_from_code
results-E20-E24/source_figures/E21/unique/pairwise_r2/figures/r2_curves/P093_r2_curve.pdf,outputs/results-E20-E24/source_figures/E21/unique/pairwise_r2/figures/r2_curves/P093_r2_curve.pdf,19275,4e264afcba5c1ff4273b4f3f237846a0b8475f6b5027b0c6982cae5032bbd7ae,source_result_migration,tools/replot_results_e20_e24.py,python tools/replot_results_e20_e24.py,present_in_reference_tree,rebuild_from_code
results-E20-E24/source_figures/E21/unique/pairwise_r2/figures/r2_curves/P093_r2_curve.png,outputs/results-E20-E24/source_figures/E21/unique/pairwise_r2/figures/r2_curves/P093_r2_curve.png,112994,dca87a9e45e46d8ec9964475d1a0bcad7eb96848791315f7aec61323e6360e5e,source_result_migration,tools/replot_results_e20_e24.py,python tools/replot_results_e20_e24.py,present_in_reference_tree,rebuild_from_code
results-E20-E24/source_figures/E21/unique/pairwise_r2/figures/r2_curves/P094_r2_curve.pdf,outputs/results-E20-E24/source_figures/E21/unique/pairwise_r2/figures/r2_curves/P094_r2_curve.pdf,18605,5664713a636394c494a5570ed859519dd317f8ef0e9084b1f88aae2c383ed26b,source_result_migration,tools/replot_results_e20_e24.py,python tools/replot_results_e20_e24.py,present_in_reference_tree,rebuild_from_code
results-E20-E24/source_figures/E21/unique/pairwise_r2/figures/r2_curves/P094_r2_curve.png,outputs/results-E20-E24/source_figures/E21/unique/pairwise_r2/figures/r2_curves/P094_r2_curve.png,110890,9659d26210aa15a7027b2d86939f95ba5702812961401fe5bf03a116b37c4c98,source_result_migration,tools/replot_results_e20_e24.py,python tools/replot_results_e20_e24.py,present_in_reference_tree,rebuild_from_code
results-E20-E24/source_figures/E21/unique/pairwise_r2/figures/r2_curves/P095_r2_curve.pdf,outputs/results-E20-E24/source_figures/E21/unique/pairwise_r2/figures/r2_curves/P095_r2_curve.pdf,19614,3ca28ffb65604ada66a50d8107f0a5f74720e057d7a29e9d255453f7906b493c,source_result_migration,tools/replot_results_e20_e24.py,python tools/replot_results_e20_e24.py,present_in_reference_tree,rebuild_from_code
results-E20-E24/source_figures/E21/unique/pairwise_r2/figures/r2_curves/P095_r2_curve.png,outputs/results-E20-E24/source_figures/E21/unique/pairwise_r2/figures/r2_curves/P095_r2_curve.png,88253,fda88a5c08216e5975aa118036e56aa9829d3afbf1af1e9961c71c7228a71366,source_result_migration,tools/replot_results_e20_e24.py,python tools/replot_results_e20_e24.py,present_in_reference_tree,rebuild_from_code
results-E20-E24/source_figures/E21/unique/pairwise_r2/figures/r2_curves/P096_r2_curve.pdf,outputs/results-E20-E24/source_figures/E21/unique/pairwise_r2/figures/r2_curves/P096_r2_curve.pdf,18263,42e8c6074504414de6d878aba4cc256474b3f769ffdee7f8330ed0c8996c78a7,source_result_migration,tools/replot_results_e20_e24.py,python tools/replot_results_e20_e24.py,present_in_reference_tree,rebuild_from_code
results-E20-E24/source_figures/E21/unique/pairwise_r2/figures/r2_curves/P096_r2_curve.png,outputs/results-E20-E24/source_figures/E21/unique/pairwise_r2/figures/r2_curves/P096_r2_curve.png,111233,31cd5d1ee4c1ab1d3c8f2702d5db4eae371adb949707cdf3ce4a16c29bc8dba4,source_result_migration,tools/replot_results_e20_e24.py,python tools/replot_results_e20_e24.py,present_in_reference_tree,rebuild_from_code
results-E20-E24/source_figures/E21/unique/pairwise_r2/figures/r2_curves/P097_r2_curve.pdf,outputs/results-E20-E24/source_figures/E21/unique/pairwise_r2/figures/r2_curves/P097_r2_curve.pdf,18827,484173b2610055e45043c4eb04c8268dc2dd8fc6e2e70145885b60015923931e,source_result_migration,tools/replot_results_e20_e24.py,python tools/replot_results_e20_e24.py,present_in_reference_tree,rebuild_from_code
results-E20-E24/source_figures/E21/unique/pairwise_r2/figures/r2_curves/P097_r2_curve.png,outputs/results-E20-E24/source_figures/E21/unique/pairwise_r2/figures/r2_curves/P097_r2_curve.png,112460,73e1ab9be07737e1489a1e9da5e87dddb2c7a77e964e3f77b8fbbc5bcf29e615,source_result_migration,tools/replot_results_e20_e24.py,python tools/replot_results_e20_e24.py,present_in_reference_tree,rebuild_from_code
results-E20-E24/source_figures/E21/unique/pairwise_r2/figures/r2_curves/P098_r2_curve.pdf,outputs/results-E20-E24/source_figures/E21/unique/pairwise_r2/figures/r2_curves/P098_r2_curve.pdf,18605,aea5f9b5cf7dd1f979dbb5cd3614a214a0b5b4e5206924082b77c653d6e2a4ca,source_result_migration,tools/replot_results_e20_e24.py,python tools/replot_results_e20_e24.py,present_in_reference_tree,rebuild_from_code
results-E20-E24/source_figures/E21/unique/pairwise_r2/figures/r2_curves/P098_r2_curve.png,outputs/results-E20-E24/source_figures/E21/unique/pairwise_r2/figures/r2_curves/P098_r2_curve.png,110344,54c77988cc16a5115ccd23866af82223c577c52371729e1241064f09d73c2ff6,source_result_migration,tools/replot_results_e20_e24.py,python tools/replot_results_e20_e24.py,present_in_reference_tree,rebuild_from_code
results-E20-E24/source_figures/E21/unique/pairwise_r2/figures/r2_curves/P099_r2_curve.pdf,outputs/results-E20-E24/source_figures/E21/unique/pairwise_r2/figures/r2_curves/P099_r2_curve.pdf,19903,05f382af3291b6d83979eaba3a4f690493f4c46730b23241a1f28e874f5d2470,source_result_migration,tools/replot_results_e20_e24.py,python tools/replot_results_e20_e24.py,present_in_reference_tree,rebuild_from_code
results-E20-E24/source_figures/E21/unique/pairwise_r2/figures/r2_curves/P099_r2_curve.png,outputs/results-E20-E24/source_figures/E21/unique/pairwise_r2/figures/r2_curves/P099_r2_curve.png,86661,8f546650e1199f1c2c8c60e005f108ff1680acd7aae1a3bc1ad4ca311f64954a,source_result_migration,tools/replot_results_e20_e24.py,python tools/replot_results_e20_e24.py,present_in_reference_tree,rebuild_from_code
results-E20-E24/source_figures/E21/unique/pairwise_r2/figures/r2_curves/P100_r2_curve.pdf,outputs/results-E20-E24/source_figures/E21/unique/pairwise_r2/figures/r2_curves/P100_r2_curve.pdf,18197,2795cd66dc1b13d0e5ce50af6d60d7aaded8c425c3a5135ab1ecab39017f5d8d,source_result_migration,tools/replot_results_e20_e24.py,python tools/replot_results_e20_e24.py,present_in_reference_tree,rebuild_from_code
results-E20-E24/source_figures/E21/unique/pairwise_r2/figures/r2_curves/P100_r2_curve.png,outputs/results-E20-E24/source_figures/E21/unique/pairwise_r2/figures/r2_curves/P100_r2_curve.png,112454,cfcc91f2c41ea890b057384bcf43bd44faeddc43fb645148bc93026cf7a7d8d2,source_result_migration,tools/replot_results_e20_e24.py,python tools/replot_results_e20_e24.py,present_in_reference_tree,rebuild_from_code
results-E20-E24/source_figures/E21/unique/pairwise_r2/figures/r2_curves/P101_r2_curve.pdf,outputs/results-E20-E24/source_figures/E21/unique/pairwise_r2/figures/r2_curves/P101_r2_curve.pdf,18603,f8189fd7693c1af097f52234dbfbc09654eed01c864b268e4b9c976e9210b38b,source_result_migration,tools/replot_results_e20_e24.py,python tools/replot_results_e20_e24.py,present_in_reference_tree,rebuild_from_code
results-E20-E24/source_figures/E21/unique/pairwise_r2/figures/r2_curves/P101_r2_curve.png,outputs/results-E20-E24/source_figures/E21/unique/pairwise_r2/figures/r2_curves/P101_r2_curve.png,109027,07d9e2ed546b1baddec70ede92cb238e46bc045b8dc9662c58681a486d3cf543,source_result_migration,tools/replot_results_e20_e24.py,python tools/replot_results_e20_e24.py,present_in_reference_tree,rebuild_from_code
results-E20-E24/source_figures/E21/unique/pairwise_r2/figures/r2_curves/P102_r2_curve.pdf,outputs/results-E20-E24/source_figures/E21/unique/pairwise_r2/figures/r2_curves/P102_r2_curve.pdf,19452,63261128bac9ddacd47da5e6ef7853ac7ea833d91915be5b432f9e45e8430f54,source_result_migration,tools/replot_results_e20_e24.py,python tools/replot_results_e20_e24.py,present_in_reference_tree,rebuild_from_code
results-E20-E24/source_figures/E21/unique/pairwise_r2/figures/r2_curves/P102_r2_curve.png,outputs/results-E20-E24/source_figures/E21/unique/pairwise_r2/figures/r2_curves/P102_r2_curve.png,86087,f014edc60bd7a2c8c5859b784a8088687b4d9408b77e319735bf9e6b7eb46d7e,source_result_migration,tools/replot_results_e20_e24.py,python tools/replot_results_e20_e24.py,present_in_reference_tree,rebuild_from_code
results-E20-E24/source_figures/E21/unique/pairwise_r2/figures/r2_curves/P103_r2_curve.pdf,outputs/results-E20-E24/source_figures/E21/unique/pairwise_r2/figures/r2_curves/P103_r2_curve.pdf,18371,f13a09c9ce9accdfd79c81c2ecfe288a4b507d6a9d8083c2d8154e34bc830c16,source_result_migration,tools/replot_results_e20_e24.py,python tools/replot_results_e20_e24.py,present_in_reference_tree,rebuild_from_code
results-E20-E24/source_figures/E21/unique/pairwise_r2/figures/r2_curves/P103_r2_curve.png,outputs/results-E20-E24/source_figures/E21/unique/pairwise_r2/figures/r2_curves/P103_r2_curve.png,115221,b4f89aee1fe23747371d52f66d502441950fd21f2853b9803df4ec5dc1001978,source_result_migration,tools/replot_results_e20_e24.py,python tools/replot_results_e20_e24.py,present_in_reference_tree,rebuild_from_code
results-E20-E24/source_figures/E21/unique/pairwise_r2/figures/r2_curves/P104_r2_curve.pdf,outputs/results-E20-E24/source_figures/E21/unique/pairwise_r2/figures/r2_curves/P104_r2_curve.pdf,19021,58f56f43b41e3fe959a0ef4a82dee39862290b2c9b78648e3c55ba837432cae0,source_result_migration,tools/replot_results_e20_e24.py,python tools/replot_results_e20_e24.py,present_in_reference_tree,rebuild_from_code
results-E20-E24/source_figures/E21/unique/pairwise_r2/figures/r2_curves/P104_r2_curve.png,outputs/results-E20-E24/source_figures/E21/unique/pairwise_r2/figures/r2_curves/P104_r2_curve.png,90273,6bf6f56126c5ffcce1f33231931478ab2a0a44ece3d781ce29d629589b5def7a,source_result_migration,tools/replot_results_e20_e24.py,python tools/replot_results_e20_e24.py,present_in_reference_tree,rebuild_from_code
results-E20-E24/source_figures/E21/unique/pairwise_r2/figures/r2_curves/P105_r2_curve.pdf,outputs/results-E20-E24/source_figures/E21/unique/pairwise_r2/figures/r2_curves/P105_r2_curve.pdf,19169,3f4b9557026b1369b85c22c7571d3b0451d93c5d482290f5fdf1b90e6f5e4bbc,source_result_migration,tools/replot_results_e20_e24.py,python tools/replot_results_e20_e24.py,present_in_reference_tree,rebuild_from_code
results-E20-E24/source_figures/E21/unique/pairwise_r2/figures/r2_curves/P105_r2_curve.png,outputs/results-E20-E24/source_figures/E21/unique/pairwise_r2/figures/r2_curves/P105_r2_curve.png,88816,5faf046a6968ca0380dc4ae966bb0e8d7fc93340f7f448e43b98010c6d323c58,source_result_migration,tools/replot_results_e20_e24.py,python tools/replot_results_e20_e24.py,present_in_reference_tree,rebuild_from_code
results-E20-E24/source_figures/E22/figures/ieee69_branch_time_heatmap.pdf,outputs/results-E20-E24/source_figures/E22/figures/ieee69_branch_time_heatmap.pdf,54887,0fb6a5cce39d5eb73d29c12b36f18808152d39cc2a72a59eb03defdea8c13b70,source_result_migration,tools/replot_results_e20_e24.py,python tools/replot_results_e20_e24.py,present_in_reference_tree,rebuild_from_code
results-E20-E24/source_figures/E22/figures/ieee69_branch_time_heatmap.png,outputs/results-E20-E24/source_figures/E22/figures/ieee69_branch_time_heatmap.png,111447,f5e43e9bd3d33ce5b74c80e029e03b8ee21f617d66a6bde955a8f8bebe6de5a7,source_result_migration,tools/replot_results_e20_e24.py,python tools/replot_results_e20_e24.py,present_in_reference_tree,rebuild_from_code
results-E20-E24/source_figures/E22/figures/ieee69_constraint_component_audit.pdf,outputs/results-E20-E24/source_figures/E22/figures/ieee69_constraint_component_audit.pdf,67738,b0c98133ae4bc00220eb7dbc6734f88868e01051d4ff9b455a019803d637f7dd,source_result_migration,tools/replot_results_e20_e24.py,python tools/replot_results_e20_e24.py,present_in_reference_tree,rebuild_from_code
results-E20-E24/source_figures/E22/figures/ieee69_constraint_component_audit.png,outputs/results-E20-E24/source_figures/E22/figures/ieee69_constraint_component_audit.png,482726,7a4f70a22c499d82d9ed5b3d156d9a351b58661f3718d295e555fa955323864e,source_result_migration,tools/replot_results_e20_e24.py,python tools/replot_results_e20_e24.py,present_in_reference_tree,rebuild_from_code
results-E20-E24/source_figures/E22/figures/ieee69_effect_safety_pareto.pdf,outputs/results-E20-E24/source_figures/E22/figures/ieee69_effect_safety_pareto.pdf,37047,c5d6171e9d7dc94d6035b2156630653758737cd7588ec9cb814a473fcd222a0a,source_result_migration,tools/replot_results_e20_e24.py,python tools/replot_results_e20_e24.py,present_in_reference_tree,rebuild_from_code
results-E20-E24/source_figures/E22/figures/ieee69_effect_safety_pareto.png,outputs/results-E20-E24/source_figures/E22/figures/ieee69_effect_safety_pareto.png,275775,3ed31efd56fe65a7a40ff9ef0d2e0eaee52c0cf274127e4ea4c2c967f1309cd3,source_result_migration,tools/replot_results_e20_e24.py,python tools/replot_results_e20_e24.py,present_in_reference_tree,rebuild_from_code
results-E20-E24/source_figures/E22/figures/ieee69_network_acceptance.pdf,outputs/results-E20-E24/source_figures/E22/figures/ieee69_network_acceptance.pdf,39727,183828781ba5a9fd22c3380e689c62ddcbfe28cf849a59783fe01c2d814b4376,source_result_migration,tools/replot_results_e20_e24.py,python tools/replot_results_e20_e24.py,present_in_reference_tree,rebuild_from_code
results-E20-E24/source_figures/E22/figures/ieee69_network_acceptance.png,outputs/results-E20-E24/source_figures/E22/figures/ieee69_network_acceptance.png,223388,c50c297d84a86f90dd3208be0844a70af5abd2863be2a31a06e6923043a6ef3d,source_result_migration,tools/replot_results_e20_e24.py,python tools/replot_results_e20_e24.py,present_in_reference_tree,rebuild_from_code
results-E20-E24/source_figures/E22/figures/ieee69_stress_profiles.pdf,outputs/results-E20-E24/source_figures/E22/figures/ieee69_stress_profiles.pdf,25419,db8fca1be564303ca80ac192da47e30e44f0ddf6c7878278d92369c42c4d52fc,source_result_migration,tools/replot_results_e20_e24.py,python tools/replot_results_e20_e24.py,present_in_reference_tree,rebuild_from_code
results-E20-E24/source_figures/E22/figures/ieee69_stress_profiles.png,outputs/results-E20-E24/source_figures/E22/figures/ieee69_stress_profiles.png,436944,7fadb657fcf17c9bfbef2bb18671c326ababb12deb72b4d43df888253337e0f3,source_result_migration,tools/replot_results_e20_e24.py,python tools/replot_results_e20_e24.py,present_in_reference_tree,rebuild_from_code
results-E20-E24/source_figures/E22/figures/ieee69_stress_profiles_comparison.pdf,outputs/results-E20-E24/source_figures/E22/figures/ieee69_stress_profiles_comparison.pdf,25627,f96cc51e16571ed4bb030bdbf1f8b439661e4b3ef3f335620008bf27537051fc,source_result_migration,tools/replot_results_e20_e24.py,python tools/replot_results_e20_e24.py,present_in_reference_tree,rebuild_from_code
results-E20-E24/source_figures/E22/figures/ieee69_stress_profiles_comparison.png,outputs/results-E20-E24/source_figures/E22/figures/ieee69_stress_profiles_comparison.png,478437,9c65b5f488d2671ff7e3b739e6419a2e7a497c1c19ebc5e31ca7f85aaccb21de,source_result_migration,tools/replot_results_e20_e24.py,python tools/replot_results_e20_e24.py,present_in_reference_tree,rebuild_from_code
results-E20-E24/source_figures/E22/figures/retention_by_dataset_algorithm.pdf,outputs/results-E20-E24/source_figures/E22/figures/retention_by_dataset_algorithm.pdf,55938,c287604922e477fe08f776c78245108f7556a41cb9272709b102bef20bbe0570,source_result_migration,tools/replot_results_e20_e24.py,python tools/replot_results_e20_e24.py,present_in_reference_tree,rebuild_from_code
results-E20-E24/source_figures/E22/figures/retention_by_dataset_algorithm.png,outputs/results-E20-E24/source_figures/E22/figures/retention_by_dataset_algorithm.png,205614,53347f1729a8b658e94b9f13767d20a86f8510621f9d7de03b86aef03a9e845e,source_result_migration,tools/replot_results_e20_e24.py,python tools/replot_results_e20_e24.py,present_in_reference_tree,rebuild_from_code
results-E20-E24/source_figures/E22/figures/spatial_concentration_retention.pdf,outputs/results-E20-E24/source_figures/E22/figures/spatial_concentration_retention.pdf,34657,d64435d4022c650582cb460a124ffcad1307c55d1b8156d785e62f453f030285,source_result_migration,tools/replot_results_e20_e24.py,python tools/replot_results_e20_e24.py,present_in_reference_tree,rebuild_from_code
results-E20-E24/source_figures/E22/figures/spatial_concentration_retention.png,outputs/results-E20-E24/source_figures/E22/figures/spatial_concentration_retention.png,176214,9d148622a51b3026486df53640f03fdbcf9a2e8335c32eb3c8ac7d10e5c6d3ee,source_result_migration,tools/replot_results_e20_e24.py,python tools/replot_results_e20_e24.py,present_in_reference_tree,rebuild_from_code
results-E20-E24/source_figures/E22/figures/topology_effect_dumbbell.pdf,outputs/results-E20-E24/source_figures/E22/figures/topology_effect_dumbbell.pdf,22082,fa9db12f4fd518b0d488a03ad65da147d0fcd211823357af8361fddbf8b6a1e4,source_result_migration,tools/replot_results_e20_e24.py,python tools/replot_results_e20_e24.py,present_in_reference_tree,rebuild_from_code
results-E20-E24/source_figures/E22/figures/topology_effect_dumbbell.png,outputs/results-E20-E24/source_figures/E22/figures/topology_effect_dumbbell.png,142853,63aef8e600867e342ed303318bdb5ed0c1194e00a2c157b475b8b334a2bb05b7,source_result_migration,tools/replot_results_e20_e24.py,python tools/replot_results_e20_e24.py,present_in_reference_tree,rebuild_from_code
results-E20-E24/source_figures/E22/figures/trained_all_algorithms_comparison.pdf,outputs/results-E20-E24/source_figures/E22/figures/trained_all_algorithms_comparison.pdf,20017,610d798f69a7b2d635fb6126acdbd8a730fcadbd8d54e18331d796dec980e358,source_result_migration,tools/replot_results_e20_e24.py,python tools/replot_results_e20_e24.py,present_in_reference_tree,rebuild_from_code
results-E20-E24/source_figures/E22/figures/trained_all_algorithms_comparison.png,outputs/results-E20-E24/source_figures/E22/figures/trained_all_algorithms_comparison.png,208544,e6a0e392a9c0f721fb497650bd0e3616e16600787c2ec3cd3e71487a32d5b4f5,source_result_migration,tools/replot_results_e20_e24.py,python tools/replot_results_e20_e24.py,present_in_reference_tree,rebuild_from_code
results-E20-E24/source_figures/E22/interim/r2_scaling/figures/by_dataset/bdg1_building_data_genome_r2_vs_n.pdf,outputs/results-E20-E24/source_figures/E22/interim/r2_scaling/figures/by_dataset/bdg1_building_data_genome_r2_vs_n.pdf,17355,d64685793ec458d5520cba0958c924213afe4aad3da0f5747266570bdc84a3a5,source_result_migration,tools/replot_results_e20_e24.py,python tools/replot_results_e20_e24.py,present_in_reference_tree,rebuild_from_code
results-E20-E24/source_figures/E22/interim/r2_scaling/figures/by_dataset/bdg1_building_data_genome_r2_vs_n.png,outputs/results-E20-E24/source_figures/E22/interim/r2_scaling/figures/by_dataset/bdg1_building_data_genome_r2_vs_n.png,94084,2aff8d61f4e7e0158af7e3d1f9e2ed6f126821a132226890740b8b540970bf79,source_result_migration,tools/replot_results_e20_e24.py,python tools/replot_results_e20_e24.py,present_in_reference_tree,rebuild_from_code
results-E20-E24/source_figures/E22/interim/r2_scaling/figures/by_dataset/bdg2_building_data_genome_r2_vs_n.pdf,outputs/results-E20-E24/source_figures/E22/interim/r2_scaling/figures/by_dataset/bdg2_building_data_genome_r2_vs_n.pdf,18154,dd461c87f49a9ca41c5a033b05c9f29e9f162d7a0cd27793f61636c7abc311a3,source_result_migration,tools/replot_results_e20_e24.py,python tools/replot_results_e20_e24.py,present_in_reference_tree,rebuild_from_code
results-E20-E24/source_figures/E22/interim/r2_scaling/figures/by_dataset/bdg2_building_data_genome_r2_vs_n.png,outputs/results-E20-E24/source_figures/E22/interim/r2_scaling/figures/by_dataset/bdg2_building_data_genome_r2_vs_n.png,95014,741c9f9f7acbff0666ca6fdd2ca5cb68c694cd24dd9963297c366d0387a62f59,source_result_migration,tools/replot_results_e20_e24.py,python tools/replot_results_e20_e24.py,present_in_reference_tree,rebuild_from_code
results-E20-E24/source_figures/E22/interim/r2_scaling/figures/by_dataset/complete_energy_community_r2_vs_n.pdf,outputs/results-E20-E24/source_figures/E22/interim/r2_scaling/figures/by_dataset/complete_energy_community_r2_vs_n.pdf,17240,4682bac521da4e4b747ea3a54a864d0eff692e9692a29973602fa4eff18d4a16,source_result_migration,tools/replot_results_e20_e24.py,python tools/replot_results_e20_e24.py,present_in_reference_tree,rebuild_from_code
results-E20-E24/source_figures/E22/interim/r2_scaling/figures/by_dataset/complete_energy_community_r2_vs_n.png,outputs/results-E20-E24/source_figures/E22/interim/r2_scaling/figures/by_dataset/complete_energy_community_r2_vs_n.png,99165,8c7a0f5bd323cfe5c7febed0b30af472ebd2f16d8bf7905e95303736a8bba76c,source_result_migration,tools/replot_results_e20_e24.py,python tools/replot_results_e20_e24.py,present_in_reference_tree,rebuild_from_code
results-E20-E24/source_figures/E22/interim/r2_scaling/figures/by_dataset/danish_smart_heat_meters_r2_vs_n.pdf,outputs/results-E20-E24/source_figures/E22/interim/r2_scaling/figures/by_dataset/danish_smart_heat_meters_r2_vs_n.pdf,17305,e69afdaf2905e91fc286762cab5e8108dd92976a15bca96abedf35e4bcaaddab,source_result_migration,tools/replot_results_e20_e24.py,python tools/replot_results_e20_e24.py,present_in_reference_tree,rebuild_from_code
results-E20-E24/source_figures/E22/interim/r2_scaling/figures/by_dataset/danish_smart_heat_meters_r2_vs_n.png,outputs/results-E20-E24/source_figures/E22/interim/r2_scaling/figures/by_dataset/danish_smart_heat_meters_r2_vs_n.png,92932,504f6183f677f68f17a0d8c9ced7554154e2a80f3f524d3e6ba6eaa52738898c,source_result_migration,tools/replot_results_e20_e24.py,python tools/replot_results_e20_e24.py,present_in_reference_tree,rebuild_from_code
results-E20-E24/source_figures/E22/interim/r2_scaling/figures/by_dataset/european_lv_rural_2731_r2_vs_n.pdf,outputs/results-E20-E24/source_figures/E22/interim/r2_scaling/figures/by_dataset/european_lv_rural_2731_r2_vs_n.pdf,18166,e17352d2af5e6a9e7e122d2e2c5f16c1a2cd45e4603b5af4d2ad714dd69f8973,source_result_migration,tools/replot_results_e20_e24.py,python tools/replot_results_e20_e24.py,present_in_reference_tree,rebuild_from_code
results-E20-E24/source_figures/E22/interim/r2_scaling/figures/by_dataset/european_lv_rural_2731_r2_vs_n.png,outputs/results-E20-E24/source_figures/E22/interim/r2_scaling/figures/by_dataset/european_lv_rural_2731_r2_vs_n.png,95658,ad4b9b8d2400dc7027914a91c6dab4ce956551fc565e954fe71220626b96df5e,source_result_migration,tools/replot_results_e20_e24.py,python tools/replot_results_e20_e24.py,present_in_reference_tree,rebuild_from_code
results-E20-E24/source_figures/E22/interim/r2_scaling/figures/e22_completed_r2_group.pdf,outputs/results-E20-E24/source_figures/E22/interim/r2_scaling/figures/e22_completed_r2_group.pdf,27485,559af4a28ea0f790d1eb4d2ee250ffad85dae213c6e8ef4cc1bc255c821512ae,source_result_migration,tools/replot_results_e20_e24.py,python tools/replot_results_e20_e24.py,present_in_reference_tree,rebuild_from_code
results-E20-E24/source_figures/E22/interim/r2_scaling/figures/e22_completed_r2_group.png,outputs/results-E20-E24/source_figures/E22/interim/r2_scaling/figures/e22_completed_r2_group.png,333589,72059beaafcff146d7942948a512750fd0328c38026d7dd396b80ce6da719abb,source_result_migration,tools/replot_results_e20_e24.py,python tools/replot_results_e20_e24.py,present_in_reference_tree,rebuild_from_code
results-E20-E24/source_figures/E22/trained_eps_ieee69/figures/trained_eps_all_algorithms_ieee69.pdf,outputs/results-E20-E24/source_figures/E22/trained_eps_ieee69/figures/trained_eps_all_algorithms_ieee69.pdf,20282,ca5b14e5325d54b1e88d75542b4834036ed887873c002c0fc1ca2744769df166,source_result_migration,tools/replot_results_e20_e24.py,python tools/replot_results_e20_e24.py,present_in_reference_tree,rebuild_from_code
results-E20-E24/source_figures/E22/trained_eps_ieee69/figures/trained_eps_all_algorithms_ieee69.png,outputs/results-E20-E24/source_figures/E22/trained_eps_ieee69/figures/trained_eps_all_algorithms_ieee69.png,167288,d103631699b7f91e0aa1d4df68e30479671d490765320ec6c747335c77e1baa5,source_result_migration,tools/replot_results_e20_e24.py,python tools/replot_results_e20_e24.py,present_in_reference_tree,rebuild_from_code
results-E20-E24/source_figures/E22/trained_eps_ieee69/figures/trained_gain_by_dataset_ieee69.pdf,outputs/results-E20-E24/source_figures/E22/trained_eps_ieee69/figures/trained_gain_by_dataset_ieee69.pdf,20500,171858e71a4092358af7b5a5e221fb079c442fc149b20cf34e7fc3e0293134aa,source_result_migration,tools/replot_results_e20_e24.py,python tools/replot_results_e20_e24.py,present_in_reference_tree,rebuild_from_code
results-E20-E24/source_figures/E22/trained_eps_ieee69/figures/trained_gain_by_dataset_ieee69.png,outputs/results-E20-E24/source_figures/E22/trained_eps_ieee69/figures/trained_gain_by_dataset_ieee69.png,130016,ca11d3031d5c8a52ac70df930a15b680d9de99418011165d4ab684c628b603dd,source_result_migration,tools/replot_results_e20_e24.py,python tools/replot_results_e20_e24.py,present_in_reference_tree,rebuild_from_code
results-E20-E24/source_figures/E22/trained_eps_ieee69/figures/trained_vs_transfer_dataset_heatmap_ieee69.pdf,outputs/results-E20-E24/source_figures/E22/trained_eps_ieee69/figures/trained_vs_transfer_dataset_heatmap_ieee69.pdf,31290,db79471ce6fa7ce364d7240216e8a834a07b43ddbfb2f028e0d4610487e1c38c,source_result_migration,tools/replot_results_e20_e24.py,python tools/replot_results_e20_e24.py,present_in_reference_tree,rebuild_from_code
results-E20-E24/source_figures/E22/trained_eps_ieee69/figures/trained_vs_transfer_dataset_heatmap_ieee69.png,outputs/results-E20-E24/source_figures/E22/trained_eps_ieee69/figures/trained_vs_transfer_dataset_heatmap_ieee69.png,138643,d355c96bef968b42e5a08eedf18352d73027ace08c2bbc7925186bb6a58fef5c,source_result_migration,tools/replot_results_e20_e24.py,python tools/replot_results_e20_e24.py,present_in_reference_tree,rebuild_from_code
results-E20-E24/source_figures/E22/trained_eps_ieee69/figures/trained_vs_transfer_stress_profiles_ieee69.pdf,outputs/results-E20-E24/source_figures/E22/trained_eps_ieee69/figures/trained_vs_transfer_stress_profiles_ieee69.pdf,18056,ecba10cb74eebad8c749da67f34fbe4be8515b7f1adb1914171f7d30e6312f26,source_result_migration,tools/replot_results_e20_e24.py,python tools/replot_results_e20_e24.py,present_in_reference_tree,rebuild_from_code
results-E20-E24/source_figures/E22/trained_eps_ieee69/figures/trained_vs_transfer_stress_profiles_ieee69.png,outputs/results-E20-E24/source_figures/E22/trained_eps_ieee69/figures/trained_vs_transfer_stress_profiles_ieee69.png,125290,0b9c113f3d56240331f7e87a5584e61553c12778597393d924a12fa94f3d536a,source_result_migration,tools/replot_results_e20_e24.py,python tools/replot_results_e20_e24.py,present_in_reference_tree,rebuild_from_code
results-E20-E24/source_figures/E22/trained_eps_ieee69_direct/figures/trained_eps_all_algorithms_ieee69.pdf,outputs/results-E20-E24/source_figures/E22/trained_eps_ieee69_direct/figures/trained_eps_all_algorithms_ieee69.pdf,20118,67c2bbde2e41fb4f76e51c856476adaed6a970ae44370fbd5d12f7ab6f955619,source_result_migration,tools/replot_results_e20_e24.py,python tools/replot_results_e20_e24.py,present_in_reference_tree,rebuild_from_code
results-E20-E24/source_figures/E22/trained_eps_ieee69_direct/figures/trained_eps_all_algorithms_ieee69.png,outputs/results-E20-E24/source_figures/E22/trained_eps_ieee69_direct/figures/trained_eps_all_algorithms_ieee69.png,186661,5cb6ccb9615081661cd7354a8a5ecef8428a5d30327d013f5cb3e0f15e3eb293,source_result_migration,tools/replot_results_e20_e24.py,python tools/replot_results_e20_e24.py,present_in_reference_tree,rebuild_from_code
results-E20-E24/source_figures/E22/trained_eps_ieee69_direct/figures/trained_gain_by_dataset_ieee69.pdf,outputs/results-E20-E24/source_figures/E22/trained_eps_ieee69_direct/figures/trained_gain_by_dataset_ieee69.pdf,20839,943135c93a2c4565a29497f29bb69075f57bf2f3d196339efdfa241bfb9e7c9a,source_result_migration,tools/replot_results_e20_e24.py,python tools/replot_results_e20_e24.py,present_in_reference_tree,rebuild_from_code
results-E20-E24/source_figures/E22/trained_eps_ieee69_direct/figures/trained_gain_by_dataset_ieee69.png,outputs/results-E20-E24/source_figures/E22/trained_eps_ieee69_direct/figures/trained_gain_by_dataset_ieee69.png,131157,e96daaaa99511c5c0dd9e6507043cf9ce32385e89c6e8779c252ec1cd1c94b9d,source_result_migration,tools/replot_results_e20_e24.py,python tools/replot_results_e20_e24.py,present_in_reference_tree,rebuild_from_code
results-E20-E24/source_figures/E22/trained_eps_ieee69_direct/figures/trained_vs_transfer_dataset_heatmap_ieee69.pdf,outputs/results-E20-E24/source_figures/E22/trained_eps_ieee69_direct/figures/trained_vs_transfer_dataset_heatmap_ieee69.pdf,41527,8b5e45caaf9e02836dad966c34e8ed780e84084e3d12311545eb95a405214dde,source_result_migration,tools/replot_results_e20_e24.py,python tools/replot_results_e20_e24.py,present_in_reference_tree,rebuild_from_code
results-E20-E24/source_figures/E22/trained_eps_ieee69_direct/figures/trained_vs_transfer_dataset_heatmap_ieee69.png,outputs/results-E20-E24/source_figures/E22/trained_eps_ieee69_direct/figures/trained_vs_transfer_dataset_heatmap_ieee69.png,204045,a3f375b36803feab35423f5443a76b4a467aede1527503fad2b5555f914349e6,source_result_migration,tools/replot_results_e20_e24.py,python tools/replot_results_e20_e24.py,present_in_reference_tree,rebuild_from_code
results-E20-E24/source_figures/E22/trained_eps_ieee69_direct/figures/trained_vs_transfer_stress_profiles_ieee69.pdf,outputs/results-E20-E24/source_figures/E22/trained_eps_ieee69_direct/figures/trained_vs_transfer_stress_profiles_ieee69.pdf,19538,d6ef2867f05024e8f1ae87ab4dcce5e98317451e07ad53b859583394d151d7db,source_result_migration,tools/replot_results_e20_e24.py,python tools/replot_results_e20_e24.py,present_in_reference_tree,rebuild_from_code
results-E20-E24/source_figures/E22/trained_eps_ieee69_direct/figures/trained_vs_transfer_stress_profiles_ieee69.png,outputs/results-E20-E24/source_figures/E22/trained_eps_ieee69_direct/figures/trained_vs_transfer_stress_profiles_ieee69.png,202336,2940880a82b1e5a94878ee99ba582af75de9e30f437c1ebd83dcae014181a23f,source_result_migration,tools/replot_results_e20_e24.py,python tools/replot_results_e20_e24.py,present_in_reference_tree,rebuild_from_code
results-E20-E24/source_figures/E23/direct_training/figures/effect_vs_density_imbalance.pdf,outputs/results-E20-E24/source_figures/E23/direct_training/figures/effect_vs_density_imbalance.pdf,97441,158c465077c1b6e2e9b3aaf0095200422de6a0ec911c41def00b672969c7b5e9,source_result_migration,tools/replot_results_e20_e24.py,python tools/replot_results_e20_e24.py,present_in_reference_tree,rebuild_from_code
results-E20-E24/source_figures/E23/direct_training/figures/effect_vs_density_imbalance.png,outputs/results-E20-E24/source_figures/E23/direct_training/figures/effect_vs_density_imbalance.png,248753,53a3c5c501292dffc4dcf1e41f278b73faf47b07401dcdad320f72b0a3510686,source_result_migration,tools/replot_results_e20_e24.py,python tools/replot_results_e20_e24.py,present_in_reference_tree,rebuild_from_code
results-E20-E24/source_figures/E23/direct_training/figures/effect_vs_type_heterogeneity.pdf,outputs/results-E20-E24/source_figures/E23/direct_training/figures/effect_vs_type_heterogeneity.pdf,99146,bab7ec2653ced37d6ab9935d75ddbd81f9c25df81cd8666558c0fcd07b2b179f,source_result_migration,tools/replot_results_e20_e24.py,python tools/replot_results_e20_e24.py,present_in_reference_tree,rebuild_from_code
results-E20-E24/source_figures/E23/direct_training/figures/effect_vs_type_heterogeneity.png,outputs/results-E20-E24/source_figures/E23/direct_training/figures/effect_vs_type_heterogeneity.png,260546,46c669d85d8fdbacd69e2306295b7d8fa08473c6e88b3afbbe79905fcf3cef86,source_result_migration,tools/replot_results_e20_e24.py,python tools/replot_results_e20_e24.py,present_in_reference_tree,rebuild_from_code
results-E20-E24/source_figures/E23/direct_training/figures/imbalance_metric_summary.pdf,outputs/results-E20-E24/source_figures/E23/direct_training/figures/imbalance_metric_summary.pdf,32673,823c3ade5131f3d823332e73c29a8b2115f3af99308af0159ea6f2c3b87c2b05,source_result_migration,tools/replot_results_e20_e24.py,python tools/replot_results_e20_e24.py,present_in_reference_tree,rebuild_from_code
results-E20-E24/source_figures/E23/direct_training/figures/imbalance_metric_summary.png,outputs/results-E20-E24/source_figures/E23/direct_training/figures/imbalance_metric_summary.png,136738,3a261fc118faa33ca6c4d24492060ee350fe7ae4365985e4001897bfbadf2a7b,source_result_migration,tools/replot_results_e20_e24.py,python tools/replot_results_e20_e24.py,present_in_reference_tree,rebuild_from_code
results-E20-E24/source_figures/E23/direct_training/figures/region_density_assignments.pdf,outputs/results-E20-E24/source_figures/E23/direct_training/figures/region_density_assignments.pdf,24440,3807969e974cbb33f1b32d7548434d73e7f1b5b0dbce9d0595afdab815442303,source_result_migration,tools/replot_results_e20_e24.py,python tools/replot_results_e20_e24.py,present_in_reference_tree,rebuild_from_code
results-E20-E24/source_figures/E23/direct_training/figures/region_density_assignments.png,outputs/results-E20-E24/source_figures/E23/direct_training/figures/region_density_assignments.png,129156,97662c2ae543b2752870baddfc1703f3e5a6853f7970551af8dcbf3cb551d17f,source_result_migration,tools/replot_results_e20_e24.py,python tools/replot_results_e20_e24.py,present_in_reference_tree,rebuild_from_code
results-E20-E24/source_figures/E23/direct_training/figures/safety_vs_headroom_coupling.pdf,outputs/results-E20-E24/source_figures/E23/direct_training/figures/safety_vs_headroom_coupling.pdf,97066,36255acc41ce47df492afd6bb4079026fdc6bb90a603cb3b32dfca9be6f53c15,source_result_migration,tools/replot_results_e20_e24.py,python tools/replot_results_e20_e24.py,present_in_reference_tree,rebuild_from_code
results-E20-E24/source_figures/E23/direct_training/figures/safety_vs_headroom_coupling.png,outputs/results-E20-E24/source_figures/E23/direct_training/figures/safety_vs_headroom_coupling.png,223442,dec0c99698d1a300e2963731c1a03c683b015fa774d6ceb02b4d8b7b31bc0cbd,source_result_migration,tools/replot_results_e20_e24.py,python tools/replot_results_e20_e24.py,present_in_reference_tree,rebuild_from_code
results-E20-E24/source_figures/E23/direct_training/figures/spatial_heterogeneity_algorithm_comparison.pdf,outputs/results-E20-E24/source_figures/E23/direct_training/figures/spatial_heterogeneity_algorithm_comparison.pdf,42140,6501b45216a995259cb27668dc6901d7a190b2c5e946a473d25311c1b2d97c31,source_result_migration,tools/replot_results_e20_e24.py,python tools/replot_results_e20_e24.py,present_in_reference_tree,rebuild_from_code
results-E20-E24/source_figures/E23/direct_training/figures/spatial_heterogeneity_algorithm_comparison.png,outputs/results-E20-E24/source_figures/E23/direct_training/figures/spatial_heterogeneity_algorithm_comparison.png,212622,48adf49b75d42596ba57442fa550d3beb6af628048b600c6d380f6f5aa2cfce0,source_result_migration,tools/replot_results_e20_e24.py,python tools/replot_results_e20_e24.py,present_in_reference_tree,rebuild_from_code
results-E20-E24/source_figures/E23/figures/e23_boundary_summary.pdf,outputs/results-E20-E24/source_figures/E23/figures/e23_boundary_summary.pdf,45868,971bdb6b5fba7c42603fc691d87ee2157f2920eb583aa3e53647a2a894690c44,source_result_migration,tools/replot_results_e20_e24.py,python tools/replot_results_e20_e24.py,present_in_reference_tree,rebuild_from_code
results-E20-E24/source_figures/E23/figures/e23_boundary_summary.png,outputs/results-E20-E24/source_figures/E23/figures/e23_boundary_summary.png,100045,4e80c05c744b256acbafc0f4eaadd34afd92a188af27d7b27b2492778c052ca6,source_result_migration,tools/replot_results_e20_e24.py,python tools/replot_results_e20_e24.py,present_in_reference_tree,rebuild_from_code
results-E20-E24/source_figures/E23/figures/e23_dataset_boundary_distribution.pdf,outputs/results-E20-E24/source_figures/E23/figures/e23_dataset_boundary_distribution.pdf,60464,f769b753b396c7d4ec26b0c7c2a25de380bb3dccb956a1a9fe771f86fa057d8c,source_result_migration,tools/replot_results_e20_e24.py,python tools/replot_results_e20_e24.py,present_in_reference_tree,rebuild_from_code
results-E20-E24/source_figures/E23/figures/e23_dataset_boundary_distribution.png,outputs/results-E20-E24/source_figures/E23/figures/e23_dataset_boundary_distribution.png,179221,3343e9fe0d4e3a980878edd9a6baf2c11fe92dfeef1e7be311d7436bd5b0e941,source_result_migration,tools/replot_results_e20_e24.py,python tools/replot_results_e20_e24.py,present_in_reference_tree,rebuild_from_code
results-E20-E24/source_figures/E23/figures/e23_physical_violation_curves.pdf,outputs/results-E20-E24/source_figures/E23/figures/e23_physical_violation_curves.pdf,81432,62f8fe9e3e9d966e3bf25db68b20592955137ccbc72cf4d6ef84c384d218bf2c,source_result_migration,tools/replot_results_e20_e24.py,python tools/replot_results_e20_e24.py,present_in_reference_tree,rebuild_from_code
results-E20-E24/source_figures/E23/figures/e23_physical_violation_curves.png,outputs/results-E20-E24/source_figures/E23/figures/e23_physical_violation_curves.png,306533,df0e6226d130a20e98e4e6414c7814a5ac587639c2b08bdd3bf53d652974fbf4,source_result_migration,tools/replot_results_e20_e24.py,python tools/replot_results_e20_e24.py,present_in_reference_tree,rebuild_from_code
results-E20-E24/source_figures/E23/figures/e23_r2_pressure_curves.pdf,outputs/results-E20-E24/source_figures/E23/figures/e23_r2_pressure_curves.pdf,60802,777f5848d913bb8c2d588dda6815c75e78e73003a9d72f4ef0ef47c174c4ac26,source_result_migration,tools/replot_results_e20_e24.py,python tools/replot_results_e20_e24.py,present_in_reference_tree,rebuild_from_code
results-E20-E24/source_figures/E23/figures/e23_r2_pressure_curves.png,outputs/results-E20-E24/source_figures/E23/figures/e23_r2_pressure_curves.png,531829,34bbb006e6765455f64a6bbf7902060eebec8969d16251fbddcab990de36d78c,source_result_migration,tools/replot_results_e20_e24.py,python tools/replot_results_e20_e24.py,present_in_reference_tree,rebuild_from_code
results-E20-E24/source_figures/E23/figures/e23_r2_spatial_conditions.pdf,outputs/results-E20-E24/source_figures/E23/figures/e23_r2_spatial_conditions.pdf,37065,19bacf8f12df0e029ac763c1d736e26d5987b5cba13edd972ffc6799e9fde309,source_result_migration,tools/replot_results_e20_e24.py,python tools/replot_results_e20_e24.py,present_in_reference_tree,rebuild_from_code
results-E20-E24/source_figures/E23/figures/e23_r2_spatial_conditions.png,outputs/results-E20-E24/source_figures/E23/figures/e23_r2_spatial_conditions.png,214244,c4054f52cb71a3ce5b738e61eb612998cd5cb7c61811108b0b13b4c604c70d2a,source_result_migration,tools/replot_results_e20_e24.py,python tools/replot_results_e20_e24.py,present_in_reference_tree,rebuild_from_code
results-E20-E24/source_figures/E23/figures/e23_reduction_vs_r2_spatial.pdf,outputs/results-E20-E24/source_figures/E23/figures/e23_reduction_vs_r2_spatial.pdf,51747,ab3a16d4279b0d6c757cf6e57f513cfc2dc2585ee015ff6c4ed87aba4d3e54ea,source_result_migration,tools/replot_results_e20_e24.py,python tools/replot_results_e20_e24.py,present_in_reference_tree,rebuild_from_code
results-E20-E24/source_figures/E23/figures/e23_reduction_vs_r2_spatial.png,outputs/results-E20-E24/source_figures/E23/figures/e23_reduction_vs_r2_spatial.png,150430,d4f57ac17ca920818ca552083555317e7d8206d1d19e7f0603601e7c57e26846,source_result_migration,tools/replot_results_e20_e24.py,python tools/replot_results_e20_e24.py,present_in_reference_tree,rebuild_from_code
results-E20-E24/source_figures/E23/figures/e23_relative_advantage_curves.pdf,outputs/results-E20-E24/source_figures/E23/figures/e23_relative_advantage_curves.pdf,64261,756624dcc4de3da7ad23adb40e7886179dfb8a8d4ba210376ecd36636af2f529,source_result_migration,tools/replot_results_e20_e24.py,python tools/replot_results_e20_e24.py,present_in_reference_tree,rebuild_from_code
results-E20-E24/source_figures/E23/figures/e23_relative_advantage_curves.png,outputs/results-E20-E24/source_figures/E23/figures/e23_relative_advantage_curves.png,308652,1d5c3514adf30bfa93889ac21759fe546b03388402f42a7bdb9335ccf219baf3,source_result_migration,tools/replot_results_e20_e24.py,python tools/replot_results_e20_e24.py,present_in_reference_tree,rebuild_from_code
results-E20-E24/source_figures/E23/figures/e23_relative_effect_curves.pdf,outputs/results-E20-E24/source_figures/E23/figures/e23_relative_effect_curves.pdf,75781,71e79fd5a14499d254939800f285f7722f54600d643d77756622a664baceabfb,source_result_migration,tools/replot_results_e20_e24.py,python tools/replot_results_e20_e24.py,present_in_reference_tree,rebuild_from_code
results-E20-E24/source_figures/E23/figures/e23_relative_effect_curves.png,outputs/results-E20-E24/source_figures/E23/figures/e23_relative_effect_curves.png,426594,34b4de5a0269aef469095ebbf4098f2b840950710a9f8c36a6527ce42f9961af,source_result_migration,tools/replot_results_e20_e24.py,python tools/replot_results_e20_e24.py,present_in_reference_tree,rebuild_from_code
results-E20-E24/source_figures/E23/figures/effect_vs_density_imbalance.pdf,outputs/results-E20-E24/source_figures/E23/figures/effect_vs_density_imbalance.pdf,97432,56e5d1046f7dfcef3a96991f0a258a2517335b5525f7f5eba0c461a1f7a14c5d,source_result_migration,tools/replot_results_e20_e24.py,python tools/replot_results_e20_e24.py,present_in_reference_tree,rebuild_from_code
results-E20-E24/source_figures/E23/figures/effect_vs_density_imbalance.png,outputs/results-E20-E24/source_figures/E23/figures/effect_vs_density_imbalance.png,249292,16e8b7104c00b6a64ae0d8bc021a4e812eb5fb3e27d4e74868228ed6238b7c7d,source_result_migration,tools/replot_results_e20_e24.py,python tools/replot_results_e20_e24.py,present_in_reference_tree,rebuild_from_code
results-E20-E24/source_figures/E23/figures/effect_vs_type_heterogeneity.pdf,outputs/results-E20-E24/source_figures/E23/figures/effect_vs_type_heterogeneity.pdf,99179,d2973e478c378f0bfe4e18f4b1cbd1fcfe3408aff016d88705f9aa5bfe58b5ba,source_result_migration,tools/replot_results_e20_e24.py,python tools/replot_results_e20_e24.py,present_in_reference_tree,rebuild_from_code
results-E20-E24/source_figures/E23/figures/effect_vs_type_heterogeneity.png,outputs/results-E20-E24/source_figures/E23/figures/effect_vs_type_heterogeneity.png,260653,c4b1bd5482690ae170ed42b1fa3633594dfc693cb41899af6c5dacc2df58e57e,source_result_migration,tools/replot_results_e20_e24.py,python tools/replot_results_e20_e24.py,present_in_reference_tree,rebuild_from_code
results-E20-E24/source_figures/E23/figures/ieee69_constraint_margins.pdf,outputs/results-E20-E24/source_figures/E23/figures/ieee69_constraint_margins.pdf,72781,6a4fc04a1d009ffbc17165b07873293bddc22b80ac5df73820b68a1830e8062e,source_result_migration,tools/replot_results_e20_e24.py,python tools/replot_results_e20_e24.py,present_in_reference_tree,rebuild_from_code
results-E20-E24/source_figures/E23/figures/ieee69_constraint_margins.png,outputs/results-E20-E24/source_figures/E23/figures/ieee69_constraint_margins.png,470995,ebb7d810cc51edf987f894216ff843f20b5ab67c62e3d63893be9997113bfd78,source_result_migration,tools/replot_results_e20_e24.py,python tools/replot_results_e20_e24.py,present_in_reference_tree,rebuild_from_code
results-E20-E24/source_figures/E23/figures/ieee69_effect_under_stress.pdf,outputs/results-E20-E24/source_figures/E23/figures/ieee69_effect_under_stress.pdf,46977,e4be18337a40c82d2b908d7e04b53f8c064d7a8808818ef4c05d35697eadd138,source_result_migration,tools/replot_results_e20_e24.py,python tools/replot_results_e20_e24.py,present_in_reference_tree,rebuild_from_code
results-E20-E24/source_figures/E23/figures/ieee69_effect_under_stress.png,outputs/results-E20-E24/source_figures/E23/figures/ieee69_effect_under_stress.png,410883,ca76eaeb3400f6191efd94f6a065632cc081f2bf723661cf1620c7dab3b17df1,source_result_migration,tools/replot_results_e20_e24.py,python tools/replot_results_e20_e24.py,present_in_reference_tree,rebuild_from_code
results-E20-E24/source_figures/E23/figures/ieee69_failure_boundary_dashboard.pdf,outputs/results-E20-E24/source_figures/E23/figures/ieee69_failure_boundary_dashboard.pdf,84842,b2373e52e0744b2d0c7524368f9af19105e6e4e50b08ac2e14c67001534f90c9,source_result_migration,tools/replot_results_e20_e24.py,python tools/replot_results_e20_e24.py,present_in_reference_tree,rebuild_from_code
results-E20-E24/source_figures/E23/figures/ieee69_failure_boundary_dashboard.png,outputs/results-E20-E24/source_figures/E23/figures/ieee69_failure_boundary_dashboard.png,510618,e715829b946eb81512fb5dd05e499f3655f1999ebd61f907e31ef9af2eb91127,source_result_migration,tools/replot_results_e20_e24.py,python tools/replot_results_e20_e24.py,present_in_reference_tree,rebuild_from_code
results-E20-E24/source_figures/E23/figures/ieee69_mean_effect.pdf,outputs/results-E20-E24/source_figures/E23/figures/ieee69_mean_effect.pdf,33751,d6cfb7de0096ea8d579ec8928c19fc6e690f24662c1be89fb7505d0f24673540,source_result_migration,tools/replot_results_e20_e24.py,python tools/replot_results_e20_e24.py,present_in_reference_tree,rebuild_from_code
results-E20-E24/source_figures/E23/figures/ieee69_mean_effect.png,outputs/results-E20-E24/source_figures/E23/figures/ieee69_mean_effect.png,146217,31ebe38fa31010264398d932d89c29b39b4a06c06e262427f8bf9824af016bcf,source_result_migration,tools/replot_results_e20_e24.py,python tools/replot_results_e20_e24.py,present_in_reference_tree,rebuild_from_code
results-E20-E24/source_figures/E23/figures/imbalance_metric_summary.pdf,outputs/results-E20-E24/source_figures/E23/figures/imbalance_metric_summary.pdf,32673,b426a7c93c4cbc51e05b6468b3753804529297cdcece76519c23503b96c4e63d,source_result_migration,tools/replot_results_e20_e24.py,python tools/replot_results_e20_e24.py,present_in_reference_tree,rebuild_from_code
results-E20-E24/source_figures/E23/figures/imbalance_metric_summary.png,outputs/results-E20-E24/source_figures/E23/figures/imbalance_metric_summary.png,136738,3a261fc118faa33ca6c4d24492060ee350fe7ae4365985e4001897bfbadf2a7b,source_result_migration,tools/replot_results_e20_e24.py,python tools/replot_results_e20_e24.py,present_in_reference_tree,rebuild_from_code
results-E20-E24/source_figures/E23/figures/region_density_assignments.pdf,outputs/results-E20-E24/source_figures/E23/figures/region_density_assignments.pdf,24440,12dd41f8ceb377c910502e2f35eef54be2156b00a8c694803c1eda42a22dd5d2,source_result_migration,tools/replot_results_e20_e24.py,python tools/replot_results_e20_e24.py,present_in_reference_tree,rebuild_from_code
results-E20-E24/source_figures/E23/figures/region_density_assignments.png,outputs/results-E20-E24/source_figures/E23/figures/region_density_assignments.png,129156,97662c2ae543b2752870baddfc1703f3e5a6853f7970551af8dcbf3cb551d17f,source_result_migration,tools/replot_results_e20_e24.py,python tools/replot_results_e20_e24.py,present_in_reference_tree,rebuild_from_code
results-E20-E24/source_figures/E23/figures/safety_vs_headroom_coupling.pdf,outputs/results-E20-E24/source_figures/E23/figures/safety_vs_headroom_coupling.pdf,97053,47ad384efd8b7135a10446d8e24fd98a731ab20aaaa536b6c5971a0c75e418c9,source_result_migration,tools/replot_results_e20_e24.py,python tools/replot_results_e20_e24.py,present_in_reference_tree,rebuild_from_code
results-E20-E24/source_figures/E23/figures/safety_vs_headroom_coupling.png,outputs/results-E20-E24/source_figures/E23/figures/safety_vs_headroom_coupling.png,223952,e2a0650e190e97613f20937b90344affb4f3e23353f7f1f082b0ac8ec0dfb379,source_result_migration,tools/replot_results_e20_e24.py,python tools/replot_results_e20_e24.py,present_in_reference_tree,rebuild_from_code
results-E20-E24/source_figures/E23/figures/spatial_heterogeneity_algorithm_comparison.pdf,outputs/results-E20-E24/source_figures/E23/figures/spatial_heterogeneity_algorithm_comparison.pdf,42135,fbaa404f27b42b9d5b0215d02a7ae5f112434493e510ad5da12e9a244e155799,source_result_migration,tools/replot_results_e20_e24.py,python tools/replot_results_e20_e24.py,present_in_reference_tree,rebuild_from_code
results-E20-E24/source_figures/E23/figures/spatial_heterogeneity_algorithm_comparison.png,outputs/results-E20-E24/source_figures/E23/figures/spatial_heterogeneity_algorithm_comparison.png,212670,030b647d1b8ee86c68d33d2061fa463b298db660795768eb3cafc8ce9ef5a7bd,source_result_migration,tools/replot_results_e20_e24.py,python tools/replot_results_e20_e24.py,present_in_reference_tree,rebuild_from_code
results-E20-E24/source_figures/E24/figures/e24_ieee123_effect_comparison.pdf,outputs/results-E20-E24/source_figures/E24/figures/e24_ieee123_effect_comparison.pdf,50958,a5522a5ee8aec50e472d5bca601bd2e4d885a2a3096d8b2aabaeb6c4eb4a9e96,source_result_migration,tools/replot_results_e20_e24.py,python tools/replot_results_e20_e24.py,present_in_reference_tree,rebuild_from_code
results-E20-E24/source_figures/E24/figures/e24_ieee123_effect_comparison.png,outputs/results-E20-E24/source_figures/E24/figures/e24_ieee123_effect_comparison.png,226427,a31d2373c117671856e075bffd24fcadb590eb00f55cae408c168bc3ef0144e4,source_result_migration,tools/replot_results_e20_e24.py,python tools/replot_results_e20_e24.py,present_in_reference_tree,rebuild_from_code
results-E20-E24/source_figures/E24/figures/e24_ieee123_safety_audit.pdf,outputs/results-E20-E24/source_figures/E24/figures/e24_ieee123_safety_audit.pdf,50309,b0d0374cdfff5b55c2f40a1765929ed48695d1403b3379c101980d66efa63d7f,source_result_migration,tools/replot_results_e20_e24.py,python tools/replot_results_e20_e24.py,present_in_reference_tree,rebuild_from_code
results-E20-E24/source_figures/E24/figures/e24_ieee123_safety_audit.png,outputs/results-E20-E24/source_figures/E24/figures/e24_ieee123_safety_audit.png,181888,a817ecf9d700c58e9df1043ef2fbb064c4c32dc1e7e5b3998ab90cc1ba72e81b,source_result_migration,tools/replot_results_e20_e24.py,python tools/replot_results_e20_e24.py,present_in_reference_tree,rebuild_from_code
results-E20-E24/source_figures/E24/figures/e24_r2_scenario_comparison.pdf,outputs/results-E20-E24/source_figures/E24/figures/e24_r2_scenario_comparison.pdf,46552,b8d697bd35632e7e9848e5b6d42f373e77e49594381c0f4eec7574dfa00b09f1,source_result_migration,tools/replot_results_e20_e24.py,python tools/replot_results_e20_e24.py,present_in_reference_tree,rebuild_from_code
results-E20-E24/source_figures/E24/figures/e24_r2_scenario_comparison.png,outputs/results-E20-E24/source_figures/E24/figures/e24_r2_scenario_comparison.png,440069,326a576a7523782e97c7bf3c601164cc29278fff8245815a7345402cbfa33c78,source_result_migration,tools/replot_results_e20_e24.py,python tools/replot_results_e20_e24.py,present_in_reference_tree,rebuild_from_code
results-E20-E24/source_figures/E24/trained_eps_ieee123_direct/figures/ieee123_direct_training_r2.pdf,outputs/results-E20-E24/source_figures/E24/trained_eps_ieee123_direct/figures/ieee123_direct_training_r2.pdf,28999,b0fceea9d334e38914c6e38bb6b53788c967cecbdbf90636a75ad2bcda4ad847,source_result_migration,tools/replot_results_e20_e24.py,python tools/replot_results_e20_e24.py,present_in_reference_tree,rebuild_from_code
results-E20-E24/source_figures/E24/trained_eps_ieee123_direct/figures/ieee123_direct_training_r2.png,outputs/results-E20-E24/source_figures/E24/trained_eps_ieee123_direct/figures/ieee123_direct_training_r2.png,96563,cfca92c89f7300bc828d166763ba4ed7f92131a20af0bb58fa8f4bce3a2cb831,source_result_migration,tools/replot_results_e20_e24.py,python tools/replot_results_e20_e24.py,present_in_reference_tree,rebuild_from_code
results-E20-E24/source_originals/E20/fig3a_transfer/fig3a_transfer_n95.pdf,outputs/results-E20-E24/source_originals/E20/fig3a_transfer/fig3a_transfer_n95.pdf,24551,bac75e63a362641be602e409a94961658f9e0c92dd51992ad0b0afab774e1d7e,source_result_migration,tools/replot_results_e20_e24.py,python tools/replot_results_e20_e24.py,present_in_reference_tree,rebuild_from_code
results-E20-E24/source_originals/E20/fig3a_transfer/fig3a_transfer_n95.png,outputs/results-E20-E24/source_originals/E20/fig3a_transfer/fig3a_transfer_n95.png,142005,ca498b9ccdf9bf2e23b0d65405cd6a7ff93937df7803dbde60aef413bb1b49a4,source_result_migration,tools/replot_results_e20_e24.py,python tools/replot_results_e20_e24.py,present_in_reference_tree,rebuild_from_code
results-E20-E24/source_originals/E20/fig3a_transfer/fig3a_transfer_n95_inflation.pdf,outputs/results-E20-E24/source_originals/E20/fig3a_transfer/fig3a_transfer_n95_inflation.pdf,22521,f4cbcb970e29a821bba369bf0536346eb91543e09b0943dcf92c8471223b6534,source_result_migration,tools/replot_results_e20_e24.py,python tools/replot_results_e20_e24.py,present_in_reference_tree,rebuild_from_code
results-E20-E24/source_originals/E20/fig3a_transfer/fig3a_transfer_n95_inflation.png,outputs/results-E20-E24/source_originals/E20/fig3a_transfer/fig3a_transfer_n95_inflation.png,136261,fa26bc795e443a51a55636942aa1efa3fc63701d322528dfffbacb8c92f32f0d,source_result_migration,tools/replot_results_e20_e24.py,python tools/replot_results_e20_e24.py,present_in_reference_tree,rebuild_from_code
results-E20-E24/source_originals/E20/fig3a_transfer/fig3a_transfer_r2.pdf,outputs/results-E20-E24/source_originals/E20/fig3a_transfer/fig3a_transfer_r2.pdf,34869,4b8152538a60e7e318833a270fb938765f4f01204c752d02b7bc2f30ba5c9240,source_result_migration,tools/replot_results_e20_e24.py,python tools/replot_results_e20_e24.py,present_in_reference_tree,rebuild_from_code
results-E20-E24/source_originals/E20/fig3a_transfer/fig3a_transfer_r2.png,outputs/results-E20-E24/source_originals/E20/fig3a_transfer/fig3a_transfer_r2.png,386361,442f506528e9aea5c92bf2aa1f9524a39e825c8bb4fa55d2f50fe41b7b7149ce,source_result_migration,tools/replot_results_e20_e24.py,python tools/replot_results_e20_e24.py,present_in_reference_tree,rebuild_from_code
results-E20-E24/source_originals/E20/fig3a_transfer/fig3a_transfer_r2_camsl_japan_smart_meters.pdf,outputs/results-E20-E24/source_originals/E20/fig3a_transfer/fig3a_transfer_r2_camsl_japan_smart_meters.pdf,22746,9a508855fb07675f1c144f7c0bf31c1951e16570cb3d031aee3f7a91172e4d4d,source_result_migration,tools/replot_results_e20_e24.py,python tools/replot_results_e20_e24.py,present_in_reference_tree,rebuild_from_code
results-E20-E24/source_originals/E20/fig3a_transfer/fig3a_transfer_r2_camsl_japan_smart_meters.png,outputs/results-E20-E24/source_originals/E20/fig3a_transfer/fig3a_transfer_r2_camsl_japan_smart_meters.png,135815,5a6cc884135ea8a2fbc2ca23023bbdbe029caf6e421508fa91ce011c69803e22,source_result_migration,tools/replot_results_e20_e24.py,python tools/replot_results_e20_e24.py,present_in_reference_tree,rebuild_from_code
results-E20-E24/source_originals/E20/fig3a_transfer/fig3a_transfer_r2_european_lv_urban_8087.pdf,outputs/results-E20-E24/source_originals/E20/fig3a_transfer/fig3a_transfer_r2_european_lv_urban_8087.pdf,22364,cf813e7522bca02d7925f98318e2861bd006b6a4781e3466ca93bffd90e9a6d1,source_result_migration,tools/replot_results_e20_e24.py,python tools/replot_results_e20_e24.py,present_in_reference_tree,rebuild_from_code
results-E20-E24/source_originals/E20/fig3a_transfer/fig3a_transfer_r2_european_lv_urban_8087.png,outputs/results-E20-E24/source_originals/E20/fig3a_transfer/fig3a_transfer_r2_european_lv_urban_8087.png,133478,86d76c3e4d4938070d76a68a6c368ec3a17f4bb12300c90d2f54d811b844ceba,source_result_migration,tools/replot_results_e20_e24.py,python tools/replot_results_e20_e24.py,present_in_reference_tree,rebuild_from_code
results-E20-E24/source_originals/E20/fig3a_transfer/fig3a_transfer_r2_full.pdf,outputs/results-E20-E24/source_originals/E20/fig3a_transfer/fig3a_transfer_r2_full.pdf,34801,b994b20306c0e78cc5da0adefa73618b0ee15714832df492f8bab8322f44997f,source_result_migration,tools/replot_results_e20_e24.py,python tools/replot_results_e20_e24.py,present_in_reference_tree,rebuild_from_code
results-E20-E24/source_originals/E20/fig3a_transfer/fig3a_transfer_r2_full.png,outputs/results-E20-E24/source_originals/E20/fig3a_transfer/fig3a_transfer_r2_full.png,284170,e9badf0751ae6a12ea94fffee5e519eb8121dcddab07cc666c370de72aed8c78,source_result_migration,tools/replot_results_e20_e24.py,python tools/replot_results_e20_e24.py,present_in_reference_tree,rebuild_from_code
results-E20-E24/source_originals/E20/fig3a_transfer/fig3a_transfer_r2_irish_domestic_smart_meters.pdf,outputs/results-E20-E24/source_originals/E20/fig3a_transfer/fig3a_transfer_r2_irish_domestic_smart_meters.pdf,22057,0c2ee1440ff3a15331d020e4db1cd7c21760c94c110234c6719da2e2710d000c,source_result_migration,tools/replot_results_e20_e24.py,python tools/replot_results_e20_e24.py,present_in_reference_tree,rebuild_from_code
results-E20-E24/source_originals/E20/fig3a_transfer/fig3a_transfer_r2_irish_domestic_smart_meters.png,outputs/results-E20-E24/source_originals/E20/fig3a_transfer/fig3a_transfer_r2_irish_domestic_smart_meters.png,137341,7c2ea92e6e177a33756ad3790ddeeabd67f2a7d574d4f58dba514eca6efba55f,source_result_migration,tools/replot_results_e20_e24.py,python tools/replot_results_e20_e24.py,present_in_reference_tree,rebuild_from_code
results-E20-E24/source_originals/E20/fig3a_transfer/fig3a_transfer_r2_opsd_household_data.pdf,outputs/results-E20-E24/source_originals/E20/fig3a_transfer/fig3a_transfer_r2_opsd_household_data.pdf,21538,d5788d2ec25615fabb52b08e79d7746dfdd30cc9b61ab2205e7c37ad8598e2af,source_result_migration,tools/replot_results_e20_e24.py,python tools/replot_results_e20_e24.py,present_in_reference_tree,rebuild_from_code
results-E20-E24/source_originals/E20/fig3a_transfer/fig3a_transfer_r2_opsd_household_data.png,outputs/results-E20-E24/source_originals/E20/fig3a_transfer/fig3a_transfer_r2_opsd_household_data.png,141685,3f4d27c0ddd1591adf67b123531a58e2c8666bfa223ce3c011ddc9687043f221,source_result_migration,tools/replot_results_e20_e24.py,python tools/replot_results_e20_e24.py,present_in_reference_tree,rebuild_from_code
results-E20-E24/source_originals/E20/fig3a_transfer/fig3a_transfer_r2_smart_grid_smart_city.pdf,outputs/results-E20-E24/source_originals/E20/fig3a_transfer/fig3a_transfer_r2_smart_grid_smart_city.pdf,22704,3d3c59627f0883bc80be8077a089f161278963f5e95d9a623c5589dfd1bd35db,source_result_migration,tools/replot_results_e20_e24.py,python tools/replot_results_e20_e24.py,present_in_reference_tree,rebuild_from_code
results-E20-E24/source_originals/E20/fig3a_transfer/fig3a_transfer_r2_smart_grid_smart_city.png,outputs/results-E20-E24/source_originals/E20/fig3a_transfer/fig3a_transfer_r2_smart_grid_smart_city.png,136461,ef445c6aec93586817d2180b2a0e8f1fe7f5a3f1e1eef38b15ad4953083536d2,source_result_migration,tools/replot_results_e20_e24.py,python tools/replot_results_e20_e24.py,present_in_reference_tree,rebuild_from_code
results-E20-E24/source_originals/E20/figures/e20_algorithm_comparison_aggregate.png,outputs/results-E20-E24/source_originals/E20/figures/e20_algorithm_comparison_aggregate.png,529580,80de48aad70ff5b493953a6605fb9be277965681fb4ebeed7e2959a9ae629cdc,source_result_migration,tools/replot_results_e20_e24.py,python tools/replot_results_e20_e24.py,present_in_reference_tree,rebuild_from_code
results-E20-E24/source_originals/E20/figures/e20_algorithm_comparison_ieee33.png,outputs/results-E20-E24/source_originals/E20/figures/e20_algorithm_comparison_ieee33.png,528346,48cef0514556c6e6db2a2b3ec1d75c3cc1aa1735989cdfd8b0a5716c49de11b5,source_result_migration,tools/replot_results_e20_e24.py,python tools/replot_results_e20_e24.py,present_in_reference_tree,rebuild_from_code
results-E20-E24/source_originals/E20/figures/e20_algorithm_comparison_overall.png,outputs/results-E20-E24/source_originals/E20/figures/e20_algorithm_comparison_overall.png,246647,4b40a4c81d31b4be95347a61a1629f7d3899a690f34786172ff57b9d8dec2368,source_result_migration,tools/replot_results_e20_e24.py,python tools/replot_results_e20_e24.py,present_in_reference_tree,rebuild_from_code
results-E20-E24/source_originals/E20/figures/e20_transfer_aggregate.png,outputs/results-E20-E24/source_originals/E20/figures/e20_transfer_aggregate.png,161202,15ea40d0c24ba68057dd6301129be3d1a7b9974aae03c4a9bac78ee66b8e341c,source_result_migration,tools/replot_results_e20_e24.py,python tools/replot_results_e20_e24.py,present_in_reference_tree,rebuild_from_code
results-E20-E24/source_originals/E20/figures/e20_transfer_heatmap.png,outputs/results-E20-E24/source_originals/E20/figures/e20_transfer_heatmap.png,156703,36b1923e44772acbf3eb2e5c858fd40ca7be5eacd33bc0c415ef85c9366b74f4,source_result_migration,tools/replot_results_e20_e24.py,python tools/replot_results_e20_e24.py,present_in_reference_tree,rebuild_from_code
results-E20-E24/source_originals/E20/figures/e20_transfer_ieee33.png,outputs/results-E20-E24/source_originals/E20/figures/e20_transfer_ieee33.png,164699,c387a25917b358758f5c6b8e102a76efdcd74cc71ed6c77789bb8c2bc259c32f,source_result_migration,tools/replot_results_e20_e24.py,python tools/replot_results_e20_e24.py,present_in_reference_tree,rebuild_from_code
results-E20-E24/source_originals/E20/rotations/figures/e20_multisplit_algorithm_overall.png,outputs/results-E20-E24/source_originals/E20/rotations/figures/e20_multisplit_algorithm_overall.png,209331,2e649a369d648cffe87228c57a77085d699c8ccb72e4517b30d160a81204e292,source_result_migration,tools/replot_results_e20_e24.py,python tools/replot_results_e20_e24.py,present_in_reference_tree,rebuild_from_code
results-E20-E24/source_originals/E20/rotations/figures/e20_multisplit_transfer_heatmap.png,outputs/results-E20-E24/source_originals/E20/rotations/figures/e20_multisplit_transfer_heatmap.png,274250,0a4f21a3623539a63e1a5630688ce3cc1ce49fc64451616e78d0499777bfd193,source_result_migration,tools/replot_results_e20_e24.py,python tools/replot_results_e20_e24.py,present_in_reference_tree,rebuild_from_code
results-E20-E24/source_originals/E20/rotations/figures/e20_multisplit_transfer_overall.png,outputs/results-E20-E24/source_originals/E20/rotations/figures/e20_multisplit_transfer_overall.png,111212,abf40ffbd3af85ec187c064d283ce41c0d42e34cc251d209be48787bea679721,source_result_migration,tools/replot_results_e20_e24.py,python tools/replot_results_e20_e24.py,present_in_reference_tree,rebuild_from_code
results-E20-E24/source_originals/E20/rotations/fold_02/figures/e20_algorithm_comparison_aggregate.png,outputs/results-E20-E24/source_originals/E20/rotations/fold_02/figures/e20_algorithm_comparison_aggregate.png,531103,975e9329625ecb24774496a2182ce49fce223d9e4f50bb1431882938b185bce2,source_result_migration,tools/replot_results_e20_e24.py,python tools/replot_results_e20_e24.py,present_in_reference_tree,rebuild_from_code
results-E20-E24/source_originals/E20/rotations/fold_02/figures/e20_algorithm_comparison_ieee33.png,outputs/results-E20-E24/source_originals/E20/rotations/fold_02/figures/e20_algorithm_comparison_ieee33.png,532835,e973114e8d48c53437a4350bf03a78a80f28e246c28cef7f58a223d026534990,source_result_migration,tools/replot_results_e20_e24.py,python tools/replot_results_e20_e24.py,present_in_reference_tree,rebuild_from_code
results-E20-E24/source_originals/E20/rotations/fold_02/figures/e20_algorithm_comparison_overall.png,outputs/results-E20-E24/source_originals/E20/rotations/fold_02/figures/e20_algorithm_comparison_overall.png,248365,a3deb07e39c03cd04dad8ddd9fcc154b09f6d45c005367ab8d837be46a135517,source_result_migration,tools/replot_results_e20_e24.py,python tools/replot_results_e20_e24.py,present_in_reference_tree,rebuild_from_code
results-E20-E24/source_originals/E20/rotations/fold_02/figures/e20_transfer_aggregate.png,outputs/results-E20-E24/source_originals/E20/rotations/fold_02/figures/e20_transfer_aggregate.png,175655,7c485148219fc0a44172e91d39e7d3f33b78cf6e2f298d9478106fc202ba4721,source_result_migration,tools/replot_results_e20_e24.py,python tools/replot_results_e20_e24.py,present_in_reference_tree,rebuild_from_code
results-E20-E24/source_originals/E20/rotations/fold_02/figures/e20_transfer_heatmap.png,outputs/results-E20-E24/source_originals/E20/rotations/fold_02/figures/e20_transfer_heatmap.png,172680,33886d7581a92c9ae5347563cd843d18fbd48c40568e539b231a3af440b3d37f,source_result_migration,tools/replot_results_e20_e24.py,python tools/replot_results_e20_e24.py,present_in_reference_tree,rebuild_from_code
results-E20-E24/source_originals/E20/rotations/fold_02/figures/e20_transfer_ieee33.png,outputs/results-E20-E24/source_originals/E20/rotations/fold_02/figures/e20_transfer_ieee33.png,175982,31519ac25807829e2da66c4e0443146f247b85926690b4709c2ec4a69077c045,source_result_migration,tools/replot_results_e20_e24.py,python tools/replot_results_e20_e24.py,present_in_reference_tree,rebuild_from_code
results-E20-E24/source_originals/E20/rotations/fold_03/figures/e20_algorithm_comparison_aggregate.png,outputs/results-E20-E24/source_originals/E20/rotations/fold_03/figures/e20_algorithm_comparison_aggregate.png,539982,d8937874311114d654ed108998bf9e90906ad6509825a481f4f8bc58c79652bf,source_result_migration,tools/replot_results_e20_e24.py,python tools/replot_results_e20_e24.py,present_in_reference_tree,rebuild_from_code
results-E20-E24/source_originals/E20/rotations/fold_03/figures/e20_algorithm_comparison_ieee33.png,outputs/results-E20-E24/source_originals/E20/rotations/fold_03/figures/e20_algorithm_comparison_ieee33.png,529113,c406e6423ce15180f4b4b800a63af7c1019e1604dd5cff7afa0e35a63ff6fcc1,source_result_migration,tools/replot_results_e20_e24.py,python tools/replot_results_e20_e24.py,present_in_reference_tree,rebuild_from_code
results-E20-E24/source_originals/E20/rotations/fold_03/figures/e20_algorithm_comparison_overall.png,outputs/results-E20-E24/source_originals/E20/rotations/fold_03/figures/e20_algorithm_comparison_overall.png,246610,ab34bf5816bd19541b2d0e11f36b9fc3de59effedd64fb200fd7fa189747ce78,source_result_migration,tools/replot_results_e20_e24.py,python tools/replot_results_e20_e24.py,present_in_reference_tree,rebuild_from_code
results-E20-E24/source_originals/E20/rotations/fold_03/figures/e20_transfer_aggregate.png,outputs/results-E20-E24/source_originals/E20/rotations/fold_03/figures/e20_transfer_aggregate.png,181205,72072fbf6ec93166f89b72577adda1513f9f105dddf4b8f5cbdd6af8c82ae5dd,source_result_migration,tools/replot_results_e20_e24.py,python tools/replot_results_e20_e24.py,present_in_reference_tree,rebuild_from_code
results-E20-E24/source_originals/E20/rotations/fold_03/figures/e20_transfer_heatmap.png,outputs/results-E20-E24/source_originals/E20/rotations/fold_03/figures/e20_transfer_heatmap.png,166279,9c40b4c3c009879032887005facf63da61b20d83666cdf5027460c59a75bc933,source_result_migration,tools/replot_results_e20_e24.py,python tools/replot_results_e20_e24.py,present_in_reference_tree,rebuild_from_code
results-E20-E24/source_originals/E20/rotations/fold_03/figures/e20_transfer_ieee33.png,outputs/results-E20-E24/source_originals/E20/rotations/fold_03/figures/e20_transfer_ieee33.png,180161,c6bdc91a8a38becef1345f51b52c99188652b959ccd620c7185749fef4a3b861,source_result_migration,tools/replot_results_e20_e24.py,python tools/replot_results_e20_e24.py,present_in_reference_tree,rebuild_from_code
results-E20-E24/source_originals/E21/curtailment_baseline_supplement/figures/e21_all_compositions_overall.pdf,outputs/results-E20-E24/source_originals/E21/curtailment_baseline_supplement/figures/e21_all_compositions_overall.pdf,57247,0ed9ae1aa65b10c42292fa41e75a6b0e7cbffd1eb46d999f879092864dd04f79,source_result_migration,tools/replot_results_e20_e24.py,python tools/replot_results_e20_e24.py,present_in_reference_tree,rebuild_from_code
results-E20-E24/source_originals/E21/curtailment_baseline_supplement/figures/e21_all_compositions_overall.png,outputs/results-E20-E24/source_originals/E21/curtailment_baseline_supplement/figures/e21_all_compositions_overall.png,394963,dcdef8aa1998de20d7faca60fe6a1a630ff19cc60188e4406d2fb7cbec7f9373,source_result_migration,tools/replot_results_e20_e24.py,python tools/replot_results_e20_e24.py,present_in_reference_tree,rebuild_from_code
results-E20-E24/source_originals/E21/curtailment_baseline_supplement/figures/pairwise_algorithm_distribution.pdf,outputs/results-E20-E24/source_originals/E21/curtailment_baseline_supplement/figures/pairwise_algorithm_distribution.pdf,44991,6deb71f0cbe0e3806167bae2e2a6b1df4ea8a686be5749220d97b88ef8ee99fc,source_result_migration,tools/replot_results_e20_e24.py,python tools/replot_results_e20_e24.py,present_in_reference_tree,rebuild_from_code
results-E20-E24/source_originals/E21/curtailment_baseline_supplement/figures/pairwise_algorithm_distribution.png,outputs/results-E20-E24/source_originals/E21/curtailment_baseline_supplement/figures/pairwise_algorithm_distribution.png,265485,6d0b76957fae600ff58035684279a66c0ad9f6b15d01888b78802c778aa6b764,source_result_migration,tools/replot_results_e20_e24.py,python tools/replot_results_e20_e24.py,present_in_reference_tree,rebuild_from_code
results-E20-E24/source_originals/E21/curtailment_baseline_supplement/figures/pairwise_algorithm_matrices_aggregate.pdf,outputs/results-E20-E24/source_originals/E21/curtailment_baseline_supplement/figures/pairwise_algorithm_matrices_aggregate.pdf,59297,56b921052858d44d02e3a7f00093b5a8490a4d9239ce444742a49fdaa2a8b7c5,source_result_migration,tools/replot_results_e20_e24.py,python tools/replot_results_e20_e24.py,present_in_reference_tree,rebuild_from_code
results-E20-E24/source_originals/E21/curtailment_baseline_supplement/figures/pairwise_algorithm_matrices_aggregate.png,outputs/results-E20-E24/source_originals/E21/curtailment_baseline_supplement/figures/pairwise_algorithm_matrices_aggregate.png,254807,bd068522c9e40c47fe6fa9f65be6ff4bae6be8d293805bdbc0f9491d3f3431bd,source_result_migration,tools/replot_results_e20_e24.py,python tools/replot_results_e20_e24.py,present_in_reference_tree,rebuild_from_code
results-E20-E24/source_originals/E21/curtailment_baseline_supplement/figures/pairwise_algorithm_matrices_ieee33.pdf,outputs/results-E20-E24/source_originals/E21/curtailment_baseline_supplement/figures/pairwise_algorithm_matrices_ieee33.pdf,59420,38099cc35c087cc65d8cf0918be480f36ab2e74fd6ed71b603e4792f21e99c19,source_result_migration,tools/replot_results_e20_e24.py,python tools/replot_results_e20_e24.py,present_in_reference_tree,rebuild_from_code
results-E20-E24/source_originals/E21/curtailment_baseline_supplement/figures/pairwise_algorithm_matrices_ieee33.png,outputs/results-E20-E24/source_originals/E21/curtailment_baseline_supplement/figures/pairwise_algorithm_matrices_ieee33.png,254999,a75dac578e379a98fb05f7c3e21e98368ba8315d3f83d121eb12a348b80c05d3,source_result_migration,tools/replot_results_e20_e24.py,python tools/replot_results_e20_e24.py,present_in_reference_tree,rebuild_from_code
results-E20-E24/source_originals/E21/curtailment_baseline_supplement/figures/pairwise_baseline_overview_aggregate.pdf,outputs/results-E20-E24/source_originals/E21/curtailment_baseline_supplement/figures/pairwise_baseline_overview_aggregate.pdf,31079,e4ef76e131cb3b38fefa63b9402b60db9f3feac1e2620f58ed6d5d0e2b185c53,source_result_migration,tools/replot_results_e20_e24.py,python tools/replot_results_e20_e24.py,present_in_reference_tree,rebuild_from_code
results-E20-E24/source_originals/E21/curtailment_baseline_supplement/figures/pairwise_baseline_overview_aggregate.png,outputs/results-E20-E24/source_originals/E21/curtailment_baseline_supplement/figures/pairwise_baseline_overview_aggregate.png,157239,c4af81ba80fc80a1f5b6fa1763de891f7df30e318a5d13f022f1355a0e56e08e,source_result_migration,tools/replot_results_e20_e24.py,python tools/replot_results_e20_e24.py,present_in_reference_tree,rebuild_from_code
results-E20-E24/source_originals/E21/curtailment_baseline_supplement/figures/pairwise_baseline_overview_ieee33.pdf,outputs/results-E20-E24/source_originals/E21/curtailment_baseline_supplement/figures/pairwise_baseline_overview_ieee33.pdf,30698,18ea6c8f6bf03806f59e1ce23b5bbd7fc4806ae63951f4f256f5aa456ffa9371,source_result_migration,tools/replot_results_e20_e24.py,python tools/replot_results_e20_e24.py,present_in_reference_tree,rebuild_from_code
results-E20-E24/source_originals/E21/curtailment_baseline_supplement/figures/pairwise_baseline_overview_ieee33.png,outputs/results-E20-E24/source_originals/E21/curtailment_baseline_supplement/figures/pairwise_baseline_overview_ieee33.png,154949,3057ed64ced54badeea022ce6d65e448b0a9e71fcc1e6955a72ad2fb3830e1c4,source_result_migration,tools/replot_results_e20_e24.py,python tools/replot_results_e20_e24.py,present_in_reference_tree,rebuild_from_code
results-E20-E24/source_originals/E21/curtailment_baseline_supplement/figures/pairwise_eps_advantage_aggregate.pdf,outputs/results-E20-E24/source_originals/E21/curtailment_baseline_supplement/figures/pairwise_eps_advantage_aggregate.pdf,51950,40a19b529242256af723ec4c33ab7f7107f7041317b44c7430c9bd51e643a05e,source_result_migration,tools/replot_results_e20_e24.py,python tools/replot_results_e20_e24.py,present_in_reference_tree,rebuild_from_code
results-E20-E24/source_originals/E21/curtailment_baseline_supplement/figures/pairwise_eps_advantage_aggregate.png,outputs/results-E20-E24/source_originals/E21/curtailment_baseline_supplement/figures/pairwise_eps_advantage_aggregate.png,240968,6a456d54fb9fa021da305b951ddca6dac31bf50476d5e0a12be09ba681dc3413,source_result_migration,tools/replot_results_e20_e24.py,python tools/replot_results_e20_e24.py,present_in_reference_tree,rebuild_from_code
results-E20-E24/source_originals/E21/curtailment_baseline_supplement/figures/pairwise_eps_advantage_ieee33.pdf,outputs/results-E20-E24/source_originals/E21/curtailment_baseline_supplement/figures/pairwise_eps_advantage_ieee33.pdf,52760,7d03a24a318b51db6fd132c64f4b47162f98da3b02368b66c6b0321a4e3a787b,source_result_migration,tools/replot_results_e20_e24.py,python tools/replot_results_e20_e24.py,present_in_reference_tree,rebuild_from_code
results-E20-E24/source_originals/E21/curtailment_baseline_supplement/figures/pairwise_eps_advantage_ieee33.png,outputs/results-E20-E24/source_originals/E21/curtailment_baseline_supplement/figures/pairwise_eps_advantage_ieee33.png,241522,5cd3d14781b708a5fcabd5f9c1691d2ad8112a3f8dee6bb895aade185682a3fd,source_result_migration,tools/replot_results_e20_e24.py,python tools/replot_results_e20_e24.py,present_in_reference_tree,rebuild_from_code
results-E20-E24/source_originals/E21/curtailment_baseline_supplement/figures/pairwise_network_penalty.pdf,outputs/results-E20-E24/source_originals/E21/curtailment_baseline_supplement/figures/pairwise_network_penalty.pdf,27157,75d06c25da2d4df8a8e4a09a9d9ad3d54243535d86e41904da021996d9f48e5b,source_result_migration,tools/replot_results_e20_e24.py,python tools/replot_results_e20_e24.py,present_in_reference_tree,rebuild_from_code
results-E20-E24/source_originals/E21/curtailment_baseline_supplement/figures/pairwise_network_penalty.png,outputs/results-E20-E24/source_originals/E21/curtailment_baseline_supplement/figures/pairwise_network_penalty.png,117675,3e86734ff32fae846250a254a7fec7a13add5154301a63f2b6cad0e18a0de4f4,source_result_migration,tools/replot_results_e20_e24.py,python tools/replot_results_e20_e24.py,present_in_reference_tree,rebuild_from_code
results-E20-E24/source_originals/E21/curtailment_baseline_supplement/figures/scenario_baseline_atlas.pdf,outputs/results-E20-E24/source_originals/E21/curtailment_baseline_supplement/figures/scenario_baseline_atlas.pdf,39514,366cf64069003feef6e315ae8d3e6873b74b68150475bcba8749453d6e0a50cf,source_result_migration,tools/replot_results_e20_e24.py,python tools/replot_results_e20_e24.py,present_in_reference_tree,rebuild_from_code
results-E20-E24/source_originals/E21/curtailment_baseline_supplement/figures/scenario_baseline_atlas.png,outputs/results-E20-E24/source_originals/E21/curtailment_baseline_supplement/figures/scenario_baseline_atlas.png,379413,0cb74c303000823ef34e9d69b462aa829db02baf82265d8106e5983933d3cc55,source_result_migration,tools/replot_results_e20_e24.py,python tools/replot_results_e20_e24.py,present_in_reference_tree,rebuild_from_code
results-E20-E24/source_originals/E21/curtailment_baseline_supplement/figures/scenario_network_penalty.pdf,outputs/results-E20-E24/source_originals/E21/curtailment_baseline_supplement/figures/scenario_network_penalty.pdf,28722,ee26c166b37f197e149d5b33e37ddc5f71f9f380b5061de0a8b6666b676eb8b6,source_result_migration,tools/replot_results_e20_e24.py,python tools/replot_results_e20_e24.py,present_in_reference_tree,rebuild_from_code
results-E20-E24/source_originals/E21/curtailment_baseline_supplement/figures/scenario_network_penalty.png,outputs/results-E20-E24/source_originals/E21/curtailment_baseline_supplement/figures/scenario_network_penalty.png,256108,b948802aa6ea3b12a2ee59e044085b75b0b8dda4087b73444a9c69b13acdd80d,source_result_migration,tools/replot_results_e20_e24.py,python tools/replot_results_e20_e24.py,present_in_reference_tree,rebuild_from_code
results-E20-E24/source_originals/E21/curtailment_baseline_supplement/figures/scenario_profiles/S1-A.pdf,outputs/results-E20-E24/source_originals/E21/curtailment_baseline_supplement/figures/scenario_profiles/S1-A.pdf,21242,06989b81b183131fabae1ddbf554fc8d83266860d6d63740288b8342fedbfc1f,source_result_migration,tools/replot_results_e20_e24.py,python tools/replot_results_e20_e24.py,present_in_reference_tree,rebuild_from_code
results-E20-E24/source_originals/E21/curtailment_baseline_supplement/figures/scenario_profiles/S1-A.png,outputs/results-E20-E24/source_originals/E21/curtailment_baseline_supplement/figures/scenario_profiles/S1-A.png,127925,2ccd83c32e8ca2e3a5dfffca68e9581816298e1b471cd3f2e250ccbeeaedeb93,source_result_migration,tools/replot_results_e20_e24.py,python tools/replot_results_e20_e24.py,present_in_reference_tree,rebuild_from_code
results-E20-E24/source_originals/E21/curtailment_baseline_supplement/figures/scenario_profiles/S1-B.pdf,outputs/results-E20-E24/source_originals/E21/curtailment_baseline_supplement/figures/scenario_profiles/S1-B.pdf,21238,7ae2e3230ffb533dd4fc2a20cda47448d591068bf894e576ec633a7905bd3bb3,source_result_migration,tools/replot_results_e20_e24.py,python tools/replot_results_e20_e24.py,present_in_reference_tree,rebuild_from_code
results-E20-E24/source_originals/E21/curtailment_baseline_supplement/figures/scenario_profiles/S1-B.png,outputs/results-E20-E24/source_originals/E21/curtailment_baseline_supplement/figures/scenario_profiles/S1-B.png,127389,12f4de85916e5eee2ee26133491fc738007b2def0f1853c1df383d0d28095fb7,source_result_migration,tools/replot_results_e20_e24.py,python tools/replot_results_e20_e24.py,present_in_reference_tree,rebuild_from_code
results-E20-E24/source_originals/E21/curtailment_baseline_supplement/figures/scenario_profiles/S2-A.pdf,outputs/results-E20-E24/source_originals/E21/curtailment_baseline_supplement/figures/scenario_profiles/S2-A.pdf,21241,0890cac3ec2941185cec65da19dcc2ac6d56f74996885a6c8a1aeed82cc34975,source_result_migration,tools/replot_results_e20_e24.py,python tools/replot_results_e20_e24.py,present_in_reference_tree,rebuild_from_code
results-E20-E24/source_originals/E21/curtailment_baseline_supplement/figures/scenario_profiles/S2-A.png,outputs/results-E20-E24/source_originals/E21/curtailment_baseline_supplement/figures/scenario_profiles/S2-A.png,127743,4dad68f37f6b793492e8fa6aa709c54b2ae1fc1c3670b625fb39628298ca36e9,source_result_migration,tools/replot_results_e20_e24.py,python tools/replot_results_e20_e24.py,present_in_reference_tree,rebuild_from_code
results-E20-E24/source_originals/E21/curtailment_baseline_supplement/figures/scenario_profiles/S2-B.pdf,outputs/results-E20-E24/source_originals/E21/curtailment_baseline_supplement/figures/scenario_profiles/S2-B.pdf,21207,154f3330ad22fd7a3b03b839af8f87a823797889a498e8c45e715ff64c73b664,source_result_migration,tools/replot_results_e20_e24.py,python tools/replot_results_e20_e24.py,present_in_reference_tree,rebuild_from_code
results-E20-E24/source_originals/E21/curtailment_baseline_supplement/figures/scenario_profiles/S2-B.png,outputs/results-E20-E24/source_originals/E21/curtailment_baseline_supplement/figures/scenario_profiles/S2-B.png,127132,886e9054e87c8af6c12bcf6409219a18087c50bcecd0da32c8f70bf51ed9c12c,source_result_migration,tools/replot_results_e20_e24.py,python tools/replot_results_e20_e24.py,present_in_reference_tree,rebuild_from_code
results-E20-E24/source_originals/E21/curtailment_baseline_supplement/figures/scenario_profiles/S3-A.pdf,outputs/results-E20-E24/source_originals/E21/curtailment_baseline_supplement/figures/scenario_profiles/S3-A.pdf,21267,7df2e997aa649a3b3893617b5febd9746ea3d2c41e8a7fedf6bfa126a60d427e,source_result_migration,tools/replot_results_e20_e24.py,python tools/replot_results_e20_e24.py,present_in_reference_tree,rebuild_from_code
results-E20-E24/source_originals/E21/curtailment_baseline_supplement/figures/scenario_profiles/S3-A.png,outputs/results-E20-E24/source_originals/E21/curtailment_baseline_supplement/figures/scenario_profiles/S3-A.png,128932,5753dd2f2bb162bb37dd81817f0582cf81528900426bfc28852d4a8b6d9bcbbd,source_result_migration,tools/replot_results_e20_e24.py,python tools/replot_results_e20_e24.py,present_in_reference_tree,rebuild_from_code
results-E20-E24/source_originals/E21/curtailment_baseline_supplement/figures/scenario_profiles/S3-B.pdf,outputs/results-E20-E24/source_originals/E21/curtailment_baseline_supplement/figures/scenario_profiles/S3-B.pdf,21189,9ee99fae9f10847b0be5d5badc3dc4851334b6e8a15e3e6a6b2c4cb0fe7fed51,source_result_migration,tools/replot_results_e20_e24.py,python tools/replot_results_e20_e24.py,present_in_reference_tree,rebuild_from_code
results-E20-E24/source_originals/E21/curtailment_baseline_supplement/figures/scenario_profiles/S3-B.png,outputs/results-E20-E24/source_originals/E21/curtailment_baseline_supplement/figures/scenario_profiles/S3-B.png,127871,05fd88b2fad83ef73c7acf2ec5ed07ed8738ccdc73d30065d15e0e375dc98da2,source_result_migration,tools/replot_results_e20_e24.py,python tools/replot_results_e20_e24.py,present_in_reference_tree,rebuild_from_code
results-E20-E24/source_originals/E21/curtailment_baseline_supplement/figures/scenario_profiles/S4-A.pdf,outputs/results-E20-E24/source_originals/E21/curtailment_baseline_supplement/figures/scenario_profiles/S4-A.pdf,21093,1df121024533761a082c7d8a4eaa7ebddbdb571a47e321c3eb4eb21f3069c587,source_result_migration,tools/replot_results_e20_e24.py,python tools/replot_results_e20_e24.py,present_in_reference_tree,rebuild_from_code
results-E20-E24/source_originals/E21/curtailment_baseline_supplement/figures/scenario_profiles/S4-A.png,outputs/results-E20-E24/source_originals/E21/curtailment_baseline_supplement/figures/scenario_profiles/S4-A.png,128706,55aadc017d8f33aebf8409661b91e2df6260d9120b4f3feed2de330fcfbb40e2,source_result_migration,tools/replot_results_e20_e24.py,python tools/replot_results_e20_e24.py,present_in_reference_tree,rebuild_from_code
results-E20-E24/source_originals/E21/curtailment_baseline_supplement/figures/scenario_profiles/S4-B.pdf,outputs/results-E20-E24/source_originals/E21/curtailment_baseline_supplement/figures/scenario_profiles/S4-B.pdf,21218,59705bb5ae3eb2fe3316b0edbc215e422858ff689b0a73a248311ca5714c4957,source_result_migration,tools/replot_results_e20_e24.py,python tools/replot_results_e20_e24.py,present_in_reference_tree,rebuild_from_code
results-E20-E24/source_originals/E21/curtailment_baseline_supplement/figures/scenario_profiles/S4-B.png,outputs/results-E20-E24/source_originals/E21/curtailment_baseline_supplement/figures/scenario_profiles/S4-B.png,128570,9904cd891c9cb3714acaa49c57b13aa7ce2da9129d04e0f233be4ae3ce32f400,source_result_migration,tools/replot_results_e20_e24.py,python tools/replot_results_e20_e24.py,present_in_reference_tree,rebuild_from_code
results-E20-E24/source_originals/E21/curtailment_baseline_supplement/figures/scenario_profiles/S5-A.pdf,outputs/results-E20-E24/source_originals/E21/curtailment_baseline_supplement/figures/scenario_profiles/S5-A.pdf,21626,eeaf166f17fce1f70d2f252d1daefcf6c4e0bc6e6a32a074df343594a7d81ce5,source_result_migration,tools/replot_results_e20_e24.py,python tools/replot_results_e20_e24.py,present_in_reference_tree,rebuild_from_code
results-E20-E24/source_originals/E21/curtailment_baseline_supplement/figures/scenario_profiles/S5-A.png,outputs/results-E20-E24/source_originals/E21/curtailment_baseline_supplement/figures/scenario_profiles/S5-A.png,129061,33a789504783659c6b027aa65cb10694dad12d45d51ee37538845d34f9e96363,source_result_migration,tools/replot_results_e20_e24.py,python tools/replot_results_e20_e24.py,present_in_reference_tree,rebuild_from_code
results-E20-E24/source_originals/E21/curtailment_baseline_supplement/figures/scenario_profiles/S5-B.pdf,outputs/results-E20-E24/source_originals/E21/curtailment_baseline_supplement/figures/scenario_profiles/S5-B.pdf,21611,f90e8cd459ab611a783fd3ec3710757a1a79b930574aacd27928ebe9d4a60125,source_result_migration,tools/replot_results_e20_e24.py,python tools/replot_results_e20_e24.py,present_in_reference_tree,rebuild_from_code
results-E20-E24/source_originals/E21/curtailment_baseline_supplement/figures/scenario_profiles/S5-B.png,outputs/results-E20-E24/source_originals/E21/curtailment_baseline_supplement/figures/scenario_profiles/S5-B.png,128845,5690ee1cb26b246785d9048ef81ebeb9cff9c04e7c3cfc60e2726380865aba70,source_result_migration,tools/replot_results_e20_e24.py,python tools/replot_results_e20_e24.py,present_in_reference_tree,rebuild_from_code
results-E20-E24/source_originals/E21/curtailment_baseline_supplement/figures/scenario_profiles/S5-C.pdf,outputs/results-E20-E24/source_originals/E21/curtailment_baseline_supplement/figures/scenario_profiles/S5-C.pdf,21602,171ed1aebb3e2d487470a7773632d9ffe1e816149649d1549055e473f25a68c6,source_result_migration,tools/replot_results_e20_e24.py,python tools/replot_results_e20_e24.py,present_in_reference_tree,rebuild_from_code
results-E20-E24/source_originals/E21/curtailment_baseline_supplement/figures/scenario_profiles/S5-C.png,outputs/results-E20-E24/source_originals/E21/curtailment_baseline_supplement/figures/scenario_profiles/S5-C.png,129542,0b8040e2831a4cad3e3f79dc64d3091ad74f974090a53d1fdfd4ff0ae1e72da9,source_result_migration,tools/replot_results_e20_e24.py,python tools/replot_results_e20_e24.py,present_in_reference_tree,rebuild_from_code
results-E20-E24/source_originals/E21/curtailment_baseline_supplement/figures/scenario_profiles/S6-A.pdf,outputs/results-E20-E24/source_originals/E21/curtailment_baseline_supplement/figures/scenario_profiles/S6-A.pdf,21217,d70ada35fafdc7ab2d69118b6e06ae40bfa4c470af50458743dbf88780563fb5,source_result_migration,tools/replot_results_e20_e24.py,python tools/replot_results_e20_e24.py,present_in_reference_tree,rebuild_from_code
results-E20-E24/source_originals/E21/curtailment_baseline_supplement/figures/scenario_profiles/S6-A.png,outputs/results-E20-E24/source_originals/E21/curtailment_baseline_supplement/figures/scenario_profiles/S6-A.png,128828,747192ebdbf39db541d88dd2ba4a66f6681cf4220b27acfa75643ed4110f1d48,source_result_migration,tools/replot_results_e20_e24.py,python tools/replot_results_e20_e24.py,present_in_reference_tree,rebuild_from_code
results-E20-E24/source_originals/E21/curtailment_baseline_supplement/figures/scenario_profiles/S6-B.pdf,outputs/results-E20-E24/source_originals/E21/curtailment_baseline_supplement/figures/scenario_profiles/S6-B.pdf,21209,e30288b4c97f2f7f8a4a14827fdd71447af67be2ffb6e6f01634d02d90911001,source_result_migration,tools/replot_results_e20_e24.py,python tools/replot_results_e20_e24.py,present_in_reference_tree,rebuild_from_code
results-E20-E24/source_originals/E21/curtailment_baseline_supplement/figures/scenario_profiles/S6-B.png,outputs/results-E20-E24/source_originals/E21/curtailment_baseline_supplement/figures/scenario_profiles/S6-B.png,127926,e35bfdf99787226d6ba0c5369d30d80b604932ded7bef5efa0bfce7d8e9f7388,source_result_migration,tools/replot_results_e20_e24.py,python tools/replot_results_e20_e24.py,present_in_reference_tree,rebuild_from_code
results-E20-E24/source_originals/E21/curtailment_baseline_supplement/figures/scenario_profiles/S6-C.pdf,outputs/results-E20-E24/source_originals/E21/curtailment_baseline_supplement/figures/scenario_profiles/S6-C.pdf,21259,23d8e0cb0790de81d8927067837950701596214416bb88c69f9df36665bb9571,source_result_migration,tools/replot_results_e20_e24.py,python tools/replot_results_e20_e24.py,present_in_reference_tree,rebuild_from_code
results-E20-E24/source_originals/E21/curtailment_baseline_supplement/figures/scenario_profiles/S6-C.png,outputs/results-E20-E24/source_originals/E21/curtailment_baseline_supplement/figures/scenario_profiles/S6-C.png,129066,4645fdc5df81a20680dd5178ad93840e64f4a6fc86367571c517f42c4377e52a,source_result_migration,tools/replot_results_e20_e24.py,python tools/replot_results_e20_e24.py,present_in_reference_tree,rebuild_from_code
results-E20-E24/source_originals/E21/figures/e21_algorithm_heatmap_aggregate.png,outputs/results-E20-E24/source_originals/E21/figures/e21_algorithm_heatmap_aggregate.png,445024,d2b82e50917eb9cb15d6581541aaf8c405bccf1b1aed35284caeee9f402a30c8,source_result_migration,tools/replot_results_e20_e24.py,python tools/replot_results_e20_e24.py,present_in_reference_tree,rebuild_from_code
results-E20-E24/source_originals/E21/figures/e21_algorithm_heatmap_ieee33.png,outputs/results-E20-E24/source_originals/E21/figures/e21_algorithm_heatmap_ieee33.png,420891,129059d087e61e2fdb633beea5c08ceddb45ba34c030dcd976ee0283524b98c9,source_result_migration,tools/replot_results_e20_e24.py,python tools/replot_results_e20_e24.py,present_in_reference_tree,rebuild_from_code
results-E20-E24/source_originals/E21/figures/e21_algorithm_overall.png,outputs/results-E20-E24/source_originals/E21/figures/e21_algorithm_overall.png,251340,07d3733d696cb1c1b98ea34ef7149e13b12fa6885a30935faeb53e3d62b2c516,source_result_migration,tools/replot_results_e20_e24.py,python tools/replot_results_e20_e24.py,present_in_reference_tree,rebuild_from_code
results-E20-E24/source_originals/E21/figures/e21_eps_mix_vs_pool.png,outputs/results-E20-E24/source_originals/E21/figures/e21_eps_mix_vs_pool.png,182473,24b38f5328102d33b037e2cc82b70b7a9368cb761f0452d8f4626aca796384f5,source_result_migration,tools/replot_results_e20_e24.py,python tools/replot_results_e20_e24.py,present_in_reference_tree,rebuild_from_code
results-E20-E24/source_originals/E21/gamma_mixed_boundary/figures/e21_mixed_r2_group.pdf,outputs/results-E20-E24/source_originals/E21/gamma_mixed_boundary/figures/e21_mixed_r2_group.pdf,46657,41ab5c1eeec5036b9f3c31d564e3b30b0683df228fd05ab4fb2c837ce309abc4,source_result_migration,tools/replot_results_e20_e24.py,python tools/replot_results_e20_e24.py,present_in_reference_tree,rebuild_from_code
results-E20-E24/source_originals/E21/gamma_mixed_boundary/figures/e21_mixed_r2_group.png,outputs/results-E20-E24/source_originals/E21/gamma_mixed_boundary/figures/e21_mixed_r2_group.png,805235,09498a4c98f87741933f91c790de4899fb887ee437a5be8fb38e2ff574014b90,source_result_migration,tools/replot_results_e20_e24.py,python tools/replot_results_e20_e24.py,present_in_reference_tree,rebuild_from_code
results-E20-E24/source_originals/E21/gamma_mixed_boundary/figures/mixed_composition_heatmap.pdf,outputs/results-E20-E24/source_originals/E21/gamma_mixed_boundary/figures/mixed_composition_heatmap.pdf,28133,22c6271dae785738069dc68ed4c38aad190edb54361df3799604998545718d2b,source_result_migration,tools/replot_results_e20_e24.py,python tools/replot_results_e20_e24.py,present_in_reference_tree,rebuild_from_code
results-E20-E24/source_originals/E21/gamma_mixed_boundary/figures/mixed_composition_heatmap.png,outputs/results-E20-E24/source_originals/E21/gamma_mixed_boundary/figures/mixed_composition_heatmap.png,184327,cc48932eed2f37087c62915dbd2f7b35b2bcd3aa615af83bfc85812af59598e3,source_result_migration,tools/replot_results_e20_e24.py,python tools/replot_results_e20_e24.py,present_in_reference_tree,rebuild_from_code
results-E20-E24/source_originals/E21/gamma_mixed_boundary/figures/mixed_gamma_boundaries.pdf,outputs/results-E20-E24/source_originals/E21/gamma_mixed_boundary/figures/mixed_gamma_boundaries.pdf,20462,84451b306ca47425fe4ae628ebfe905f92303c6a12598b165bac0b20e3c8081a,source_result_migration,tools/replot_results_e20_e24.py,python tools/replot_results_e20_e24.py,present_in_reference_tree,rebuild_from_code
results-E20-E24/source_originals/E21/gamma_mixed_boundary/figures/mixed_gamma_boundaries.png,outputs/results-E20-E24/source_originals/E21/gamma_mixed_boundary/figures/mixed_gamma_boundaries.png,139831,f2994ebcce79371b55f9b8ca463d0717898037e701324d83d05eab54e5dd7790,source_result_migration,tools/replot_results_e20_e24.py,python tools/replot_results_e20_e24.py,present_in_reference_tree,rebuild_from_code
results-E20-E24/source_originals/E21/gamma_mixed_boundary/figures/mixed_gamma_scaling.pdf,outputs/results-E20-E24/source_originals/E21/gamma_mixed_boundary/figures/mixed_gamma_scaling.pdf,62093,4479aa4a79a12f0f2fa0194ccbd668c3da07c84a0c5f2412e1324f7e7faa868a,source_result_migration,tools/replot_results_e20_e24.py,python tools/replot_results_e20_e24.py,present_in_reference_tree,rebuild_from_code
results-E20-E24/source_originals/E21/gamma_mixed_boundary/figures/mixed_gamma_scaling.png,outputs/results-E20-E24/source_originals/E21/gamma_mixed_boundary/figures/mixed_gamma_scaling.png,248663,fa5534198c5261d96a722b5daa2e1f569f1a7c8024d9b2ab5f231af83a132207,source_result_migration,tools/replot_results_e20_e24.py,python tools/replot_results_e20_e24.py,present_in_reference_tree,rebuild_from_code
results-E20-E24/source_originals/E21/gamma_mixed_boundary/figures/r2_curves/e21_mixed_r2_S1-A.pdf,outputs/results-E20-E24/source_originals/E21/gamma_mixed_boundary/figures/r2_curves/e21_mixed_r2_S1-A.pdf,19741,2295fb60c4f1597cdf5d69da1fde0c10f38474be6cdbbc8f004feb30dbfc18f4,source_result_migration,tools/replot_results_e20_e24.py,python tools/replot_results_e20_e24.py,present_in_reference_tree,rebuild_from_code
results-E20-E24/source_originals/E21/gamma_mixed_boundary/figures/r2_curves/e21_mixed_r2_S1-A.png,outputs/results-E20-E24/source_originals/E21/gamma_mixed_boundary/figures/r2_curves/e21_mixed_r2_S1-A.png,183081,38678fd381e38cf7a99f0fab7fe66c77c82a8e0c23218f3a3ac3629203d89d79,source_result_migration,tools/replot_results_e20_e24.py,python tools/replot_results_e20_e24.py,present_in_reference_tree,rebuild_from_code
results-E20-E24/source_originals/E21/gamma_mixed_boundary/figures/r2_curves/e21_mixed_r2_S1-B.pdf,outputs/results-E20-E24/source_originals/E21/gamma_mixed_boundary/figures/r2_curves/e21_mixed_r2_S1-B.pdf,19905,8d2d822d2c26f91e99edb3cc2bd231712979b0c588fc4c6d7910d546641c85a7,source_result_migration,tools/replot_results_e20_e24.py,python tools/replot_results_e20_e24.py,present_in_reference_tree,rebuild_from_code
results-E20-E24/source_originals/E21/gamma_mixed_boundary/figures/r2_curves/e21_mixed_r2_S1-B.png,outputs/results-E20-E24/source_originals/E21/gamma_mixed_boundary/figures/r2_curves/e21_mixed_r2_S1-B.png,185675,6f16264d98c9336b3d916308d3e78d69a68e62ad937134fe7cc50124b247f115,source_result_migration,tools/replot_results_e20_e24.py,python tools/replot_results_e20_e24.py,present_in_reference_tree,rebuild_from_code
results-E20-E24/source_originals/E21/gamma_mixed_boundary/figures/r2_curves/e21_mixed_r2_S2-A.pdf,outputs/results-E20-E24/source_originals/E21/gamma_mixed_boundary/figures/r2_curves/e21_mixed_r2_S2-A.pdf,20670,eb395d72ec87c44190472fe3085bcc7e1e706e70f178f9bbf23fdd793aaf9537,source_result_migration,tools/replot_results_e20_e24.py,python tools/replot_results_e20_e24.py,present_in_reference_tree,rebuild_from_code
results-E20-E24/source_originals/E21/gamma_mixed_boundary/figures/r2_curves/e21_mixed_r2_S2-A.png,outputs/results-E20-E24/source_originals/E21/gamma_mixed_boundary/figures/r2_curves/e21_mixed_r2_S2-A.png,178568,49716cf07167613376a1d88c2084a5a00235cbb32f1d7061a26f564cf421e24d,source_result_migration,tools/replot_results_e20_e24.py,python tools/replot_results_e20_e24.py,present_in_reference_tree,rebuild_from_code
results-E20-E24/source_originals/E21/gamma_mixed_boundary/figures/r2_curves/e21_mixed_r2_S2-B.pdf,outputs/results-E20-E24/source_originals/E21/gamma_mixed_boundary/figures/r2_curves/e21_mixed_r2_S2-B.pdf,20272,ea9ae9d53afff9c6856542ddc128b39d619e9ba6c622424a94ff28e724ccb27c,source_result_migration,tools/replot_results_e20_e24.py,python tools/replot_results_e20_e24.py,present_in_reference_tree,rebuild_from_code
results-E20-E24/source_originals/E21/gamma_mixed_boundary/figures/r2_curves/e21_mixed_r2_S2-B.png,outputs/results-E20-E24/source_originals/E21/gamma_mixed_boundary/figures/r2_curves/e21_mixed_r2_S2-B.png,183367,57ffeab416b85f4f50523af9b7636526c9eccee7e99106ea62d668144b85c8a2,source_result_migration,tools/replot_results_e20_e24.py,python tools/replot_results_e20_e24.py,present_in_reference_tree,rebuild_from_code
results-E20-E24/source_originals/E21/gamma_mixed_boundary/figures/r2_curves/e21_mixed_r2_S3-A.pdf,outputs/results-E20-E24/source_originals/E21/gamma_mixed_boundary/figures/r2_curves/e21_mixed_r2_S3-A.pdf,19930,71831f716c37c852195a19ee779ab0219e0200464d3bd97c08deccc51135fe21,source_result_migration,tools/replot_results_e20_e24.py,python tools/replot_results_e20_e24.py,present_in_reference_tree,rebuild_from_code
results-E20-E24/source_originals/E21/gamma_mixed_boundary/figures/r2_curves/e21_mixed_r2_S3-A.png,outputs/results-E20-E24/source_originals/E21/gamma_mixed_boundary/figures/r2_curves/e21_mixed_r2_S3-A.png,183919,c8d96b720dbb390759e8225967158df3f5b6ca7f10ffeb6510b833bb487c7fb6,source_result_migration,tools/replot_results_e20_e24.py,python tools/replot_results_e20_e24.py,present_in_reference_tree,rebuild_from_code
results-E20-E24/source_originals/E21/gamma_mixed_boundary/figures/r2_curves/e21_mixed_r2_S3-B.pdf,outputs/results-E20-E24/source_originals/E21/gamma_mixed_boundary/figures/r2_curves/e21_mixed_r2_S3-B.pdf,20086,2772f9147d410e38ff81506f8af9e4b284f4e130a394b4275802f4e2dc89ce15,source_result_migration,tools/replot_results_e20_e24.py,python tools/replot_results_e20_e24.py,present_in_reference_tree,rebuild_from_code
results-E20-E24/source_originals/E21/gamma_mixed_boundary/figures/r2_curves/e21_mixed_r2_S3-B.png,outputs/results-E20-E24/source_originals/E21/gamma_mixed_boundary/figures/r2_curves/e21_mixed_r2_S3-B.png,179635,42c4e8b5307347b560aeb703f68cf484efa4ade9ce917646e84f7f0d8dd3de3f,source_result_migration,tools/replot_results_e20_e24.py,python tools/replot_results_e20_e24.py,present_in_reference_tree,rebuild_from_code
results-E20-E24/source_originals/E21/gamma_mixed_boundary/figures/r2_curves/e21_mixed_r2_S4-A.pdf,outputs/results-E20-E24/source_originals/E21/gamma_mixed_boundary/figures/r2_curves/e21_mixed_r2_S4-A.pdf,20482,845d4c3bf769f1146e94db7e67074bdedefe1379d492be590d53207e0b49cdcd,source_result_migration,tools/replot_results_e20_e24.py,python tools/replot_results_e20_e24.py,present_in_reference_tree,rebuild_from_code
results-E20-E24/source_originals/E21/gamma_mixed_boundary/figures/r2_curves/e21_mixed_r2_S4-A.png,outputs/results-E20-E24/source_originals/E21/gamma_mixed_boundary/figures/r2_curves/e21_mixed_r2_S4-A.png,183952,dc77d6557a8cb8e024fbacf2fa3951b0d75ca18940a5b39bacf563a515cf8e68,source_result_migration,tools/replot_results_e20_e24.py,python tools/replot_results_e20_e24.py,present_in_reference_tree,rebuild_from_code
results-E20-E24/source_originals/E21/gamma_mixed_boundary/figures/r2_curves/e21_mixed_r2_S4-B.pdf,outputs/results-E20-E24/source_originals/E21/gamma_mixed_boundary/figures/r2_curves/e21_mixed_r2_S4-B.pdf,20841,47d8fcb9722a3477fb86bb8f52d770b23826386dc0d8b434f2bae2d657fb1aac,source_result_migration,tools/replot_results_e20_e24.py,python tools/replot_results_e20_e24.py,present_in_reference_tree,rebuild_from_code
results-E20-E24/source_originals/E21/gamma_mixed_boundary/figures/r2_curves/e21_mixed_r2_S4-B.png,outputs/results-E20-E24/source_originals/E21/gamma_mixed_boundary/figures/r2_curves/e21_mixed_r2_S4-B.png,187617,41669f8c238498486f247296b6af42913ccee4e939cf46a4ba79cb363730162b,source_result_migration,tools/replot_results_e20_e24.py,python tools/replot_results_e20_e24.py,present_in_reference_tree,rebuild_from_code
results-E20-E24/source_originals/E21/gamma_mixed_boundary/figures/r2_curves/e21_mixed_r2_S5-A.pdf,outputs/results-E20-E24/source_originals/E21/gamma_mixed_boundary/figures/r2_curves/e21_mixed_r2_S5-A.pdf,20109,303932f97b84a48040a17505c2ecabe1116c96556257bb6ef47ca857e7f4d65a,source_result_migration,tools/replot_results_e20_e24.py,python tools/replot_results_e20_e24.py,present_in_reference_tree,rebuild_from_code
results-E20-E24/source_originals/E21/gamma_mixed_boundary/figures/r2_curves/e21_mixed_r2_S5-A.png,outputs/results-E20-E24/source_originals/E21/gamma_mixed_boundary/figures/r2_curves/e21_mixed_r2_S5-A.png,184748,439e61a5302ce54d77505ec4992d35f1b41d028fcf05f74b82230110234ab55f,source_result_migration,tools/replot_results_e20_e24.py,python tools/replot_results_e20_e24.py,present_in_reference_tree,rebuild_from_code
results-E20-E24/source_originals/E21/gamma_mixed_boundary/figures/r2_curves/e21_mixed_r2_S5-B.pdf,outputs/results-E20-E24/source_originals/E21/gamma_mixed_boundary/figures/r2_curves/e21_mixed_r2_S5-B.pdf,19933,884afff1a0c9a1b3020cb405fead8a14f2f32460ad269de5bfd199d78142dbf4,source_result_migration,tools/replot_results_e20_e24.py,python tools/replot_results_e20_e24.py,present_in_reference_tree,rebuild_from_code
results-E20-E24/source_originals/E21/gamma_mixed_boundary/figures/r2_curves/e21_mixed_r2_S5-B.png,outputs/results-E20-E24/source_originals/E21/gamma_mixed_boundary/figures/r2_curves/e21_mixed_r2_S5-B.png,186493,05f11c292ae08f772a73f35e0c44ef79963fe5805af82b51691ca21101a3563d,source_result_migration,tools/replot_results_e20_e24.py,python tools/replot_results_e20_e24.py,present_in_reference_tree,rebuild_from_code
results-E20-E24/source_originals/E21/gamma_mixed_boundary/figures/r2_curves/e21_mixed_r2_S5-C.pdf,outputs/results-E20-E24/source_originals/E21/gamma_mixed_boundary/figures/r2_curves/e21_mixed_r2_S5-C.pdf,20772,88ba1bd28a4055cd71f9b92f869643b404d6caf93a05be2a922758169e56857a,source_result_migration,tools/replot_results_e20_e24.py,python tools/replot_results_e20_e24.py,present_in_reference_tree,rebuild_from_code
results-E20-E24/source_originals/E21/gamma_mixed_boundary/figures/r2_curves/e21_mixed_r2_S5-C.png,outputs/results-E20-E24/source_originals/E21/gamma_mixed_boundary/figures/r2_curves/e21_mixed_r2_S5-C.png,180822,bf24b9753befeefcac724bda3f5ef6f2446e723ab68fc57b245a951b298758f3,source_result_migration,tools/replot_results_e20_e24.py,python tools/replot_results_e20_e24.py,present_in_reference_tree,rebuild_from_code
results-E20-E24/source_originals/E21/gamma_mixed_boundary/figures/r2_curves/e21_mixed_r2_S6-A.pdf,outputs/results-E20-E24/source_originals/E21/gamma_mixed_boundary/figures/r2_curves/e21_mixed_r2_S6-A.pdf,20912,04784cf8bf47705e9968ba4c2c104134666c62c5ec596f631bd8679590044d9e,source_result_migration,tools/replot_results_e20_e24.py,python tools/replot_results_e20_e24.py,present_in_reference_tree,rebuild_from_code
results-E20-E24/source_originals/E21/gamma_mixed_boundary/figures/r2_curves/e21_mixed_r2_S6-A.png,outputs/results-E20-E24/source_originals/E21/gamma_mixed_boundary/figures/r2_curves/e21_mixed_r2_S6-A.png,188300,e20ef1c40a2dad84a214120d15ffdd8c6beed198cdeec02799f9e67d87eb2411,source_result_migration,tools/replot_results_e20_e24.py,python tools/replot_results_e20_e24.py,present_in_reference_tree,rebuild_from_code
results-E20-E24/source_originals/E21/gamma_mixed_boundary/figures/r2_curves/e21_mixed_r2_S6-B.pdf,outputs/results-E20-E24/source_originals/E21/gamma_mixed_boundary/figures/r2_curves/e21_mixed_r2_S6-B.pdf,20330,883ff9b82cbc737cee3cc88a3b7bce6444ce42a6af0bd5c697890eb25cf15fb6,source_result_migration,tools/replot_results_e20_e24.py,python tools/replot_results_e20_e24.py,present_in_reference_tree,rebuild_from_code
results-E20-E24/source_originals/E21/gamma_mixed_boundary/figures/r2_curves/e21_mixed_r2_S6-B.png,outputs/results-E20-E24/source_originals/E21/gamma_mixed_boundary/figures/r2_curves/e21_mixed_r2_S6-B.png,183718,96badf53c23a029691a9bb55ecc87a9d69172f71ffd321e488181660278111cf,source_result_migration,tools/replot_results_e20_e24.py,python tools/replot_results_e20_e24.py,present_in_reference_tree,rebuild_from_code
results-E20-E24/source_originals/E21/gamma_mixed_boundary/figures/r2_curves/e21_mixed_r2_S6-C.pdf,outputs/results-E20-E24/source_originals/E21/gamma_mixed_boundary/figures/r2_curves/e21_mixed_r2_S6-C.pdf,20980,98a8180bef75df9c148ed6e155b1736c27a565f2e902bdd173d68ca2413dfee4,source_result_migration,tools/replot_results_e20_e24.py,python tools/replot_results_e20_e24.py,present_in_reference_tree,rebuild_from_code
results-E20-E24/source_originals/E21/gamma_mixed_boundary/figures/r2_curves/e21_mixed_r2_S6-C.png,outputs/results-E20-E24/source_originals/E21/gamma_mixed_boundary/figures/r2_curves/e21_mixed_r2_S6-C.png,189393,a78ec4d13acad823e4d97e6a32fb4b60663a53958bfa8f3d40581838bc2257e6,source_result_migration,tools/replot_results_e20_e24.py,python tools/replot_results_e20_e24.py,present_in_reference_tree,rebuild_from_code
results-E20-E24/source_originals/E21/gamma_universal_boundary/figures/e21_gamma_critical_distribution.pdf,outputs/results-E20-E24/source_originals/E21/gamma_universal_boundary/figures/e21_gamma_critical_distribution.pdf,24482,6a7e2fb79abba940549a5babc28e90d836fdf04741a57dccbbcde4b73238e76b,source_result_migration,tools/replot_results_e20_e24.py,python tools/replot_results_e20_e24.py,present_in_reference_tree,rebuild_from_code
results-E20-E24/source_originals/E21/gamma_universal_boundary/figures/e21_gamma_critical_distribution.png,outputs/results-E20-E24/source_originals/E21/gamma_universal_boundary/figures/e21_gamma_critical_distribution.png,165624,89de7dddbf7f01fa8df16d591a59b5cf368881ed890ffb9bd063ecac2cc21f7c,source_result_migration,tools/replot_results_e20_e24.py,python tools/replot_results_e20_e24.py,present_in_reference_tree,rebuild_from_code
results-E20-E24/source_originals/E21/gamma_universal_boundary/figures/e21_gamma_fit.pdf,outputs/results-E20-E24/source_originals/E21/gamma_universal_boundary/figures/e21_gamma_fit.pdf,31916,483dc4eb23604bfa890dfdbd8a56ef8cbc0b1de440e1d32c90f8cf97b7f42aca,source_result_migration,tools/replot_results_e20_e24.py,python tools/replot_results_e20_e24.py,present_in_reference_tree,rebuild_from_code
results-E20-E24/source_originals/E21/gamma_universal_boundary/figures/e21_gamma_fit.png,outputs/results-E20-E24/source_originals/E21/gamma_universal_boundary/figures/e21_gamma_fit.png,245889,fe8449466257eecec91e1631086f80710678876e203c74b0bd13802cf136cb02,source_result_migration,tools/replot_results_e20_e24.py,python tools/replot_results_e20_e24.py,present_in_reference_tree,rebuild_from_code
results-E20-E24/source_originals/E21/gamma_universal_boundary/figures/e21_gamma_scatter.pdf,outputs/results-E20-E24/source_originals/E21/gamma_universal_boundary/figures/e21_gamma_scatter.pdf,133091,33a69259b74b732ece16c88feef4e478030eef642104a317aa721201af991aa8,source_result_migration,tools/replot_results_e20_e24.py,python tools/replot_results_e20_e24.py,present_in_reference_tree,rebuild_from_code
results-E20-E24/source_originals/E21/gamma_universal_boundary/figures/e21_gamma_scatter.png,outputs/results-E20-E24/source_originals/E21/gamma_universal_boundary/figures/e21_gamma_scatter.png,378517,3e3bc8b4f623a28652f0ea3564723fc065a87ef77b054bf4c6a5c714d3b78779,source_result_migration,tools/replot_results_e20_e24.py,python tools/replot_results_e20_e24.py,present_in_reference_tree,rebuild_from_code
results-E20-E24/source_originals/E21/gamma_universal_boundary/figures/e21_gamma_universal_boundary.pdf,outputs/results-E20-E24/source_originals/E21/gamma_universal_boundary/figures/e21_gamma_universal_boundary.pdf,37144,ccb57b65cca7a5987f05c55f058791e0ee09c55b23f6c19a35115ae7f600e49c,source_result_migration,tools/replot_results_e20_e24.py,python tools/replot_results_e20_e24.py,present_in_reference_tree,rebuild_from_code
results-E20-E24/source_originals/E21/gamma_universal_boundary/figures/e21_gamma_universal_boundary.png,outputs/results-E20-E24/source_originals/E21/gamma_universal_boundary/figures/e21_gamma_universal_boundary.png,349685,620bc7c562c7634cc1f71800f7ffc106f85bc82d6688df4dc789403e27e43b6d,source_result_migration,tools/replot_results_e20_e24.py,python tools/replot_results_e20_e24.py,present_in_reference_tree,rebuild_from_code
results-E20-E24/source_originals/E21/mixed_scenarios/figures/e21_algorithm_heatmap_aggregate.png,outputs/results-E20-E24/source_originals/E21/mixed_scenarios/figures/e21_algorithm_heatmap_aggregate.png,445024,d2b82e50917eb9cb15d6581541aaf8c405bccf1b1aed35284caeee9f402a30c8,source_result_migration,tools/replot_results_e20_e24.py,python tools/replot_results_e20_e24.py,present_in_reference_tree,rebuild_from_code
results-E20-E24/source_originals/E21/mixed_scenarios/figures/e21_algorithm_heatmap_ieee33.png,outputs/results-E20-E24/source_originals/E21/mixed_scenarios/figures/e21_algorithm_heatmap_ieee33.png,420891,129059d087e61e2fdb633beea5c08ceddb45ba34c030dcd976ee0283524b98c9,source_result_migration,tools/replot_results_e20_e24.py,python tools/replot_results_e20_e24.py,present_in_reference_tree,rebuild_from_code
results-E20-E24/source_originals/E21/mixed_scenarios/figures/e21_algorithm_overall.png,outputs/results-E20-E24/source_originals/E21/mixed_scenarios/figures/e21_algorithm_overall.png,251340,07d3733d696cb1c1b98ea34ef7149e13b12fa6885a30935faeb53e3d62b2c516,source_result_migration,tools/replot_results_e20_e24.py,python tools/replot_results_e20_e24.py,present_in_reference_tree,rebuild_from_code
results-E20-E24/source_originals/E21/mixed_scenarios/figures/e21_eps_mix_vs_pool.png,outputs/results-E20-E24/source_originals/E21/mixed_scenarios/figures/e21_eps_mix_vs_pool.png,182473,24b38f5328102d33b037e2cc82b70b7a9368cb761f0452d8f4626aca796384f5,source_result_migration,tools/replot_results_e20_e24.py,python tools/replot_results_e20_e24.py,present_in_reference_tree,rebuild_from_code
results-E20-E24/source_originals/E21/pairwise_curtailment/figures/curtailment_opportunity_vs_reduction.pdf,outputs/results-E20-E24/source_originals/E21/pairwise_curtailment/figures/curtailment_opportunity_vs_reduction.pdf,41319,0e1ef7167f62f70d7e7dd18a4dd30c459c87fa6d9b8d421672cb9e72c5e483a1,source_result_migration,tools/replot_results_e20_e24.py,python tools/replot_results_e20_e24.py,present_in_reference_tree,rebuild_from_code
results-E20-E24/source_originals/E21/pairwise_curtailment/figures/curtailment_opportunity_vs_reduction.png,outputs/results-E20-E24/source_originals/E21/pairwise_curtailment/figures/curtailment_opportunity_vs_reduction.png,191222,77ed6c2f6a0107165be969024d242ddfdbbdf8612c0df9c4842399f244ad8a44,source_result_migration,tools/replot_results_e20_e24.py,python tools/replot_results_e20_e24.py,present_in_reference_tree,rebuild_from_code
results-E20-E24/source_originals/E21/pairwise_curtailment/figures/dataset_curtailment_reduction_distribution.pdf,outputs/results-E20-E24/source_originals/E21/pairwise_curtailment/figures/dataset_curtailment_reduction_distribution.pdf,28867,f4aff8d04c43239d79ef97d9ab147b2ab1740b95423b161626d7464da2b8b6dd,source_result_migration,tools/replot_results_e20_e24.py,python tools/replot_results_e20_e24.py,present_in_reference_tree,rebuild_from_code
results-E20-E24/source_originals/E21/pairwise_curtailment/figures/dataset_curtailment_reduction_distribution.png,outputs/results-E20-E24/source_originals/E21/pairwise_curtailment/figures/dataset_curtailment_reduction_distribution.png,266709,25a1ef07af56de9bc840842e2ea9b3c0557cecb82762e90cb1f571cefc48aa75,source_result_migration,tools/replot_results_e20_e24.py,python tools/replot_results_e20_e24.py,present_in_reference_tree,rebuild_from_code
results-E20-E24/source_originals/E21/pairwise_curtailment/figures/pairwise_curtailment_before_after_ranked.pdf,outputs/results-E20-E24/source_originals/E21/pairwise_curtailment/figures/pairwise_curtailment_before_after_ranked.pdf,28282,c11dcd8a83bc4997fc4c873194f4f35dd185eb854072ad24656ac638b4c5ddcf,source_result_migration,tools/replot_results_e20_e24.py,python tools/replot_results_e20_e24.py,present_in_reference_tree,rebuild_from_code
results-E20-E24/source_originals/E21/pairwise_curtailment/figures/pairwise_curtailment_before_after_ranked.png,outputs/results-E20-E24/source_originals/E21/pairwise_curtailment/figures/pairwise_curtailment_before_after_ranked.png,536342,77f6e591f71a9a94e4a74092a8ed4d6204d0199604c38a5998ea19ad9773b43a,source_result_migration,tools/replot_results_e20_e24.py,python tools/replot_results_e20_e24.py,present_in_reference_tree,rebuild_from_code
results-E20-E24/source_originals/E21/pairwise_curtailment/figures/pairwise_curtailment_reduction.pdf,outputs/results-E20-E24/source_originals/E21/pairwise_curtailment/figures/pairwise_curtailment_reduction.pdf,37198,e30790f836da878a3e08fa81d9c250409a9b1723e27b62871e701579e9dd395f,source_result_migration,tools/replot_results_e20_e24.py,python tools/replot_results_e20_e24.py,present_in_reference_tree,rebuild_from_code
results-E20-E24/source_originals/E21/pairwise_curtailment/figures/pairwise_curtailment_reduction.png,outputs/results-E20-E24/source_originals/E21/pairwise_curtailment/figures/pairwise_curtailment_reduction.png,605652,08edad6c544429dab8ab9903fdcd4232f7ec92153c2d0f40b90e770c1751fe30,source_result_migration,tools/replot_results_e20_e24.py,python tools/replot_results_e20_e24.py,present_in_reference_tree,rebuild_from_code
results-E20-E24/source_originals/E21/pairwise_curtailment/figures/pairwise_curtailment_reduction_mixed_only.pdf,outputs/results-E20-E24/source_originals/E21/pairwise_curtailment/figures/pairwise_curtailment_reduction_mixed_only.pdf,37353,b036db1176e99e6e731c37fa87833cdc4c3af589827f88d73833d7532b7496c8,source_result_migration,tools/replot_results_e20_e24.py,python tools/replot_results_e20_e24.py,present_in_reference_tree,rebuild_from_code
results-E20-E24/source_originals/E21/pairwise_curtailment/figures/pairwise_curtailment_reduction_mixed_only.png,outputs/results-E20-E24/source_originals/E21/pairwise_curtailment/figures/pairwise_curtailment_reduction_mixed_only.png,599394,c8a45786769f3056eeb6fd736cd303cb5a8507f57bf01e8e1048258c6c071c09,source_result_migration,tools/replot_results_e20_e24.py,python tools/replot_results_e20_e24.py,present_in_reference_tree,rebuild_from_code
results-E20-E24/source_originals/E21/pairwise_r2/figures/pairwise_r2_n95_overall.pdf,outputs/results-E20-E24/source_originals/E21/pairwise_r2/figures/pairwise_r2_n95_overall.pdf,42533,7e6fe3a831e5e38cb5636f8826f141c1471e831b7d94b7a13c442a48d1ff9b39,source_result_migration,tools/replot_results_e20_e24.py,python tools/replot_results_e20_e24.py,present_in_reference_tree,rebuild_from_code
results-E20-E24/source_originals/E21/pairwise_r2/figures/pairwise_r2_n95_overall.png,outputs/results-E20-E24/source_originals/E21/pairwise_r2/figures/pairwise_r2_n95_overall.png,407331,afc8e4771b831fab85e15a1d71fea1df63233d6ce4600890646981460e88ed2f,source_result_migration,tools/replot_results_e20_e24.py,python tools/replot_results_e20_e24.py,present_in_reference_tree,rebuild_from_code
results-E20-E24/source_originals/E21/pairwise_r2/figures/r2_curve_pages/pairwise_r2_curves_page_01.pdf,outputs/results-E20-E24/source_originals/E21/pairwise_r2/figures/r2_curve_pages/pairwise_r2_curves_page_01.pdf,34463,efcedd46231c6dabf056a7050004932b5917654d7cf43a9735551d42c5bb0936,source_result_migration,tools/replot_results_e20_e24.py,python tools/replot_results_e20_e24.py,present_in_reference_tree,rebuild_from_code
results-E20-E24/source_originals/E21/pairwise_r2/figures/r2_curve_pages/pairwise_r2_curves_page_01.png,outputs/results-E20-E24/source_originals/E21/pairwise_r2/figures/r2_curve_pages/pairwise_r2_curves_page_01.png,450326,de458f4fb015e94a01603ae475c1b812c943b3a03fabfa2132b8259d389a7443,source_result_migration,tools/replot_results_e20_e24.py,python tools/replot_results_e20_e24.py,present_in_reference_tree,rebuild_from_code
results-E20-E24/source_originals/E21/pairwise_r2/figures/r2_curve_pages/pairwise_r2_curves_page_02.pdf,outputs/results-E20-E24/source_originals/E21/pairwise_r2/figures/r2_curve_pages/pairwise_r2_curves_page_02.pdf,34459,b3cbf7e3873c27891d03b77e1573f70eb3c3af37a3da10ea4a6a43e46f16c30d,source_result_migration,tools/replot_results_e20_e24.py,python tools/replot_results_e20_e24.py,present_in_reference_tree,rebuild_from_code
results-E20-E24/source_originals/E21/pairwise_r2/figures/r2_curve_pages/pairwise_r2_curves_page_02.png,outputs/results-E20-E24/source_originals/E21/pairwise_r2/figures/r2_curve_pages/pairwise_r2_curves_page_02.png,445473,1ce016e3d22a81fd3baaa97bcee6599efbd6dc0b05ef65529bf8d0c7a02e9995,source_result_migration,tools/replot_results_e20_e24.py,python tools/replot_results_e20_e24.py,present_in_reference_tree,rebuild_from_code
results-E20-E24/source_originals/E21/pairwise_r2/figures/r2_curve_pages/pairwise_r2_curves_page_03.pdf,outputs/results-E20-E24/source_originals/E21/pairwise_r2/figures/r2_curve_pages/pairwise_r2_curves_page_03.pdf,34487,f7d7ee9e38184da653bd832f9567d73e1f672e2fb27bafba5489c4e40b1707af,source_result_migration,tools/replot_results_e20_e24.py,python tools/replot_results_e20_e24.py,present_in_reference_tree,rebuild_from_code
results-E20-E24/source_originals/E21/pairwise_r2/figures/r2_curve_pages/pairwise_r2_curves_page_03.png,outputs/results-E20-E24/source_originals/E21/pairwise_r2/figures/r2_curve_pages/pairwise_r2_curves_page_03.png,443505,79ae3094d99a347a7af2a49854dc6b553935fb8f04e46a008011f0d716bc8845,source_result_migration,tools/replot_results_e20_e24.py,python tools/replot_results_e20_e24.py,present_in_reference_tree,rebuild_from_code
results-E20-E24/source_originals/E21/pairwise_r2/figures/r2_curve_pages/pairwise_r2_curves_page_04.pdf,outputs/results-E20-E24/source_originals/E21/pairwise_r2/figures/r2_curve_pages/pairwise_r2_curves_page_04.pdf,34122,14328e7b83b3a47aff97912493bab482ffc292fc85385bc0dbec65771ffba0e8,source_result_migration,tools/replot_results_e20_e24.py,python tools/replot_results_e20_e24.py,present_in_reference_tree,rebuild_from_code
results-E20-E24/source_originals/E21/pairwise_r2/figures/r2_curve_pages/pairwise_r2_curves_page_04.png,outputs/results-E20-E24/source_originals/E21/pairwise_r2/figures/r2_curve_pages/pairwise_r2_curves_page_04.png,447194,919c556e1a10c8805464267b2cc184a1a15ab9ba0e45fa404def9c61e4c8c07b,source_result_migration,tools/replot_results_e20_e24.py,python tools/replot_results_e20_e24.py,present_in_reference_tree,rebuild_from_code
results-E20-E24/source_originals/E21/pairwise_r2/figures/r2_curve_pages/pairwise_r2_curves_page_05.pdf,outputs/results-E20-E24/source_originals/E21/pairwise_r2/figures/r2_curve_pages/pairwise_r2_curves_page_05.pdf,34094,4e87bece3e6b60de142cb5a5d31a627e5c96723f0e843d3252794c1a29829028,source_result_migration,tools/replot_results_e20_e24.py,python tools/replot_results_e20_e24.py,present_in_reference_tree,rebuild_from_code
results-E20-E24/source_originals/E21/pairwise_r2/figures/r2_curve_pages/pairwise_r2_curves_page_05.png,outputs/results-E20-E24/source_originals/E21/pairwise_r2/figures/r2_curve_pages/pairwise_r2_curves_page_05.png,441191,3bd4930bed54f28e376593aee61e97637c3ba44ecb4ae5209082406bc39757fc,source_result_migration,tools/replot_results_e20_e24.py,python tools/replot_results_e20_e24.py,present_in_reference_tree,rebuild_from_code
results-E20-E24/source_originals/E21/pairwise_r2/figures/r2_curve_pages/pairwise_r2_curves_page_06.pdf,outputs/results-E20-E24/source_originals/E21/pairwise_r2/figures/r2_curve_pages/pairwise_r2_curves_page_06.pdf,33749,59ff2a73ee1833ccaf32998eb291d4a86a751c4cd43f45a37bc02d3985152339,source_result_migration,tools/replot_results_e20_e24.py,python tools/replot_results_e20_e24.py,present_in_reference_tree,rebuild_from_code
results-E20-E24/source_originals/E21/pairwise_r2/figures/r2_curve_pages/pairwise_r2_curves_page_06.png,outputs/results-E20-E24/source_originals/E21/pairwise_r2/figures/r2_curve_pages/pairwise_r2_curves_page_06.png,455953,58b48cfd24882a02a05e2f6e60f0bbef2b5971a2b0fc458e9d01a98b16abc158,source_result_migration,tools/replot_results_e20_e24.py,python tools/replot_results_e20_e24.py,present_in_reference_tree,rebuild_from_code
results-E20-E24/source_originals/E21/pairwise_r2/figures/r2_curve_pages/pairwise_r2_curves_page_07.pdf,outputs/results-E20-E24/source_originals/E21/pairwise_r2/figures/r2_curve_pages/pairwise_r2_curves_page_07.pdf,33751,6a09283a323ee306ebad8dcd97b399dd585afd0a3442f22e917d61a9ad9df879,source_result_migration,tools/replot_results_e20_e24.py,python tools/replot_results_e20_e24.py,present_in_reference_tree,rebuild_from_code
results-E20-E24/source_originals/E21/pairwise_r2/figures/r2_curve_pages/pairwise_r2_curves_page_07.png,outputs/results-E20-E24/source_originals/E21/pairwise_r2/figures/r2_curve_pages/pairwise_r2_curves_page_07.png,453441,c2559306b8659992ed9d50cc04c08b556c69cd6572251ed83dec27ae9ce1bc8d,source_result_migration,tools/replot_results_e20_e24.py,python tools/replot_results_e20_e24.py,present_in_reference_tree,rebuild_from_code
results-E20-E24/source_originals/E21/pairwise_r2/figures/r2_curve_pages/pairwise_r2_curves_page_08.pdf,outputs/results-E20-E24/source_originals/E21/pairwise_r2/figures/r2_curve_pages/pairwise_r2_curves_page_08.pdf,33359,fbed085b52a47012ac7d491bf9b5e6ef67f1db503fe2a5f941f5dcee410c6646,source_result_migration,tools/replot_results_e20_e24.py,python tools/replot_results_e20_e24.py,present_in_reference_tree,rebuild_from_code
results-E20-E24/source_originals/E21/pairwise_r2/figures/r2_curve_pages/pairwise_r2_curves_page_08.png,outputs/results-E20-E24/source_originals/E21/pairwise_r2/figures/r2_curve_pages/pairwise_r2_curves_page_08.png,449733,e3e90fec510cc0807d50bbc6a30459b9f336a41e7731e97de0fe7873b7f10afa,source_result_migration,tools/replot_results_e20_e24.py,python tools/replot_results_e20_e24.py,present_in_reference_tree,rebuild_from_code
results-E20-E24/source_originals/E21/pairwise_r2/figures/r2_curve_pages/pairwise_r2_curves_page_09.pdf,outputs/results-E20-E24/source_originals/E21/pairwise_r2/figures/r2_curve_pages/pairwise_r2_curves_page_09.pdf,29794,ac447f63a6780289e2b7f77c187311729a9bd4289759a48d911e705b68d5f995,source_result_migration,tools/replot_results_e20_e24.py,python tools/replot_results_e20_e24.py,present_in_reference_tree,rebuild_from_code
results-E20-E24/source_originals/E21/pairwise_r2/figures/r2_curve_pages/pairwise_r2_curves_page_09.png,outputs/results-E20-E24/source_originals/E21/pairwise_r2/figures/r2_curve_pages/pairwise_r2_curves_page_09.png,373880,bdd771f07844f6556a825d6a45ebcc1f460f98de3f59b0270ac23400c5e6f804,source_result_migration,tools/replot_results_e20_e24.py,python tools/replot_results_e20_e24.py,present_in_reference_tree,rebuild_from_code
results-E20-E24/source_originals/E21/pairwise_r2/figures/r2_curves/P001_r2_curve.pdf,outputs/results-E20-E24/source_originals/E21/pairwise_r2/figures/r2_curves/P001_r2_curve.pdf,17994,f9d9e9d9229ed9106fc8e1adedeec88207e030e534498e2615ac944bf984062b,source_result_migration,tools/replot_results_e20_e24.py,python tools/replot_results_e20_e24.py,present_in_reference_tree,rebuild_from_code
results-E20-E24/source_originals/E21/pairwise_r2/figures/r2_curves/P001_r2_curve.png,outputs/results-E20-E24/source_originals/E21/pairwise_r2/figures/r2_curves/P001_r2_curve.png,110556,fb460c967af97bc462a5b7fa08b9136a1a930dbb3a87c0bccf9b38ff9d4f2569,source_result_migration,tools/replot_results_e20_e24.py,python tools/replot_results_e20_e24.py,present_in_reference_tree,rebuild_from_code
results-E20-E24/source_originals/E21/pairwise_r2/figures/r2_curves/P002_r2_curve.pdf,outputs/results-E20-E24/source_originals/E21/pairwise_r2/figures/r2_curves/P002_r2_curve.pdf,18958,d17954e0fe5b5f6417bff261c06ed0e466aea09cac1aef595c3020ef116c362d,source_result_migration,tools/replot_results_e20_e24.py,python tools/replot_results_e20_e24.py,present_in_reference_tree,rebuild_from_code
results-E20-E24/source_originals/E21/pairwise_r2/figures/r2_curves/P002_r2_curve.png,outputs/results-E20-E24/source_originals/E21/pairwise_r2/figures/r2_curves/P002_r2_curve.png,110303,6ec10339e0ca068903997fd27ac19c92a29faaf6497acfb65f5567a528eca0b6,source_result_migration,tools/replot_results_e20_e24.py,python tools/replot_results_e20_e24.py,present_in_reference_tree,rebuild_from_code
results-E20-E24/source_originals/E21/pairwise_r2/figures/r2_curves/P003_r2_curve.pdf,outputs/results-E20-E24/source_originals/E21/pairwise_r2/figures/r2_curves/P003_r2_curve.pdf,19801,f11e9b0abb7cee065225f045277b26a34c679769feebbf68d16656cbbfa4cb2e,source_result_migration,tools/replot_results_e20_e24.py,python tools/replot_results_e20_e24.py,present_in_reference_tree,rebuild_from_code
results-E20-E24/source_originals/E21/pairwise_r2/figures/r2_curves/P003_r2_curve.png,outputs/results-E20-E24/source_originals/E21/pairwise_r2/figures/r2_curves/P003_r2_curve.png,111814,6ef954084296b221ecf9cda1eb2ae8f79039c62328706fc952f800d4a807c231,source_result_migration,tools/replot_results_e20_e24.py,python tools/replot_results_e20_e24.py,present_in_reference_tree,rebuild_from_code
results-E20-E24/source_originals/E21/pairwise_r2/figures/r2_curves/P004_r2_curve.pdf,outputs/results-E20-E24/source_originals/E21/pairwise_r2/figures/r2_curves/P004_r2_curve.pdf,18007,c5631385b212c194e3f369924e3bae53073eac7d8fe47a9b7934af17b119840f,source_result_migration,tools/replot_results_e20_e24.py,python tools/replot_results_e20_e24.py,present_in_reference_tree,rebuild_from_code
results-E20-E24/source_originals/E21/pairwise_r2/figures/r2_curves/P004_r2_curve.png,outputs/results-E20-E24/source_originals/E21/pairwise_r2/figures/r2_curves/P004_r2_curve.png,110864,c7a59747a1c44f3e5b8433079e7951526f1319aa9d3c9c668e86be24b47b657d,source_result_migration,tools/replot_results_e20_e24.py,python tools/replot_results_e20_e24.py,present_in_reference_tree,rebuild_from_code
results-E20-E24/source_originals/E21/pairwise_r2/figures/r2_curves/P005_r2_curve.pdf,outputs/results-E20-E24/source_originals/E21/pairwise_r2/figures/r2_curves/P005_r2_curve.pdf,18189,54e8b5939a73ba0dc37f6b84b6d40687b54973547bcdac80a567aaa43a2141ed,source_result_migration,tools/replot_results_e20_e24.py,python tools/replot_results_e20_e24.py,present_in_reference_tree,rebuild_from_code
results-E20-E24/source_originals/E21/pairwise_r2/figures/r2_curves/P005_r2_curve.png,outputs/results-E20-E24/source_originals/E21/pairwise_r2/figures/r2_curves/P005_r2_curve.png,112122,a8ca85f7bce68671ec00e398037017a11da04dcdab9132697717dbaac1b97213,source_result_migration,tools/replot_results_e20_e24.py,python tools/replot_results_e20_e24.py,present_in_reference_tree,rebuild_from_code
results-E20-E24/source_originals/E21/pairwise_r2/figures/r2_curves/P006_r2_curve.pdf,outputs/results-E20-E24/source_originals/E21/pairwise_r2/figures/r2_curves/P006_r2_curve.pdf,18792,50c00701c28c6b413a22ce1e6cc423482018c6f17b7ab048f150882d8b529032,source_result_migration,tools/replot_results_e20_e24.py,python tools/replot_results_e20_e24.py,present_in_reference_tree,rebuild_from_code
results-E20-E24/source_originals/E21/pairwise_r2/figures/r2_curves/P006_r2_curve.png,outputs/results-E20-E24/source_originals/E21/pairwise_r2/figures/r2_curves/P006_r2_curve.png,111413,59b9fcd2d8de431dfae03d574d8f9c3821d3123e1cc49928b9b0fd663a0aaa39,source_result_migration,tools/replot_results_e20_e24.py,python tools/replot_results_e20_e24.py,present_in_reference_tree,rebuild_from_code
results-E20-E24/source_originals/E21/pairwise_r2/figures/r2_curves/P007_r2_curve.pdf,outputs/results-E20-E24/source_originals/E21/pairwise_r2/figures/r2_curves/P007_r2_curve.pdf,18185,0f9f12a505b7656221bfc9578abecdc415045a15bfc740774fd4c7ba171117b2,source_result_migration,tools/replot_results_e20_e24.py,python tools/replot_results_e20_e24.py,present_in_reference_tree,rebuild_from_code
results-E20-E24/source_originals/E21/pairwise_r2/figures/r2_curves/P007_r2_curve.png,outputs/results-E20-E24/source_originals/E21/pairwise_r2/figures/r2_curves/P007_r2_curve.png,115215,fa87b5a1e088a6212d849a4b5792736322f408061e123988487e8a1e548aa080,source_result_migration,tools/replot_results_e20_e24.py,python tools/replot_results_e20_e24.py,present_in_reference_tree,rebuild_from_code
results-E20-E24/source_originals/E21/pairwise_r2/figures/r2_curves/P008_r2_curve.pdf,outputs/results-E20-E24/source_originals/E21/pairwise_r2/figures/r2_curves/P008_r2_curve.pdf,18889,ce42129894b3f3327e0c7271bb214716c42c20546ba68538e685d559a10fd107,source_result_migration,tools/replot_results_e20_e24.py,python tools/replot_results_e20_e24.py,present_in_reference_tree,rebuild_from_code
results-E20-E24/source_originals/E21/pairwise_r2/figures/r2_curves/P008_r2_curve.png,outputs/results-E20-E24/source_originals/E21/pairwise_r2/figures/r2_curves/P008_r2_curve.png,115942,04b839daad190049efe4b50d27787c078e126deb29d7137a374ec4f6043a5168,source_result_migration,tools/replot_results_e20_e24.py,python tools/replot_results_e20_e24.py,present_in_reference_tree,rebuild_from_code
results-E20-E24/source_originals/E21/pairwise_r2/figures/r2_curves/P009_r2_curve.pdf,outputs/results-E20-E24/source_originals/E21/pairwise_r2/figures/r2_curves/P009_r2_curve.pdf,19710,62a969cdd321e012b027ddfdd89f41def4aa395130d7f7077988dd793bd16f1d,source_result_migration,tools/replot_results_e20_e24.py,python tools/replot_results_e20_e24.py,present_in_reference_tree,rebuild_from_code
results-E20-E24/source_originals/E21/pairwise_r2/figures/r2_curves/P009_r2_curve.png,outputs/results-E20-E24/source_originals/E21/pairwise_r2/figures/r2_curves/P009_r2_curve.png,115166,a57b428096ba11a49bce999d34524486ce97f73fca31a1d7af82ffabf3421ba3,source_result_migration,tools/replot_results_e20_e24.py,python tools/replot_results_e20_e24.py,present_in_reference_tree,rebuild_from_code
results-E20-E24/source_originals/E21/pairwise_r2/figures/r2_curves/P010_r2_curve.pdf,outputs/results-E20-E24/source_originals/E21/pairwise_r2/figures/r2_curves/P010_r2_curve.pdf,19261,687ced7a6dd7621439aa4ddea83eb3dca6bc3ef88acdfe3de50147116feab097,source_result_migration,tools/replot_results_e20_e24.py,python tools/replot_results_e20_e24.py,present_in_reference_tree,rebuild_from_code
results-E20-E24/source_originals/E21/pairwise_r2/figures/r2_curves/P010_r2_curve.png,outputs/results-E20-E24/source_originals/E21/pairwise_r2/figures/r2_curves/P010_r2_curve.png,112828,c91322298342112cbba4e8efee826cb769a9c6f4afe5535940364cea908f8eb9,source_result_migration,tools/replot_results_e20_e24.py,python tools/replot_results_e20_e24.py,present_in_reference_tree,rebuild_from_code
results-E20-E24/source_originals/E21/pairwise_r2/figures/r2_curves/P011_r2_curve.pdf,outputs/results-E20-E24/source_originals/E21/pairwise_r2/figures/r2_curves/P011_r2_curve.pdf,18814,22880f0854b757bc59f0a628f79908fb1ec2b1032d5e9ebc3d2a1933af42065b,source_result_migration,tools/replot_results_e20_e24.py,python tools/replot_results_e20_e24.py,present_in_reference_tree,rebuild_from_code
results-E20-E24/source_originals/E21/pairwise_r2/figures/r2_curves/P011_r2_curve.png,outputs/results-E20-E24/source_originals/E21/pairwise_r2/figures/r2_curves/P011_r2_curve.png,111144,dcd9afdc704f36eb63d76090d7c22a60e09522be7d2ec422a23560253ac8c820,source_result_migration,tools/replot_results_e20_e24.py,python tools/replot_results_e20_e24.py,present_in_reference_tree,rebuild_from_code
results-E20-E24/source_originals/E21/pairwise_r2/figures/r2_curves/P012_r2_curve.pdf,outputs/results-E20-E24/source_originals/E21/pairwise_r2/figures/r2_curves/P012_r2_curve.pdf,18835,6aab375d11debbf4acb91419bb26d472017b8e4e25e60d8c0f9ec4f7bb501930,source_result_migration,tools/replot_results_e20_e24.py,python tools/replot_results_e20_e24.py,present_in_reference_tree,rebuild_from_code
results-E20-E24/source_originals/E21/pairwise_r2/figures/r2_curves/P012_r2_curve.png,outputs/results-E20-E24/source_originals/E21/pairwise_r2/figures/r2_curves/P012_r2_curve.png,115497,a51a0d27ab20edc634ff018c93657622fa51d84bb41f0b38ae1af74ced9197c3,source_result_migration,tools/replot_results_e20_e24.py,python tools/replot_results_e20_e24.py,present_in_reference_tree,rebuild_from_code
results-E20-E24/source_originals/E21/pairwise_r2/figures/r2_curves/P013_r2_curve.pdf,outputs/results-E20-E24/source_originals/E21/pairwise_r2/figures/r2_curves/P013_r2_curve.pdf,18986,d1fa3d982c2427e1724e1b8cb24b4a9f85d91e420dcbba4d5bfae5ea18de851b,source_result_migration,tools/replot_results_e20_e24.py,python tools/replot_results_e20_e24.py,present_in_reference_tree,rebuild_from_code
results-E20-E24/source_originals/E21/pairwise_r2/figures/r2_curves/P013_r2_curve.png,outputs/results-E20-E24/source_originals/E21/pairwise_r2/figures/r2_curves/P013_r2_curve.png,110657,452ed7807328c08b249075ab04c5181fc72b73d21e79de4b45b9c4390cbd8fa0,source_result_migration,tools/replot_results_e20_e24.py,python tools/replot_results_e20_e24.py,present_in_reference_tree,rebuild_from_code
results-E20-E24/source_originals/E21/pairwise_r2/figures/r2_curves/P014_r2_curve.pdf,outputs/results-E20-E24/source_originals/E21/pairwise_r2/figures/r2_curves/P014_r2_curve.pdf,18956,6642cbd4be9fec71c678840c2efd7903bb390fac49a2e18af8098ce0bd2030e3,source_result_migration,tools/replot_results_e20_e24.py,python tools/replot_results_e20_e24.py,present_in_reference_tree,rebuild_from_code
results-E20-E24/source_originals/E21/pairwise_r2/figures/r2_curves/P014_r2_curve.png,outputs/results-E20-E24/source_originals/E21/pairwise_r2/figures/r2_curves/P014_r2_curve.png,112023,2c185c65114e9ba0116166b2fb66e657dda475a3f8c82d4bd4b44d14dbac3595,source_result_migration,tools/replot_results_e20_e24.py,python tools/replot_results_e20_e24.py,present_in_reference_tree,rebuild_from_code
results-E20-E24/source_originals/E21/pairwise_r2/figures/r2_curves/P015_r2_curve.pdf,outputs/results-E20-E24/source_originals/E21/pairwise_r2/figures/r2_curves/P015_r2_curve.pdf,18963,ce7fd86b2564be04c278bd3569ff74d82c852a4374d997179cff64affb120ab9,source_result_migration,tools/replot_results_e20_e24.py,python tools/replot_results_e20_e24.py,present_in_reference_tree,rebuild_from_code
results-E20-E24/source_originals/E21/pairwise_r2/figures/r2_curves/P015_r2_curve.png,outputs/results-E20-E24/source_originals/E21/pairwise_r2/figures/r2_curves/P015_r2_curve.png,109178,2d1e50d466f109c0828d627c798bb2fe768e6d8b3c8cb92386f775a2ee7d7e2b,source_result_migration,tools/replot_results_e20_e24.py,python tools/replot_results_e20_e24.py,present_in_reference_tree,rebuild_from_code
results-E20-E24/source_originals/E21/pairwise_r2/figures/r2_curves/P016_r2_curve.pdf,outputs/results-E20-E24/source_originals/E21/pairwise_r2/figures/r2_curves/P016_r2_curve.pdf,19359,5a648629fe1a2c282be234ab9cac0f0ccd3caa4f251ca3456daee0be0944ddbc,source_result_migration,tools/replot_results_e20_e24.py,python tools/replot_results_e20_e24.py,present_in_reference_tree,rebuild_from_code
results-E20-E24/source_originals/E21/pairwise_r2/figures/r2_curves/P016_r2_curve.png,outputs/results-E20-E24/source_originals/E21/pairwise_r2/figures/r2_curves/P016_r2_curve.png,114355,f26aa6798ffa43b666ede438e6bb325ee6ba5e9ab4c817eea6fce77d5dfe6e25,source_result_migration,tools/replot_results_e20_e24.py,python tools/replot_results_e20_e24.py,present_in_reference_tree,rebuild_from_code
results-E20-E24/source_originals/E21/pairwise_r2/figures/r2_curves/P017_r2_curve.pdf,outputs/results-E20-E24/source_originals/E21/pairwise_r2/figures/r2_curves/P017_r2_curve.pdf,18182,8cf2b3cd155b5ba01c9b078ebb7489b8b75700eb683596a57f65cbd5cfbc8fe4,source_result_migration,tools/replot_results_e20_e24.py,python tools/replot_results_e20_e24.py,present_in_reference_tree,rebuild_from_code
results-E20-E24/source_originals/E21/pairwise_r2/figures/r2_curves/P017_r2_curve.png,outputs/results-E20-E24/source_originals/E21/pairwise_r2/figures/r2_curves/P017_r2_curve.png,112466,ff0d3508cd93426f4bf6503540934babb03923c71b3aa367dc280f5dd47c7679,source_result_migration,tools/replot_results_e20_e24.py,python tools/replot_results_e20_e24.py,present_in_reference_tree,rebuild_from_code
results-E20-E24/source_originals/E21/pairwise_r2/figures/r2_curves/P018_r2_curve.pdf,outputs/results-E20-E24/source_originals/E21/pairwise_r2/figures/r2_curves/P018_r2_curve.pdf,18196,956df5655dbfd6c7bb755cbfc17664797ce2a83ae1c7dfd2cd8f955341bde253,source_result_migration,tools/replot_results_e20_e24.py,python tools/replot_results_e20_e24.py,present_in_reference_tree,rebuild_from_code
results-E20-E24/source_originals/E21/pairwise_r2/figures/r2_curves/P018_r2_curve.png,outputs/results-E20-E24/source_originals/E21/pairwise_r2/figures/r2_curves/P018_r2_curve.png,112213,d82fd6de8648eb5ca682154346621a6d37bf6f4868f18a35832b99bb1d491467,source_result_migration,tools/replot_results_e20_e24.py,python tools/replot_results_e20_e24.py,present_in_reference_tree,rebuild_from_code
results-E20-E24/source_originals/E21/pairwise_r2/figures/r2_curves/P019_r2_curve.pdf,outputs/results-E20-E24/source_originals/E21/pairwise_r2/figures/r2_curves/P019_r2_curve.pdf,18789,4c6e8ffc2be1609d9535540b9b57052cffcef67b3122db7b784b7f3f45375094,source_result_migration,tools/replot_results_e20_e24.py,python tools/replot_results_e20_e24.py,present_in_reference_tree,rebuild_from_code
results-E20-E24/source_originals/E21/pairwise_r2/figures/r2_curves/P019_r2_curve.png,outputs/results-E20-E24/source_originals/E21/pairwise_r2/figures/r2_curves/P019_r2_curve.png,110666,4e887495902153bd4e3748be825727f2a51fcb2f5271e9da443541e9d93630d3,source_result_migration,tools/replot_results_e20_e24.py,python tools/replot_results_e20_e24.py,present_in_reference_tree,rebuild_from_code
results-E20-E24/source_originals/E21/pairwise_r2/figures/r2_curves/P020_r2_curve.pdf,outputs/results-E20-E24/source_originals/E21/pairwise_r2/figures/r2_curves/P020_r2_curve.pdf,18182,7c8e42069546c4a777ed6dddab35c360f91a697d37e056e1764c1af728a99916,source_result_migration,tools/replot_results_e20_e24.py,python tools/replot_results_e20_e24.py,present_in_reference_tree,rebuild_from_code
results-E20-E24/source_originals/E21/pairwise_r2/figures/r2_curves/P020_r2_curve.png,outputs/results-E20-E24/source_originals/E21/pairwise_r2/figures/r2_curves/P020_r2_curve.png,111719,2e9084214307daf22804ccc70f599534a8e335877388e05d16fb67970b05e959,source_result_migration,tools/replot_results_e20_e24.py,python tools/replot_results_e20_e24.py,present_in_reference_tree,rebuild_from_code
results-E20-E24/source_originals/E21/pairwise_r2/figures/r2_curves/P021_r2_curve.pdf,outputs/results-E20-E24/source_originals/E21/pairwise_r2/figures/r2_curves/P021_r2_curve.pdf,18883,b02174786bc37c7cf88af26b6fa6a6fd69e04019946b9f27316adc2d59f1bc46,source_result_migration,tools/replot_results_e20_e24.py,python tools/replot_results_e20_e24.py,present_in_reference_tree,rebuild_from_code
results-E20-E24/source_originals/E21/pairwise_r2/figures/r2_curves/P021_r2_curve.png,outputs/results-E20-E24/source_originals/E21/pairwise_r2/figures/r2_curves/P021_r2_curve.png,110932,02072caf1f4dad10a680956de32000d91cafa5d1e5915e53abced51f61fdaa32,source_result_migration,tools/replot_results_e20_e24.py,python tools/replot_results_e20_e24.py,present_in_reference_tree,rebuild_from_code
results-E20-E24/source_originals/E21/pairwise_r2/figures/r2_curves/P022_r2_curve.pdf,outputs/results-E20-E24/source_originals/E21/pairwise_r2/figures/r2_curves/P022_r2_curve.pdf,19255,fd1eec2270b46ab1c81732e670faf2b162d19c490623bb7a801de88e66634b12,source_result_migration,tools/replot_results_e20_e24.py,python tools/replot_results_e20_e24.py,present_in_reference_tree,rebuild_from_code
results-E20-E24/source_originals/E21/pairwise_r2/figures/r2_curves/P022_r2_curve.png,outputs/results-E20-E24/source_originals/E21/pairwise_r2/figures/r2_curves/P022_r2_curve.png,112719,1fec1d788d7c1bb43ac5919a18d250b8577d75d6d5a1f5aed762f76fb6535646,source_result_migration,tools/replot_results_e20_e24.py,python tools/replot_results_e20_e24.py,present_in_reference_tree,rebuild_from_code
results-E20-E24/source_originals/E21/pairwise_r2/figures/r2_curves/P023_r2_curve.pdf,outputs/results-E20-E24/source_originals/E21/pairwise_r2/figures/r2_curves/P023_r2_curve.pdf,19261,e5c5ccedd9e810fea4cb0c594f043d97849580b86a7cc44a51c19e0ee43e24e3,source_result_migration,tools/replot_results_e20_e24.py,python tools/replot_results_e20_e24.py,present_in_reference_tree,rebuild_from_code
results-E20-E24/source_originals/E21/pairwise_r2/figures/r2_curves/P023_r2_curve.png,outputs/results-E20-E24/source_originals/E21/pairwise_r2/figures/r2_curves/P023_r2_curve.png,106798,a2ca3bce8d0739bfd7251537e521086fcf45eb0b24a9ce6f6345af8a15602783,source_result_migration,tools/replot_results_e20_e24.py,python tools/replot_results_e20_e24.py,present_in_reference_tree,rebuild_from_code
results-E20-E24/source_originals/E21/pairwise_r2/figures/r2_curves/P024_r2_curve.pdf,outputs/results-E20-E24/source_originals/E21/pairwise_r2/figures/r2_curves/P024_r2_curve.pdf,18811,0ebbf58e397be5404e4b6082b4b6f45fe5accff926b010e85fad2ed62a9747a9,source_result_migration,tools/replot_results_e20_e24.py,python tools/replot_results_e20_e24.py,present_in_reference_tree,rebuild_from_code
results-E20-E24/source_originals/E21/pairwise_r2/figures/r2_curves/P024_r2_curve.png,outputs/results-E20-E24/source_originals/E21/pairwise_r2/figures/r2_curves/P024_r2_curve.png,111253,c931f5df0927472b199c20e82aa64e927201b113f2c3905e30435fdb5b1385da,source_result_migration,tools/replot_results_e20_e24.py,python tools/replot_results_e20_e24.py,present_in_reference_tree,rebuild_from_code
results-E20-E24/source_originals/E21/pairwise_r2/figures/r2_curves/P025_r2_curve.pdf,outputs/results-E20-E24/source_originals/E21/pairwise_r2/figures/r2_curves/P025_r2_curve.pdf,18375,32fa4f151e9f8481f159325f81a1aa2a33169ed2ffbec61889df257646827224,source_result_migration,tools/replot_results_e20_e24.py,python tools/replot_results_e20_e24.py,present_in_reference_tree,rebuild_from_code
results-E20-E24/source_originals/E21/pairwise_r2/figures/r2_curves/P025_r2_curve.png,outputs/results-E20-E24/source_originals/E21/pairwise_r2/figures/r2_curves/P025_r2_curve.png,112927,4005c89881d40fa32542511aa1ddc9e624a83a994bbb8b07d52553438787f3e2,source_result_migration,tools/replot_results_e20_e24.py,python tools/replot_results_e20_e24.py,present_in_reference_tree,rebuild_from_code
results-E20-E24/source_originals/E21/pairwise_r2/figures/r2_curves/P026_r2_curve.pdf,outputs/results-E20-E24/source_originals/E21/pairwise_r2/figures/r2_curves/P026_r2_curve.pdf,18709,83113136c292fd27e33a112023bd1d145fd35158cf138f86484d29189cf8bcbf,source_result_migration,tools/replot_results_e20_e24.py,python tools/replot_results_e20_e24.py,present_in_reference_tree,rebuild_from_code
results-E20-E24/source_originals/E21/pairwise_r2/figures/r2_curves/P026_r2_curve.png,outputs/results-E20-E24/source_originals/E21/pairwise_r2/figures/r2_curves/P026_r2_curve.png,111445,e368b353dbd64097d5cd9b318279091c49fc77a4734c7163b23aa1209a3f21cc,source_result_migration,tools/replot_results_e20_e24.py,python tools/replot_results_e20_e24.py,present_in_reference_tree,rebuild_from_code
results-E20-E24/source_originals/E21/pairwise_r2/figures/r2_curves/P027_r2_curve.pdf,outputs/results-E20-E24/source_originals/E21/pairwise_r2/figures/r2_curves/P027_r2_curve.pdf,19405,a9bfc87e6210b1c1da7799ca73e85d7bf09d85c31d85c909a81e017aa05cd839,source_result_migration,tools/replot_results_e20_e24.py,python tools/replot_results_e20_e24.py,present_in_reference_tree,rebuild_from_code
results-E20-E24/source_originals/E21/pairwise_r2/figures/r2_curves/P027_r2_curve.png,outputs/results-E20-E24/source_originals/E21/pairwise_r2/figures/r2_curves/P027_r2_curve.png,110095,3c5f3edfa2e25b0cd1673bcaeda69d3280585a5c729608e0d015aaf1b3ae028a,source_result_migration,tools/replot_results_e20_e24.py,python tools/replot_results_e20_e24.py,present_in_reference_tree,rebuild_from_code
results-E20-E24/source_originals/E21/pairwise_r2/figures/r2_curves/P028_r2_curve.pdf,outputs/results-E20-E24/source_originals/E21/pairwise_r2/figures/r2_curves/P028_r2_curve.pdf,18986,458ee96a4f407320a5a5950d08f96e46def9dffffa2fd9eafce839cc5f47cf24,source_result_migration,tools/replot_results_e20_e24.py,python tools/replot_results_e20_e24.py,present_in_reference_tree,rebuild_from_code
results-E20-E24/source_originals/E21/pairwise_r2/figures/r2_curves/P028_r2_curve.png,outputs/results-E20-E24/source_originals/E21/pairwise_r2/figures/r2_curves/P028_r2_curve.png,104902,b675bbc8efa3966e2847e88727644594f6f3ff98ed1ddcd20a5a13b167956d31,source_result_migration,tools/replot_results_e20_e24.py,python tools/replot_results_e20_e24.py,present_in_reference_tree,rebuild_from_code
results-E20-E24/source_originals/E21/pairwise_r2/figures/r2_curves/P029_r2_curve.pdf,outputs/results-E20-E24/source_originals/E21/pairwise_r2/figures/r2_curves/P029_r2_curve.pdf,17518,edb794808a373e5fd3c8a2f4e16f3389331938b1398bf370005ebc34dccded07,source_result_migration,tools/replot_results_e20_e24.py,python tools/replot_results_e20_e24.py,present_in_reference_tree,rebuild_from_code
results-E20-E24/source_originals/E21/pairwise_r2/figures/r2_curves/P029_r2_curve.png,outputs/results-E20-E24/source_originals/E21/pairwise_r2/figures/r2_curves/P029_r2_curve.png,110575,241bec44944383749160777ec7e852941f4187b6370882d8e7c6ca929c964f84,source_result_migration,tools/replot_results_e20_e24.py,python tools/replot_results_e20_e24.py,present_in_reference_tree,rebuild_from_code
results-E20-E24/source_originals/E21/pairwise_r2/figures/r2_curves/P030_r2_curve.pdf,outputs/results-E20-E24/source_originals/E21/pairwise_r2/figures/r2_curves/P030_r2_curve.pdf,18702,65244550763e5dec49c27eb3cbc72c17f8a00932c1182dfbb0bc17e3170c15b9,source_result_migration,tools/replot_results_e20_e24.py,python tools/replot_results_e20_e24.py,present_in_reference_tree,rebuild_from_code
results-E20-E24/source_originals/E21/pairwise_r2/figures/r2_curves/P030_r2_curve.png,outputs/results-E20-E24/source_originals/E21/pairwise_r2/figures/r2_curves/P030_r2_curve.png,116086,6bec80aa990bcb02f834998cbc2c99f97fb571d5ae823b4dc409d5b8ec98059c,source_result_migration,tools/replot_results_e20_e24.py,python tools/replot_results_e20_e24.py,present_in_reference_tree,rebuild_from_code
results-E20-E24/source_originals/E21/pairwise_r2/figures/r2_curves/P031_r2_curve.pdf,outputs/results-E20-E24/source_originals/E21/pairwise_r2/figures/r2_curves/P031_r2_curve.pdf,18953,d30488cb80e1c2612315d120331ba2fab47449e8383876f3928cd2340095f2d9,source_result_migration,tools/replot_results_e20_e24.py,python tools/replot_results_e20_e24.py,present_in_reference_tree,rebuild_from_code
results-E20-E24/source_originals/E21/pairwise_r2/figures/r2_curves/P031_r2_curve.png,outputs/results-E20-E24/source_originals/E21/pairwise_r2/figures/r2_curves/P031_r2_curve.png,111169,d49911f1113914f91779b2d22798e2a9b570e2d35248088389d1991ee2c60cec,source_result_migration,tools/replot_results_e20_e24.py,python tools/replot_results_e20_e24.py,present_in_reference_tree,rebuild_from_code
results-E20-E24/source_originals/E21/pairwise_r2/figures/r2_curves/P032_r2_curve.pdf,outputs/results-E20-E24/source_originals/E21/pairwise_r2/figures/r2_curves/P032_r2_curve.pdf,18237,bc0aa52edd005ff50cf5101b9b8966db901584c64c518547b941104538763665,source_result_migration,tools/replot_results_e20_e24.py,python tools/replot_results_e20_e24.py,present_in_reference_tree,rebuild_from_code
results-E20-E24/source_originals/E21/pairwise_r2/figures/r2_curves/P032_r2_curve.png,outputs/results-E20-E24/source_originals/E21/pairwise_r2/figures/r2_curves/P032_r2_curve.png,114335,65a0553c6cf1f637635f0fddcec277863e17e89d02cd3aba9462c4c6d1f04d65,source_result_migration,tools/replot_results_e20_e24.py,python tools/replot_results_e20_e24.py,present_in_reference_tree,rebuild_from_code
results-E20-E24/source_originals/E21/pairwise_r2/figures/r2_curves/P033_r2_curve.pdf,outputs/results-E20-E24/source_originals/E21/pairwise_r2/figures/r2_curves/P033_r2_curve.pdf,18863,7fe5e49dc9395b420f3541a8e75619ec9570a0143b26762c4336bffdf1dc4f4d,source_result_migration,tools/replot_results_e20_e24.py,python tools/replot_results_e20_e24.py,present_in_reference_tree,rebuild_from_code
results-E20-E24/source_originals/E21/pairwise_r2/figures/r2_curves/P033_r2_curve.png,outputs/results-E20-E24/source_originals/E21/pairwise_r2/figures/r2_curves/P033_r2_curve.png,107909,f6ffc5e89937e3b6b07d15c75c220844ab14c80f87f01287beddb22902b078bc,source_result_migration,tools/replot_results_e20_e24.py,python tools/replot_results_e20_e24.py,present_in_reference_tree,rebuild_from_code
results-E20-E24/source_originals/E21/pairwise_r2/figures/r2_curves/P034_r2_curve.pdf,outputs/results-E20-E24/source_originals/E21/pairwise_r2/figures/r2_curves/P034_r2_curve.pdf,19222,599dbe21f2b5c374d6a02434b997622ab795dbd61d81f5d8f748751acecd23c4,source_result_migration,tools/replot_results_e20_e24.py,python tools/replot_results_e20_e24.py,present_in_reference_tree,rebuild_from_code
results-E20-E24/source_originals/E21/pairwise_r2/figures/r2_curves/P034_r2_curve.png,outputs/results-E20-E24/source_originals/E21/pairwise_r2/figures/r2_curves/P034_r2_curve.png,110065,fc441730e22a6180c02ca20aad8cb2aa0b70f3e23aea12c3882f90ac4d8d3456,source_result_migration,tools/replot_results_e20_e24.py,python tools/replot_results_e20_e24.py,present_in_reference_tree,rebuild_from_code
results-E20-E24/source_originals/E21/pairwise_r2/figures/r2_curves/P035_r2_curve.pdf,outputs/results-E20-E24/source_originals/E21/pairwise_r2/figures/r2_curves/P035_r2_curve.pdf,18776,58c0836fe1bb565f1f6fbff4a6683b5958bb249668f53fa21b55340b30d331d5,source_result_migration,tools/replot_results_e20_e24.py,python tools/replot_results_e20_e24.py,present_in_reference_tree,rebuild_from_code
results-E20-E24/source_originals/E21/pairwise_r2/figures/r2_curves/P035_r2_curve.png,outputs/results-E20-E24/source_originals/E21/pairwise_r2/figures/r2_curves/P035_r2_curve.png,111801,d06a79517021cab56f983c0d643a2e4e5283dc94f2fa7fbb8b192379516f0a5e,source_result_migration,tools/replot_results_e20_e24.py,python tools/replot_results_e20_e24.py,present_in_reference_tree,rebuild_from_code
results-E20-E24/source_originals/E21/pairwise_r2/figures/r2_curves/P036_r2_curve.pdf,outputs/results-E20-E24/source_originals/E21/pairwise_r2/figures/r2_curves/P036_r2_curve.pdf,18767,bca2706608b856e22969c855fe4ab3d073ca98293e942ebcd1f03584e182c8fc,source_result_migration,tools/replot_results_e20_e24.py,python tools/replot_results_e20_e24.py,present_in_reference_tree,rebuild_from_code
results-E20-E24/source_originals/E21/pairwise_r2/figures/r2_curves/P036_r2_curve.png,outputs/results-E20-E24/source_originals/E21/pairwise_r2/figures/r2_curves/P036_r2_curve.png,109902,3b48079d2dd3b1c11a2d07a36f3cd8ccb397141c10192fa88b8ff781473eb68b,source_result_migration,tools/replot_results_e20_e24.py,python tools/replot_results_e20_e24.py,present_in_reference_tree,rebuild_from_code
results-E20-E24/source_originals/E21/pairwise_r2/figures/r2_curves/P037_r2_curve.pdf,outputs/results-E20-E24/source_originals/E21/pairwise_r2/figures/r2_curves/P037_r2_curve.pdf,18529,b784b39eeafa9d51a9a8990a572e9a6bd22e6d68c9ae73fa4e3311c356cb418f,source_result_migration,tools/replot_results_e20_e24.py,python tools/replot_results_e20_e24.py,present_in_reference_tree,rebuild_from_code
results-E20-E24/source_originals/E21/pairwise_r2/figures/r2_curves/P037_r2_curve.png,outputs/results-E20-E24/source_originals/E21/pairwise_r2/figures/r2_curves/P037_r2_curve.png,110728,5511643e8cade017058690ac68da12853823e799ed81ebcde25cde949a9834b2,source_result_migration,tools/replot_results_e20_e24.py,python tools/replot_results_e20_e24.py,present_in_reference_tree,rebuild_from_code
results-E20-E24/source_originals/E21/pairwise_r2/figures/r2_curves/P038_r2_curve.pdf,outputs/results-E20-E24/source_originals/E21/pairwise_r2/figures/r2_curves/P038_r2_curve.pdf,18149,a46b16700fbee1db79e3a6c7763e709c103e6c1015e877c2ee0926cbe90ce2f8,source_result_migration,tools/replot_results_e20_e24.py,python tools/replot_results_e20_e24.py,present_in_reference_tree,rebuild_from_code
results-E20-E24/source_originals/E21/pairwise_r2/figures/r2_curves/P038_r2_curve.png,outputs/results-E20-E24/source_originals/E21/pairwise_r2/figures/r2_curves/P038_r2_curve.png,109226,d109e51251d1a94e76b71a0ffa34773425b7dfd13d883dd86c4c152da175d01c,source_result_migration,tools/replot_results_e20_e24.py,python tools/replot_results_e20_e24.py,present_in_reference_tree,rebuild_from_code
results-E20-E24/source_originals/E21/pairwise_r2/figures/r2_curves/P039_r2_curve.pdf,outputs/results-E20-E24/source_originals/E21/pairwise_r2/figures/r2_curves/P039_r2_curve.pdf,19185,c0f0e20cee72832cbc5b49df0c318bae11a1c8522759fc3946270b1cb99bfbd8,source_result_migration,tools/replot_results_e20_e24.py,python tools/replot_results_e20_e24.py,present_in_reference_tree,rebuild_from_code
results-E20-E24/source_originals/E21/pairwise_r2/figures/r2_curves/P039_r2_curve.png,outputs/results-E20-E24/source_originals/E21/pairwise_r2/figures/r2_curves/P039_r2_curve.png,109837,0a61787dbb9efcd9d951d093384118ac276e04aed424fbbe304c48431deaf7ee,source_result_migration,tools/replot_results_e20_e24.py,python tools/replot_results_e20_e24.py,present_in_reference_tree,rebuild_from_code
results-E20-E24/source_originals/E21/pairwise_r2/figures/r2_curves/P040_r2_curve.pdf,outputs/results-E20-E24/source_originals/E21/pairwise_r2/figures/r2_curves/P040_r2_curve.pdf,18363,a2f535a70dcd4ab4b4f088dad79af9775c540e81a317a10e418f6e7d027b0cfd,source_result_migration,tools/replot_results_e20_e24.py,python tools/replot_results_e20_e24.py,present_in_reference_tree,rebuild_from_code
results-E20-E24/source_originals/E21/pairwise_r2/figures/r2_curves/P040_r2_curve.png,outputs/results-E20-E24/source_originals/E21/pairwise_r2/figures/r2_curves/P040_r2_curve.png,112599,bfe8bdb010f29ece99c7cce5448d3c60f4ec3c7324a0b1e649c1c081d79bb0c1,source_result_migration,tools/replot_results_e20_e24.py,python tools/replot_results_e20_e24.py,present_in_reference_tree,rebuild_from_code
results-E20-E24/source_originals/E21/pairwise_r2/figures/r2_curves/P041_r2_curve.pdf,outputs/results-E20-E24/source_originals/E21/pairwise_r2/figures/r2_curves/P041_r2_curve.pdf,19368,1a268fe4477a6fc59b772a8029cafdaf6700c81d28a3306142d43280b169411c,source_result_migration,tools/replot_results_e20_e24.py,python tools/replot_results_e20_e24.py,present_in_reference_tree,rebuild_from_code
results-E20-E24/source_originals/E21/pairwise_r2/figures/r2_curves/P041_r2_curve.png,outputs/results-E20-E24/source_originals/E21/pairwise_r2/figures/r2_curves/P041_r2_curve.png,116024,0869e42bccd36ec60a2532e4bf80d5cf15af1b0ff08a94527af80ece212809bd,source_result_migration,tools/replot_results_e20_e24.py,python tools/replot_results_e20_e24.py,present_in_reference_tree,rebuild_from_code
results-E20-E24/source_originals/E21/pairwise_r2/figures/r2_curves/P042_r2_curve.pdf,outputs/results-E20-E24/source_originals/E21/pairwise_r2/figures/r2_curves/P042_r2_curve.pdf,18715,a91733c3a0e2ad2b1e0910d3b8255c827a71b729ae86e871747f59f26974d5df,source_result_migration,tools/replot_results_e20_e24.py,python tools/replot_results_e20_e24.py,present_in_reference_tree,rebuild_from_code
results-E20-E24/source_originals/E21/pairwise_r2/figures/r2_curves/P042_r2_curve.png,outputs/results-E20-E24/source_originals/E21/pairwise_r2/figures/r2_curves/P042_r2_curve.png,110747,dce210c9f8824a0e4030a20139ef9aefb2959ed990b6e3625bf060ca1ffa7dba,source_result_migration,tools/replot_results_e20_e24.py,python tools/replot_results_e20_e24.py,present_in_reference_tree,rebuild_from_code
results-E20-E24/source_originals/E21/pairwise_r2/figures/r2_curves/P043_r2_curve.pdf,outputs/results-E20-E24/source_originals/E21/pairwise_r2/figures/r2_curves/P043_r2_curve.pdf,19252,7254de7a0091a470860846e3b049f6b980d5d72c94e1fa6a65836298fe65abe2,source_result_migration,tools/replot_results_e20_e24.py,python tools/replot_results_e20_e24.py,present_in_reference_tree,rebuild_from_code
results-E20-E24/source_originals/E21/pairwise_r2/figures/r2_curves/P043_r2_curve.png,outputs/results-E20-E24/source_originals/E21/pairwise_r2/figures/r2_curves/P043_r2_curve.png,111343,64c60fb34c284f5a9d5ab23cc957b976f4c19e6ef4d35efc60ab13dc12e4f3c8,source_result_migration,tools/replot_results_e20_e24.py,python tools/replot_results_e20_e24.py,present_in_reference_tree,rebuild_from_code
results-E20-E24/source_originals/E21/pairwise_r2/figures/r2_curves/P044_r2_curve.pdf,outputs/results-E20-E24/source_originals/E21/pairwise_r2/figures/r2_curves/P044_r2_curve.pdf,19239,138f51dd7f4e7d8941c5c4ae615a2501704c95f167a8a72c46d7720dba41ea09,source_result_migration,tools/replot_results_e20_e24.py,python tools/replot_results_e20_e24.py,present_in_reference_tree,rebuild_from_code
results-E20-E24/source_originals/E21/pairwise_r2/figures/r2_curves/P044_r2_curve.png,outputs/results-E20-E24/source_originals/E21/pairwise_r2/figures/r2_curves/P044_r2_curve.png,111822,bd88ea7bb2a337a962f9d4494b5a0f3a595a3f97f3d620f253742d1df8c24aa1,source_result_migration,tools/replot_results_e20_e24.py,python tools/replot_results_e20_e24.py,present_in_reference_tree,rebuild_from_code
results-E20-E24/source_originals/E21/pairwise_r2/figures/r2_curves/P045_r2_curve.pdf,outputs/results-E20-E24/source_originals/E21/pairwise_r2/figures/r2_curves/P045_r2_curve.pdf,19610,221a8790416cd3c94a3d87b972e3138f295140619500da95700cabf926f88ada,source_result_migration,tools/replot_results_e20_e24.py,python tools/replot_results_e20_e24.py,present_in_reference_tree,rebuild_from_code
results-E20-E24/source_originals/E21/pairwise_r2/figures/r2_curves/P045_r2_curve.png,outputs/results-E20-E24/source_originals/E21/pairwise_r2/figures/r2_curves/P045_r2_curve.png,114761,63e16a84f84366037be866eb3855e401a37b95d57937638ff345e1a791af98d2,source_result_migration,tools/replot_results_e20_e24.py,python tools/replot_results_e20_e24.py,present_in_reference_tree,rebuild_from_code
results-E20-E24/source_originals/E21/pairwise_r2/figures/r2_curves/P046_r2_curve.pdf,outputs/results-E20-E24/source_originals/E21/pairwise_r2/figures/r2_curves/P046_r2_curve.pdf,19624,60f3f7bd7bdf1c402a06a5f7749a0dd1d89a60f8b9bec658428cb861c605018a,source_result_migration,tools/replot_results_e20_e24.py,python tools/replot_results_e20_e24.py,present_in_reference_tree,rebuild_from_code
results-E20-E24/source_originals/E21/pairwise_r2/figures/r2_curves/P046_r2_curve.png,outputs/results-E20-E24/source_originals/E21/pairwise_r2/figures/r2_curves/P046_r2_curve.png,113606,170c9355c1c08b9636da83773b2c3c414b5dcf3c955159739e12ffd183dfbfc7,source_result_migration,tools/replot_results_e20_e24.py,python tools/replot_results_e20_e24.py,present_in_reference_tree,rebuild_from_code
results-E20-E24/source_originals/E21/pairwise_r2/figures/r2_curves/P047_r2_curve.pdf,outputs/results-E20-E24/source_originals/E21/pairwise_r2/figures/r2_curves/P047_r2_curve.pdf,19358,fd63a0346a514bcbb7b2dfa323df716e7be43bde9a2286bd34596bd8b027618a,source_result_migration,tools/replot_results_e20_e24.py,python tools/replot_results_e20_e24.py,present_in_reference_tree,rebuild_from_code
results-E20-E24/source_originals/E21/pairwise_r2/figures/r2_curves/P047_r2_curve.png,outputs/results-E20-E24/source_originals/E21/pairwise_r2/figures/r2_curves/P047_r2_curve.png,106680,a18f64ccda0daacc5109ff73adba3c5d31d4e672161ffba247d65593105cda9c,source_result_migration,tools/replot_results_e20_e24.py,python tools/replot_results_e20_e24.py,present_in_reference_tree,rebuild_from_code
results-E20-E24/source_originals/E21/pairwise_r2/figures/r2_curves/P048_r2_curve.pdf,outputs/results-E20-E24/source_originals/E21/pairwise_r2/figures/r2_curves/P048_r2_curve.pdf,18738,e4c2525ab26b4519771185a7d426a6a217a11d95db613366f6e96daf5e7b9b8f,source_result_migration,tools/replot_results_e20_e24.py,python tools/replot_results_e20_e24.py,present_in_reference_tree,rebuild_from_code
results-E20-E24/source_originals/E21/pairwise_r2/figures/r2_curves/P048_r2_curve.png,outputs/results-E20-E24/source_originals/E21/pairwise_r2/figures/r2_curves/P048_r2_curve.png,115636,053fd48837cc5e511a31d89c26bd0cd1c7c006b05211430d6a200e381034f419,source_result_migration,tools/replot_results_e20_e24.py,python tools/replot_results_e20_e24.py,present_in_reference_tree,rebuild_from_code
results-E20-E24/source_originals/E21/pairwise_r2/figures/r2_curves/P049_r2_curve.pdf,outputs/results-E20-E24/source_originals/E21/pairwise_r2/figures/r2_curves/P049_r2_curve.pdf,18547,6b6934657bfce670706a1c66c3513e9a7c41807e1fedfcbb036a4a82a95bac35,source_result_migration,tools/replot_results_e20_e24.py,python tools/replot_results_e20_e24.py,present_in_reference_tree,rebuild_from_code
results-E20-E24/source_originals/E21/pairwise_r2/figures/r2_curves/P049_r2_curve.png,outputs/results-E20-E24/source_originals/E21/pairwise_r2/figures/r2_curves/P049_r2_curve.png,112829,723dd18e06f9326302f01c4d7b25e39e568bc77546d7b05515dc389ca2122a4a,source_result_migration,tools/replot_results_e20_e24.py,python tools/replot_results_e20_e24.py,present_in_reference_tree,rebuild_from_code
results-E20-E24/source_originals/E21/pairwise_r2/figures/r2_curves/P050_r2_curve.pdf,outputs/results-E20-E24/source_originals/E21/pairwise_r2/figures/r2_curves/P050_r2_curve.pdf,18957,2d189a77bfddf557cf96063c2b8e736a891d709d4017450b245695d947cc30a4,source_result_migration,tools/replot_results_e20_e24.py,python tools/replot_results_e20_e24.py,present_in_reference_tree,rebuild_from_code
results-E20-E24/source_originals/E21/pairwise_r2/figures/r2_curves/P050_r2_curve.png,outputs/results-E20-E24/source_originals/E21/pairwise_r2/figures/r2_curves/P050_r2_curve.png,112092,b86521e0ede597b0668d965487caf56d2d1f13d82ca98f7ce4166d155b7761be,source_result_migration,tools/replot_results_e20_e24.py,python tools/replot_results_e20_e24.py,present_in_reference_tree,rebuild_from_code
results-E20-E24/source_originals/E21/pairwise_r2/figures/r2_curves/P051_r2_curve.pdf,outputs/results-E20-E24/source_originals/E21/pairwise_r2/figures/r2_curves/P051_r2_curve.pdf,17549,2dbc5bc7e063aba4e9f71194d30c08ac9d67213fc080a32a7bd4b3a91567c494,source_result_migration,tools/replot_results_e20_e24.py,python tools/replot_results_e20_e24.py,present_in_reference_tree,rebuild_from_code
results-E20-E24/source_originals/E21/pairwise_r2/figures/r2_curves/P051_r2_curve.png,outputs/results-E20-E24/source_originals/E21/pairwise_r2/figures/r2_curves/P051_r2_curve.png,108416,ac1121a2ce1ce031bac8ebb4f8400a1a812de904f877b76ef71be2b33dca8b7a,source_result_migration,tools/replot_results_e20_e24.py,python tools/replot_results_e20_e24.py,present_in_reference_tree,rebuild_from_code
results-E20-E24/source_originals/E21/pairwise_r2/figures/r2_curves/P052_r2_curve.pdf,outputs/results-E20-E24/source_originals/E21/pairwise_r2/figures/r2_curves/P052_r2_curve.pdf,18149,a1a5a1ec4e53be1cb4d6e5e96e17099837aa889c797f2e5192d76cda3aae01c2,source_result_migration,tools/replot_results_e20_e24.py,python tools/replot_results_e20_e24.py,present_in_reference_tree,rebuild_from_code
results-E20-E24/source_originals/E21/pairwise_r2/figures/r2_curves/P052_r2_curve.png,outputs/results-E20-E24/source_originals/E21/pairwise_r2/figures/r2_curves/P052_r2_curve.png,112357,d189abf7760575fbd3752625082131146e18f0ca16278c4c2fa8cf0e1c30a61b,source_result_migration,tools/replot_results_e20_e24.py,python tools/replot_results_e20_e24.py,present_in_reference_tree,rebuild_from_code
results-E20-E24/source_originals/E21/pairwise_r2/figures/r2_curves/P053_r2_curve.pdf,outputs/results-E20-E24/source_originals/E21/pairwise_r2/figures/r2_curves/P053_r2_curve.pdf,17724,ea35beda7ce046683d02e5506bf9e8efa7a6206bcf582ced0a1300d94b482506,source_result_migration,tools/replot_results_e20_e24.py,python tools/replot_results_e20_e24.py,present_in_reference_tree,rebuild_from_code
results-E20-E24/source_originals/E21/pairwise_r2/figures/r2_curves/P053_r2_curve.png,outputs/results-E20-E24/source_originals/E21/pairwise_r2/figures/r2_curves/P053_r2_curve.png,110176,c74c5199b50bf2b0382f9e69ae0f104b4447b44dc89bb56eb6bfa24e4b42dc4e,source_result_migration,tools/replot_results_e20_e24.py,python tools/replot_results_e20_e24.py,present_in_reference_tree,rebuild_from_code
results-E20-E24/source_originals/E21/pairwise_r2/figures/r2_curves/P054_r2_curve.pdf,outputs/results-E20-E24/source_originals/E21/pairwise_r2/figures/r2_curves/P054_r2_curve.pdf,18336,e78d819132e8b066c4f06e1937b2332bf26c29ccf8d79662326eee71fd2489ec,source_result_migration,tools/replot_results_e20_e24.py,python tools/replot_results_e20_e24.py,present_in_reference_tree,rebuild_from_code
results-E20-E24/source_originals/E21/pairwise_r2/figures/r2_curves/P054_r2_curve.png,outputs/results-E20-E24/source_originals/E21/pairwise_r2/figures/r2_curves/P054_r2_curve.png,110597,5df5e1bc9fb68febf84409bc3e9bc852a08bf6ed45bf779bd21e7e75ebd82b62,source_result_migration,tools/replot_results_e20_e24.py,python tools/replot_results_e20_e24.py,present_in_reference_tree,rebuild_from_code
results-E20-E24/source_originals/E21/pairwise_r2/figures/r2_curves/P055_r2_curve.pdf,outputs/results-E20-E24/source_originals/E21/pairwise_r2/figures/r2_curves/P055_r2_curve.pdf,18261,6b39514de3f156a667296f8c5073cec4fe5a01962b7ab249fd63cc89c8923abd,source_result_migration,tools/replot_results_e20_e24.py,python tools/replot_results_e20_e24.py,present_in_reference_tree,rebuild_from_code
results-E20-E24/source_originals/E21/pairwise_r2/figures/r2_curves/P055_r2_curve.png,outputs/results-E20-E24/source_originals/E21/pairwise_r2/figures/r2_curves/P055_r2_curve.png,112729,338ad1dab6174666a823c59842878cba9454b80d716409bd9051ecab5152e104,source_result_migration,tools/replot_results_e20_e24.py,python tools/replot_results_e20_e24.py,present_in_reference_tree,rebuild_from_code
results-E20-E24/source_originals/E21/pairwise_r2/figures/r2_curves/P056_r2_curve.pdf,outputs/results-E20-E24/source_originals/E21/pairwise_r2/figures/r2_curves/P056_r2_curve.pdf,18457,b41e8f5d20b662085446e686901728da03381a88c920a70d0261749812e6316a,source_result_migration,tools/replot_results_e20_e24.py,python tools/replot_results_e20_e24.py,present_in_reference_tree,rebuild_from_code
results-E20-E24/source_originals/E21/pairwise_r2/figures/r2_curves/P056_r2_curve.png,outputs/results-E20-E24/source_originals/E21/pairwise_r2/figures/r2_curves/P056_r2_curve.png,107534,e6d5bccf09285bc769cc683f379ae53c06f8d7d9c6aed986adb00b416d997494,source_result_migration,tools/replot_results_e20_e24.py,python tools/replot_results_e20_e24.py,present_in_reference_tree,rebuild_from_code
results-E20-E24/source_originals/E21/pairwise_r2/figures/r2_curves/P057_r2_curve.pdf,outputs/results-E20-E24/source_originals/E21/pairwise_r2/figures/r2_curves/P057_r2_curve.pdf,17993,c2d0208f437cc0175bf75048f954d71faecffa8cbffe7c6acf4974ab4e3d1cda,source_result_migration,tools/replot_results_e20_e24.py,python tools/replot_results_e20_e24.py,present_in_reference_tree,rebuild_from_code
results-E20-E24/source_originals/E21/pairwise_r2/figures/r2_curves/P057_r2_curve.png,outputs/results-E20-E24/source_originals/E21/pairwise_r2/figures/r2_curves/P057_r2_curve.png,109460,dab4b330f488da96070491a37da8d826e1a28bf600c53af658c763a166783176,source_result_migration,tools/replot_results_e20_e24.py,python tools/replot_results_e20_e24.py,present_in_reference_tree,rebuild_from_code
results-E20-E24/source_originals/E21/pairwise_r2/figures/r2_curves/P058_r2_curve.pdf,outputs/results-E20-E24/source_originals/E21/pairwise_r2/figures/r2_curves/P058_r2_curve.pdf,17565,fe95431c431e125459df6626304804969e14af5b0854110d2799b4975e9753cc,source_result_migration,tools/replot_results_e20_e24.py,python tools/replot_results_e20_e24.py,present_in_reference_tree,rebuild_from_code
results-E20-E24/source_originals/E21/pairwise_r2/figures/r2_curves/P058_r2_curve.png,outputs/results-E20-E24/source_originals/E21/pairwise_r2/figures/r2_curves/P058_r2_curve.png,110593,276091d3785575974c3ff86af3d7796bee52c3572bb8685858542c4680e4c77b,source_result_migration,tools/replot_results_e20_e24.py,python tools/replot_results_e20_e24.py,present_in_reference_tree,rebuild_from_code
results-E20-E24/source_originals/E21/pairwise_r2/figures/r2_curves/P059_r2_curve.pdf,outputs/results-E20-E24/source_originals/E21/pairwise_r2/figures/r2_curves/P059_r2_curve.pdf,17976,333fe666fbb215526962e0780dc2807ec9f663cf5d399813dc16018140cc9c39,source_result_migration,tools/replot_results_e20_e24.py,python tools/replot_results_e20_e24.py,present_in_reference_tree,rebuild_from_code
results-E20-E24/source_originals/E21/pairwise_r2/figures/r2_curves/P059_r2_curve.png,outputs/results-E20-E24/source_originals/E21/pairwise_r2/figures/r2_curves/P059_r2_curve.png,110669,c7cbe9e123e518120b89599a5683c57defed9b08a52fcc4056e18b264431e824,source_result_migration,tools/replot_results_e20_e24.py,python tools/replot_results_e20_e24.py,present_in_reference_tree,rebuild_from_code
results-E20-E24/source_originals/E21/pairwise_r2/figures/r2_curves/P060_r2_curve.pdf,outputs/results-E20-E24/source_originals/E21/pairwise_r2/figures/r2_curves/P060_r2_curve.pdf,18226,b1e28c224a73a6558f69cc68c9887ef616dc520df8e6d0ed73dfd77c9d38ee31,source_result_migration,tools/replot_results_e20_e24.py,python tools/replot_results_e20_e24.py,present_in_reference_tree,rebuild_from_code
results-E20-E24/source_originals/E21/pairwise_r2/figures/r2_curves/P060_r2_curve.png,outputs/results-E20-E24/source_originals/E21/pairwise_r2/figures/r2_curves/P060_r2_curve.png,108518,abf4d8d3d6855046efc442e52167639362b52e652556d612030ad2df467c6f26,source_result_migration,tools/replot_results_e20_e24.py,python tools/replot_results_e20_e24.py,present_in_reference_tree,rebuild_from_code
results-E20-E24/source_originals/E21/pairwise_r2/figures/r2_curves/P061_r2_curve.pdf,outputs/results-E20-E24/source_originals/E21/pairwise_r2/figures/r2_curves/P061_r2_curve.pdf,18794,e57e99e8694adb7864573b35df0340efb5102f25ec75ac21e76f311f76ec876c,source_result_migration,tools/replot_results_e20_e24.py,python tools/replot_results_e20_e24.py,present_in_reference_tree,rebuild_from_code
results-E20-E24/source_originals/E21/pairwise_r2/figures/r2_curves/P061_r2_curve.png,outputs/results-E20-E24/source_originals/E21/pairwise_r2/figures/r2_curves/P061_r2_curve.png,111405,a291e8a0587edd66500d0edb6ca5c580a99350fdf7fbbe7e98a09753d0d2f3ae,source_result_migration,tools/replot_results_e20_e24.py,python tools/replot_results_e20_e24.py,present_in_reference_tree,rebuild_from_code
results-E20-E24/source_originals/E21/pairwise_r2/figures/r2_curves/P062_r2_curve.pdf,outputs/results-E20-E24/source_originals/E21/pairwise_r2/figures/r2_curves/P062_r2_curve.pdf,17824,c8e2317819de00255a9f5ef1bdb398fe4b4d649c94696de131959f041f49f56a,source_result_migration,tools/replot_results_e20_e24.py,python tools/replot_results_e20_e24.py,present_in_reference_tree,rebuild_from_code
results-E20-E24/source_originals/E21/pairwise_r2/figures/r2_curves/P062_r2_curve.png,outputs/results-E20-E24/source_originals/E21/pairwise_r2/figures/r2_curves/P062_r2_curve.png,113597,5a85e547a7ab508cab09fcc1831652985a9051f783c19459244d577a2b373fa5,source_result_migration,tools/replot_results_e20_e24.py,python tools/replot_results_e20_e24.py,present_in_reference_tree,rebuild_from_code
results-E20-E24/source_originals/E21/pairwise_r2/figures/r2_curves/P063_r2_curve.pdf,outputs/results-E20-E24/source_originals/E21/pairwise_r2/figures/r2_curves/P063_r2_curve.pdf,18708,bceac215d0d47d2cf6229a0088c257cc1a3f2afe31bfb95df01527a9a5b08abd,source_result_migration,tools/replot_results_e20_e24.py,python tools/replot_results_e20_e24.py,present_in_reference_tree,rebuild_from_code
results-E20-E24/source_originals/E21/pairwise_r2/figures/r2_curves/P063_r2_curve.png,outputs/results-E20-E24/source_originals/E21/pairwise_r2/figures/r2_curves/P063_r2_curve.png,111737,2f145629c9a6767c7d0eef3aeb19f7042dc2c864711ac3bf249f0b3cafec4632,source_result_migration,tools/replot_results_e20_e24.py,python tools/replot_results_e20_e24.py,present_in_reference_tree,rebuild_from_code
results-E20-E24/source_originals/E21/pairwise_r2/figures/r2_curves/P064_r2_curve.pdf,outputs/results-E20-E24/source_originals/E21/pairwise_r2/figures/r2_curves/P064_r2_curve.pdf,18800,caf432c336d8374b027540b26797cbd2f7f77ee7da68b6bc5c6bf318c717d17e,source_result_migration,tools/replot_results_e20_e24.py,python tools/replot_results_e20_e24.py,present_in_reference_tree,rebuild_from_code
results-E20-E24/source_originals/E21/pairwise_r2/figures/r2_curves/P064_r2_curve.png,outputs/results-E20-E24/source_originals/E21/pairwise_r2/figures/r2_curves/P064_r2_curve.png,114040,fb70dc30d1014766edcfe263075770e8ead0c4400bbdd554dea7112a84ffc921,source_result_migration,tools/replot_results_e20_e24.py,python tools/replot_results_e20_e24.py,present_in_reference_tree,rebuild_from_code
results-E20-E24/source_originals/E21/pairwise_r2/figures/r2_curves/P065_r2_curve.pdf,outputs/results-E20-E24/source_originals/E21/pairwise_r2/figures/r2_curves/P065_r2_curve.pdf,18623,56d2528c3ed15ec8b558fadf2d98801c78b1eb374dc19a8f581451a979d207a5,source_result_migration,tools/replot_results_e20_e24.py,python tools/replot_results_e20_e24.py,present_in_reference_tree,rebuild_from_code
results-E20-E24/source_originals/E21/pairwise_r2/figures/r2_curves/P065_r2_curve.png,outputs/results-E20-E24/source_originals/E21/pairwise_r2/figures/r2_curves/P065_r2_curve.png,112828,92d57e409a98f0c961d1d8764120c5508e8681fc96d524b44d26eb078353e769,source_result_migration,tools/replot_results_e20_e24.py,python tools/replot_results_e20_e24.py,present_in_reference_tree,rebuild_from_code
results-E20-E24/source_originals/E21/pairwise_r2/figures/r2_curves/P066_r2_curve.pdf,outputs/results-E20-E24/source_originals/E21/pairwise_r2/figures/r2_curves/P066_r2_curve.pdf,18173,6fbb668f33dcb2fd9c01775ca2cfad5ac8b9d11e2286b3fd5b42de16f468c52c,source_result_migration,tools/replot_results_e20_e24.py,python tools/replot_results_e20_e24.py,present_in_reference_tree,rebuild_from_code
results-E20-E24/source_originals/E21/pairwise_r2/figures/r2_curves/P066_r2_curve.png,outputs/results-E20-E24/source_originals/E21/pairwise_r2/figures/r2_curves/P066_r2_curve.png,114141,994e116b959b7c9add5cbe60386004ab07a2b9119dd5beb92a6a3aaa792918a5,source_result_migration,tools/replot_results_e20_e24.py,python tools/replot_results_e20_e24.py,present_in_reference_tree,rebuild_from_code
results-E20-E24/source_originals/E21/pairwise_r2/figures/r2_curves/P067_r2_curve.pdf,outputs/results-E20-E24/source_originals/E21/pairwise_r2/figures/r2_curves/P067_r2_curve.pdf,18564,e2507f16f5949695ff89863ca5bcc3b976481d2fc0f6855f3540d47d7dd8efa4,source_result_migration,tools/replot_results_e20_e24.py,python tools/replot_results_e20_e24.py,present_in_reference_tree,rebuild_from_code
results-E20-E24/source_originals/E21/pairwise_r2/figures/r2_curves/P067_r2_curve.png,outputs/results-E20-E24/source_originals/E21/pairwise_r2/figures/r2_curves/P067_r2_curve.png,111628,a58186b1d83e05a144d04f11d1a8ff76bda00803d6abb2a5501d72603e4fc4aa,source_result_migration,tools/replot_results_e20_e24.py,python tools/replot_results_e20_e24.py,present_in_reference_tree,rebuild_from_code
results-E20-E24/source_originals/E21/pairwise_r2/figures/r2_curves/P068_r2_curve.pdf,outputs/results-E20-E24/source_originals/E21/pairwise_r2/figures/r2_curves/P068_r2_curve.pdf,17892,5a15f279d96a251a187afd1f0e8a3b855ecbe3ab25d6abfa364d40752c001f10,source_result_migration,tools/replot_results_e20_e24.py,python tools/replot_results_e20_e24.py,present_in_reference_tree,rebuild_from_code
results-E20-E24/source_originals/E21/pairwise_r2/figures/r2_curves/P068_r2_curve.png,outputs/results-E20-E24/source_originals/E21/pairwise_r2/figures/r2_curves/P068_r2_curve.png,113957,07488786dc6ee2806b1ef1437fca9e282745fbe289a5df6e9cf0e2229c851d7d,source_result_migration,tools/replot_results_e20_e24.py,python tools/replot_results_e20_e24.py,present_in_reference_tree,rebuild_from_code
results-E20-E24/source_originals/E21/pairwise_r2/figures/r2_curves/P069_r2_curve.pdf,outputs/results-E20-E24/source_originals/E21/pairwise_r2/figures/r2_curves/P069_r2_curve.pdf,18590,3af9efd1269a16bcb2c785e25371913df6eca1ffc2020e63ad184cafc5f36a0d,source_result_migration,tools/replot_results_e20_e24.py,python tools/replot_results_e20_e24.py,present_in_reference_tree,rebuild_from_code
results-E20-E24/source_originals/E21/pairwise_r2/figures/r2_curves/P069_r2_curve.png,outputs/results-E20-E24/source_originals/E21/pairwise_r2/figures/r2_curves/P069_r2_curve.png,114288,02ed40e32173a6414e149b3de06a123ec932302be673cbcb12f30eb7b05915af,source_result_migration,tools/replot_results_e20_e24.py,python tools/replot_results_e20_e24.py,present_in_reference_tree,rebuild_from_code
results-E20-E24/source_originals/E21/pairwise_r2/figures/r2_curves/P070_r2_curve.pdf,outputs/results-E20-E24/source_originals/E21/pairwise_r2/figures/r2_curves/P070_r2_curve.pdf,18602,ac3a559b57c07ea8264307913f76b2b89cd7bbc514ce480bed720be6585c5b97,source_result_migration,tools/replot_results_e20_e24.py,python tools/replot_results_e20_e24.py,present_in_reference_tree,rebuild_from_code
results-E20-E24/source_originals/E21/pairwise_r2/figures/r2_curves/P070_r2_curve.png,outputs/results-E20-E24/source_originals/E21/pairwise_r2/figures/r2_curves/P070_r2_curve.png,115478,6a4e8984a9e0cd789ba6f3bcd91f2d0c343bb5e4d440a4040c063a6823c7fd65,source_result_migration,tools/replot_results_e20_e24.py,python tools/replot_results_e20_e24.py,present_in_reference_tree,rebuild_from_code
results-E20-E24/source_originals/E21/pairwise_r2/figures/r2_curves/P071_r2_curve.pdf,outputs/results-E20-E24/source_originals/E21/pairwise_r2/figures/r2_curves/P071_r2_curve.pdf,19225,e5b34c0fea70f0a6d4848030e1461c3f35b0688d9e1b18481020962ac8a6a42f,source_result_migration,tools/replot_results_e20_e24.py,python tools/replot_results_e20_e24.py,present_in_reference_tree,rebuild_from_code
results-E20-E24/source_originals/E21/pairwise_r2/figures/r2_curves/P071_r2_curve.png,outputs/results-E20-E24/source_originals/E21/pairwise_r2/figures/r2_curves/P071_r2_curve.png,112773,4ba34d24db5be5d2d5e34c1c1515f4b95b24be1f053e190f07af9210706a2b43,source_result_migration,tools/replot_results_e20_e24.py,python tools/replot_results_e20_e24.py,present_in_reference_tree,rebuild_from_code
results-E20-E24/source_originals/E21/pairwise_r2/figures/r2_curves/P072_r2_curve.pdf,outputs/results-E20-E24/source_originals/E21/pairwise_r2/figures/r2_curves/P072_r2_curve.pdf,19582,9cccddba2acc367f068bf3f4d55ffc8cfb2ffac0484516cb40baaf2fdd091a11,source_result_migration,tools/replot_results_e20_e24.py,python tools/replot_results_e20_e24.py,present_in_reference_tree,rebuild_from_code
results-E20-E24/source_originals/E21/pairwise_r2/figures/r2_curves/P072_r2_curve.png,outputs/results-E20-E24/source_originals/E21/pairwise_r2/figures/r2_curves/P072_r2_curve.png,118853,73f4465334ae47ba6c5c081cb19cefd9bc03d220e2ca80fb21f622e7e493e9d6,source_result_migration,tools/replot_results_e20_e24.py,python tools/replot_results_e20_e24.py,present_in_reference_tree,rebuild_from_code
results-E20-E24/source_originals/E21/pairwise_r2/figures/r2_curves/P073_r2_curve.pdf,outputs/results-E20-E24/source_originals/E21/pairwise_r2/figures/r2_curves/P073_r2_curve.pdf,19598,bab01cdd8ceee6f485fe3d1764e27ef7e09984f50caf652297a9b3358e387f67,source_result_migration,tools/replot_results_e20_e24.py,python tools/replot_results_e20_e24.py,present_in_reference_tree,rebuild_from_code
results-E20-E24/source_originals/E21/pairwise_r2/figures/r2_curves/P073_r2_curve.png,outputs/results-E20-E24/source_originals/E21/pairwise_r2/figures/r2_curves/P073_r2_curve.png,113735,d06546ca69c0710ccb0224f0fdb20cb65c28d78e4604a1cbd555c5f70aac3b81,source_result_migration,tools/replot_results_e20_e24.py,python tools/replot_results_e20_e24.py,present_in_reference_tree,rebuild_from_code
results-E20-E24/source_originals/E21/pairwise_r2/figures/r2_curves/P074_r2_curve.pdf,outputs/results-E20-E24/source_originals/E21/pairwise_r2/figures/r2_curves/P074_r2_curve.pdf,19155,7f7f14acf844d3ccc5b5810a5d5e2eff1b23525e831b6b56a324d02ea0f35829,source_result_migration,tools/replot_results_e20_e24.py,python tools/replot_results_e20_e24.py,present_in_reference_tree,rebuild_from_code
results-E20-E24/source_originals/E21/pairwise_r2/figures/r2_curves/P074_r2_curve.png,outputs/results-E20-E24/source_originals/E21/pairwise_r2/figures/r2_curves/P074_r2_curve.png,112649,ba93f2610cc9f1df0adc2655ad5a2f84655de4648cc7e70524a0b349132b4109,source_result_migration,tools/replot_results_e20_e24.py,python tools/replot_results_e20_e24.py,present_in_reference_tree,rebuild_from_code
results-E20-E24/source_originals/E21/pairwise_r2/figures/r2_curves/P075_r2_curve.pdf,outputs/results-E20-E24/source_originals/E21/pairwise_r2/figures/r2_curves/P075_r2_curve.pdf,18710,1586f9a0562cb4445d210ff5d32ffc965e51d4ed96f3a45d08599dd36815f0ec,source_result_migration,tools/replot_results_e20_e24.py,python tools/replot_results_e20_e24.py,present_in_reference_tree,rebuild_from_code
results-E20-E24/source_originals/E21/pairwise_r2/figures/r2_curves/P075_r2_curve.png,outputs/results-E20-E24/source_originals/E21/pairwise_r2/figures/r2_curves/P075_r2_curve.png,115595,68dfd0fe34813721e3ca5fb8ea3dfe67c0464ea1abb99f58b3aea295c79ec264,source_result_migration,tools/replot_results_e20_e24.py,python tools/replot_results_e20_e24.py,present_in_reference_tree,rebuild_from_code
results-E20-E24/source_originals/E21/pairwise_r2/figures/r2_curves/P076_r2_curve.pdf,outputs/results-E20-E24/source_originals/E21/pairwise_r2/figures/r2_curves/P076_r2_curve.pdf,18519,ec23e684b7a8361ec05e769a8ba64c430e07c675d711bbf937b78d59af5dd52e,source_result_migration,tools/replot_results_e20_e24.py,python tools/replot_results_e20_e24.py,present_in_reference_tree,rebuild_from_code
results-E20-E24/source_originals/E21/pairwise_r2/figures/r2_curves/P076_r2_curve.png,outputs/results-E20-E24/source_originals/E21/pairwise_r2/figures/r2_curves/P076_r2_curve.png,110886,7049408e0fbfefc01183bae8c0033b89b3d8bd4436ef053391ef9853944f4f75,source_result_migration,tools/replot_results_e20_e24.py,python tools/replot_results_e20_e24.py,present_in_reference_tree,rebuild_from_code
results-E20-E24/source_originals/E21/pairwise_r2/figures/r2_curves/P077_r2_curve.pdf,outputs/results-E20-E24/source_originals/E21/pairwise_r2/figures/r2_curves/P077_r2_curve.pdf,18923,8f8e5d43f716767252375cf2ef5e0cfcb2bf97786887a44da9898e83366f9a9a,source_result_migration,tools/replot_results_e20_e24.py,python tools/replot_results_e20_e24.py,present_in_reference_tree,rebuild_from_code
results-E20-E24/source_originals/E21/pairwise_r2/figures/r2_curves/P077_r2_curve.png,outputs/results-E20-E24/source_originals/E21/pairwise_r2/figures/r2_curves/P077_r2_curve.png,114032,8d10673178b59008919f581c7209fdcc041485e2066ab49aa0beb90801fb8b00,source_result_migration,tools/replot_results_e20_e24.py,python tools/replot_results_e20_e24.py,present_in_reference_tree,rebuild_from_code
results-E20-E24/source_originals/E21/pairwise_r2/figures/r2_curves/P078_r2_curve.pdf,outputs/results-E20-E24/source_originals/E21/pairwise_r2/figures/r2_curves/P078_r2_curve.pdf,18346,366d0124af8133d889cf2050c543840580633e5e23a2ed852914ea6cae1f22da,source_result_migration,tools/replot_results_e20_e24.py,python tools/replot_results_e20_e24.py,present_in_reference_tree,rebuild_from_code
results-E20-E24/source_originals/E21/pairwise_r2/figures/r2_curves/P078_r2_curve.png,outputs/results-E20-E24/source_originals/E21/pairwise_r2/figures/r2_curves/P078_r2_curve.png,112338,bee1d9a2a3d667dfd87bc34c325178a80513f777f81c865c6b38ccde235793a5,source_result_migration,tools/replot_results_e20_e24.py,python tools/replot_results_e20_e24.py,present_in_reference_tree,rebuild_from_code
results-E20-E24/source_originals/E21/pairwise_r2/figures/r2_curves/P079_r2_curve.pdf,outputs/results-E20-E24/source_originals/E21/pairwise_r2/figures/r2_curves/P079_r2_curve.pdf,18708,71b6c7c7ec725e8800152c82c8f263f928ad9a513122c3bb741ee9ec3fb9f49c,source_result_migration,tools/replot_results_e20_e24.py,python tools/replot_results_e20_e24.py,present_in_reference_tree,rebuild_from_code
results-E20-E24/source_originals/E21/pairwise_r2/figures/r2_curves/P079_r2_curve.png,outputs/results-E20-E24/source_originals/E21/pairwise_r2/figures/r2_curves/P079_r2_curve.png,109947,cea1122567299db710ceb6385ad09d7ecc0fc227fcb0762ba1dd1629d67a2831,source_result_migration,tools/replot_results_e20_e24.py,python tools/replot_results_e20_e24.py,present_in_reference_tree,rebuild_from_code
results-E20-E24/source_originals/E21/pairwise_r2/figures/r2_curves/P080_r2_curve.pdf,outputs/results-E20-E24/source_originals/E21/pairwise_r2/figures/r2_curves/P080_r2_curve.pdf,18534,9da114d63230ead8b5a17a469b70d79870d38223010b6c91c7dfe86c4a178e19,source_result_migration,tools/replot_results_e20_e24.py,python tools/replot_results_e20_e24.py,present_in_reference_tree,rebuild_from_code
results-E20-E24/source_originals/E21/pairwise_r2/figures/r2_curves/P080_r2_curve.png,outputs/results-E20-E24/source_originals/E21/pairwise_r2/figures/r2_curves/P080_r2_curve.png,118132,bcbfdf6d85b91cfa2ca6c9c98c43913e1d3286b51b1ebf1eea0e5462f360eaf1,source_result_migration,tools/replot_results_e20_e24.py,python tools/replot_results_e20_e24.py,present_in_reference_tree,rebuild_from_code
results-E20-E24/source_originals/E21/pairwise_r2/figures/r2_curves/P081_r2_curve.pdf,outputs/results-E20-E24/source_originals/E21/pairwise_r2/figures/r2_curves/P081_r2_curve.pdf,18532,9cb4371553efb3d12c558eae4ee0666199eaea5b5279d23e179683bf72f6229d,source_result_migration,tools/replot_results_e20_e24.py,python tools/replot_results_e20_e24.py,present_in_reference_tree,rebuild_from_code
results-E20-E24/source_originals/E21/pairwise_r2/figures/r2_curves/P081_r2_curve.png,outputs/results-E20-E24/source_originals/E21/pairwise_r2/figures/r2_curves/P081_r2_curve.png,113411,c0bd35b0d3769c0fb3a44226abb83bd8f139cbf343105596ba711b07c70ad6d9,source_result_migration,tools/replot_results_e20_e24.py,python tools/replot_results_e20_e24.py,present_in_reference_tree,rebuild_from_code
results-E20-E24/source_originals/E21/pairwise_r2/figures/r2_curves/P082_r2_curve.pdf,outputs/results-E20-E24/source_originals/E21/pairwise_r2/figures/r2_curves/P082_r2_curve.pdf,17669,8a0dc8a213dacb46c353c5264eda6d427c2d014c82c2217642449639bc0ad676,source_result_migration,tools/replot_results_e20_e24.py,python tools/replot_results_e20_e24.py,present_in_reference_tree,rebuild_from_code
results-E20-E24/source_originals/E21/pairwise_r2/figures/r2_curves/P082_r2_curve.png,outputs/results-E20-E24/source_originals/E21/pairwise_r2/figures/r2_curves/P082_r2_curve.png,111746,140897e2810666a9fd2d1d464fa0dfb968ce36de920037d6986b76ba78c9a791,source_result_migration,tools/replot_results_e20_e24.py,python tools/replot_results_e20_e24.py,present_in_reference_tree,rebuild_from_code
results-E20-E24/source_originals/E21/pairwise_r2/figures/r2_curves/P083_r2_curve.pdf,outputs/results-E20-E24/source_originals/E21/pairwise_r2/figures/r2_curves/P083_r2_curve.pdf,18254,155180ddff60f02cb3dad06e6fe0b9893eec3ffdf002444c382362665ef3f84c,source_result_migration,tools/replot_results_e20_e24.py,python tools/replot_results_e20_e24.py,present_in_reference_tree,rebuild_from_code
results-E20-E24/source_originals/E21/pairwise_r2/figures/r2_curves/P083_r2_curve.png,outputs/results-E20-E24/source_originals/E21/pairwise_r2/figures/r2_curves/P083_r2_curve.png,110561,3634947309016a528f78e4850f00397f14c225fb7eb36e60eb187555d6eb3f05,source_result_migration,tools/replot_results_e20_e24.py,python tools/replot_results_e20_e24.py,present_in_reference_tree,rebuild_from_code
results-E20-E24/source_originals/E21/pairwise_r2/figures/r2_curves/P084_r2_curve.pdf,outputs/results-E20-E24/source_originals/E21/pairwise_r2/figures/r2_curves/P084_r2_curve.pdf,18226,65c614e21bc282a32d9ca2157c14b4bc6924f510d0a9020a759488a83dbd42af,source_result_migration,tools/replot_results_e20_e24.py,python tools/replot_results_e20_e24.py,present_in_reference_tree,rebuild_from_code
results-E20-E24/source_originals/E21/pairwise_r2/figures/r2_curves/P084_r2_curve.png,outputs/results-E20-E24/source_originals/E21/pairwise_r2/figures/r2_curves/P084_r2_curve.png,114547,cb8d3ec71763b20d0ea1468c8f78cb4a92638324bac14e2414aab5e10407b8bd,source_result_migration,tools/replot_results_e20_e24.py,python tools/replot_results_e20_e24.py,present_in_reference_tree,rebuild_from_code
results-E20-E24/source_originals/E21/pairwise_r2/figures/r2_curves/P085_r2_curve.pdf,outputs/results-E20-E24/source_originals/E21/pairwise_r2/figures/r2_curves/P085_r2_curve.pdf,19599,7a1c674416795b2c23e2ac6a43ef32e8781a4d620c51540330f07c4891df7c25,source_result_migration,tools/replot_results_e20_e24.py,python tools/replot_results_e20_e24.py,present_in_reference_tree,rebuild_from_code
results-E20-E24/source_originals/E21/pairwise_r2/figures/r2_curves/P085_r2_curve.png,outputs/results-E20-E24/source_originals/E21/pairwise_r2/figures/r2_curves/P085_r2_curve.png,113260,67a125a326c4c740ca2297fd866cf121c0cc49430f64fecc68ab7a42ff1a6500,source_result_migration,tools/replot_results_e20_e24.py,python tools/replot_results_e20_e24.py,present_in_reference_tree,rebuild_from_code
results-E20-E24/source_originals/E21/pairwise_r2/figures/r2_curves/P086_r2_curve.pdf,outputs/results-E20-E24/source_originals/E21/pairwise_r2/figures/r2_curves/P086_r2_curve.pdf,19159,013b970d4c2de8b8ecacb9be40b392e9bf9fb629a65719b7f30534103b975244,source_result_migration,tools/replot_results_e20_e24.py,python tools/replot_results_e20_e24.py,present_in_reference_tree,rebuild_from_code
results-E20-E24/source_originals/E21/pairwise_r2/figures/r2_curves/P086_r2_curve.png,outputs/results-E20-E24/source_originals/E21/pairwise_r2/figures/r2_curves/P086_r2_curve.png,114503,ba4338e0b4cea80105523877482ee8a472905dbf15a9e345436c934bd3a3720e,source_result_migration,tools/replot_results_e20_e24.py,python tools/replot_results_e20_e24.py,present_in_reference_tree,rebuild_from_code
results-E20-E24/source_originals/E21/pairwise_r2/figures/r2_curves/P087_r2_curve.pdf,outputs/results-E20-E24/source_originals/E21/pairwise_r2/figures/r2_curves/P087_r2_curve.pdf,18694,03214ed5d019c74bebee1cd4345b8a8b05b3dc0d5ba0ce9d9e32415d34bcbbed,source_result_migration,tools/replot_results_e20_e24.py,python tools/replot_results_e20_e24.py,present_in_reference_tree,rebuild_from_code
results-E20-E24/source_originals/E21/pairwise_r2/figures/r2_curves/P087_r2_curve.png,outputs/results-E20-E24/source_originals/E21/pairwise_r2/figures/r2_curves/P087_r2_curve.png,116199,2910ff2aefea7775b9c0c961046341020cb8d3562ae813f760718095754e1a9f,source_result_migration,tools/replot_results_e20_e24.py,python tools/replot_results_e20_e24.py,present_in_reference_tree,rebuild_from_code
results-E20-E24/source_originals/E21/pairwise_r2/figures/r2_curves/P088_r2_curve.pdf,outputs/results-E20-E24/source_originals/E21/pairwise_r2/figures/r2_curves/P088_r2_curve.pdf,18269,bd11f13246c33004ecbb0be5a93bc5bffc649c44f5f316a0220346d32a8e3a55,source_result_migration,tools/replot_results_e20_e24.py,python tools/replot_results_e20_e24.py,present_in_reference_tree,rebuild_from_code
results-E20-E24/source_originals/E21/pairwise_r2/figures/r2_curves/P088_r2_curve.png,outputs/results-E20-E24/source_originals/E21/pairwise_r2/figures/r2_curves/P088_r2_curve.png,115508,f57848480358ce9fa71231bc7f837152f0f5a8b2bc0798aedd85168de4c04f43,source_result_migration,tools/replot_results_e20_e24.py,python tools/replot_results_e20_e24.py,present_in_reference_tree,rebuild_from_code
results-E20-E24/source_originals/E21/pairwise_r2/figures/r2_curves/P089_r2_curve.pdf,outputs/results-E20-E24/source_originals/E21/pairwise_r2/figures/r2_curves/P089_r2_curve.pdf,18422,608ed45aad074823eebf88dd2254b685285d0c8747550be89816ca89034459a9,source_result_migration,tools/replot_results_e20_e24.py,python tools/replot_results_e20_e24.py,present_in_reference_tree,rebuild_from_code
results-E20-E24/source_originals/E21/pairwise_r2/figures/r2_curves/P089_r2_curve.png,outputs/results-E20-E24/source_originals/E21/pairwise_r2/figures/r2_curves/P089_r2_curve.png,110956,7f63f3f7e0fd9748598c1cc59dc3b5317f221b761a31659ad564cb814fcfe739,source_result_migration,tools/replot_results_e20_e24.py,python tools/replot_results_e20_e24.py,present_in_reference_tree,rebuild_from_code
results-E20-E24/source_originals/E21/pairwise_r2/figures/r2_curves/P090_r2_curve.pdf,outputs/results-E20-E24/source_originals/E21/pairwise_r2/figures/r2_curves/P090_r2_curve.pdf,18611,a7505e02acf248423bbdf2679626caeb72a7f7f00d346da1ac6abea29c6e6230,source_result_migration,tools/replot_results_e20_e24.py,python tools/replot_results_e20_e24.py,present_in_reference_tree,rebuild_from_code
results-E20-E24/source_originals/E21/pairwise_r2/figures/r2_curves/P090_r2_curve.png,outputs/results-E20-E24/source_originals/E21/pairwise_r2/figures/r2_curves/P090_r2_curve.png,111806,04af523e71673d790a3f3adbaa63b75839d971430ec8780da2f1526769b593c6,source_result_migration,tools/replot_results_e20_e24.py,python tools/replot_results_e20_e24.py,present_in_reference_tree,rebuild_from_code
results-E20-E24/source_originals/E21/pairwise_r2/figures/r2_curves/P091_r2_curve.pdf,outputs/results-E20-E24/source_originals/E21/pairwise_r2/figures/r2_curves/P091_r2_curve.pdf,18901,336504ad8a2027b5ca4a95fb62cc14f0797ed5ef07afaf942e7741392807beb7,source_result_migration,tools/replot_results_e20_e24.py,python tools/replot_results_e20_e24.py,present_in_reference_tree,rebuild_from_code
results-E20-E24/source_originals/E21/pairwise_r2/figures/r2_curves/P091_r2_curve.png,outputs/results-E20-E24/source_originals/E21/pairwise_r2/figures/r2_curves/P091_r2_curve.png,106977,ac1d5071da283492324d41cd9d7b34760fbb6e09aab3f5df7f99bbdd472dfc11,source_result_migration,tools/replot_results_e20_e24.py,python tools/replot_results_e20_e24.py,present_in_reference_tree,rebuild_from_code
results-E20-E24/source_originals/E21/pairwise_r2/figures/r2_curves/P092_r2_curve.pdf,outputs/results-E20-E24/source_originals/E21/pairwise_r2/figures/r2_curves/P092_r2_curve.pdf,18448,79415e15c901253bf13cd5b957912d895b0b5c3cc022f6fbd49a9db8f9cfa1f4,source_result_migration,tools/replot_results_e20_e24.py,python tools/replot_results_e20_e24.py,present_in_reference_tree,rebuild_from_code
results-E20-E24/source_originals/E21/pairwise_r2/figures/r2_curves/P092_r2_curve.png,outputs/results-E20-E24/source_originals/E21/pairwise_r2/figures/r2_curves/P092_r2_curve.png,111770,aa83ae30a68aa8dd2441654290f98c106288df77690c18f145426663ca93c11b,source_result_migration,tools/replot_results_e20_e24.py,python tools/replot_results_e20_e24.py,present_in_reference_tree,rebuild_from_code
results-E20-E24/source_originals/E21/pairwise_r2/figures/r2_curves/P093_r2_curve.pdf,outputs/results-E20-E24/source_originals/E21/pairwise_r2/figures/r2_curves/P093_r2_curve.pdf,19275,51335ee82f95d3415512d2bb601d24ed69953f64129f47388a7fd56f26b44e19,source_result_migration,tools/replot_results_e20_e24.py,python tools/replot_results_e20_e24.py,present_in_reference_tree,rebuild_from_code
results-E20-E24/source_originals/E21/pairwise_r2/figures/r2_curves/P093_r2_curve.png,outputs/results-E20-E24/source_originals/E21/pairwise_r2/figures/r2_curves/P093_r2_curve.png,112994,0e798c3ee5ef9059bf85ab1589533f6049c0941fc98b1a698c4e88243f6f5a02,source_result_migration,tools/replot_results_e20_e24.py,python tools/replot_results_e20_e24.py,present_in_reference_tree,rebuild_from_code
results-E20-E24/source_originals/E21/pairwise_r2/figures/r2_curves/P094_r2_curve.pdf,outputs/results-E20-E24/source_originals/E21/pairwise_r2/figures/r2_curves/P094_r2_curve.pdf,18605,d94e88c98c54f63a183f4216ae64b3453e42f6dcd887e51b903740c0a361ff53,source_result_migration,tools/replot_results_e20_e24.py,python tools/replot_results_e20_e24.py,present_in_reference_tree,rebuild_from_code
results-E20-E24/source_originals/E21/pairwise_r2/figures/r2_curves/P094_r2_curve.png,outputs/results-E20-E24/source_originals/E21/pairwise_r2/figures/r2_curves/P094_r2_curve.png,110890,f83de08c761d83925792a2a467d6711c784cb61417faa84eb630ee8e7169088b,source_result_migration,tools/replot_results_e20_e24.py,python tools/replot_results_e20_e24.py,present_in_reference_tree,rebuild_from_code
results-E20-E24/source_originals/E21/pairwise_r2/figures/r2_curves/P095_r2_curve.pdf,outputs/results-E20-E24/source_originals/E21/pairwise_r2/figures/r2_curves/P095_r2_curve.pdf,19747,51d0cc27319ed8578423cc9bb808108a3e4ee3dace1ee796c272f518d32cdd0f,source_result_migration,tools/replot_results_e20_e24.py,python tools/replot_results_e20_e24.py,present_in_reference_tree,rebuild_from_code
results-E20-E24/source_originals/E21/pairwise_r2/figures/r2_curves/P095_r2_curve.png,outputs/results-E20-E24/source_originals/E21/pairwise_r2/figures/r2_curves/P095_r2_curve.png,114932,aea40913ba90aad7159aaba87b291898f98c710592ea33454a7926a66fa40e30,source_result_migration,tools/replot_results_e20_e24.py,python tools/replot_results_e20_e24.py,present_in_reference_tree,rebuild_from_code
results-E20-E24/source_originals/E21/pairwise_r2/figures/r2_curves/P096_r2_curve.pdf,outputs/results-E20-E24/source_originals/E21/pairwise_r2/figures/r2_curves/P096_r2_curve.pdf,18263,0f24ce80ee79817250fa2f847fcc0481f4995da44a69208e781291fd3f1d08d7,source_result_migration,tools/replot_results_e20_e24.py,python tools/replot_results_e20_e24.py,present_in_reference_tree,rebuild_from_code
results-E20-E24/source_originals/E21/pairwise_r2/figures/r2_curves/P096_r2_curve.png,outputs/results-E20-E24/source_originals/E21/pairwise_r2/figures/r2_curves/P096_r2_curve.png,111233,3e77e21d70b212372d3dad0390c4927b4781b8b9d8e63f1c66dcadd5826020d8,source_result_migration,tools/replot_results_e20_e24.py,python tools/replot_results_e20_e24.py,present_in_reference_tree,rebuild_from_code
results-E20-E24/source_originals/E21/pairwise_r2/figures/r2_curves/P097_r2_curve.pdf,outputs/results-E20-E24/source_originals/E21/pairwise_r2/figures/r2_curves/P097_r2_curve.pdf,18827,30fb346ed1cabdcd0f2a96334836da853e4360d9ad23fc801f4746bba6793517,source_result_migration,tools/replot_results_e20_e24.py,python tools/replot_results_e20_e24.py,present_in_reference_tree,rebuild_from_code
results-E20-E24/source_originals/E21/pairwise_r2/figures/r2_curves/P097_r2_curve.png,outputs/results-E20-E24/source_originals/E21/pairwise_r2/figures/r2_curves/P097_r2_curve.png,112460,29b3c119d5cdca77269692b5ea14392bcee7cb875309465d36bc7e1213824b19,source_result_migration,tools/replot_results_e20_e24.py,python tools/replot_results_e20_e24.py,present_in_reference_tree,rebuild_from_code
results-E20-E24/source_originals/E21/pairwise_r2/figures/r2_curves/P098_r2_curve.pdf,outputs/results-E20-E24/source_originals/E21/pairwise_r2/figures/r2_curves/P098_r2_curve.pdf,18605,cfa7f37226469a6a386c02d763e06002c9b8f22c3f5d26f37bb01187aac95dae,source_result_migration,tools/replot_results_e20_e24.py,python tools/replot_results_e20_e24.py,present_in_reference_tree,rebuild_from_code
results-E20-E24/source_originals/E21/pairwise_r2/figures/r2_curves/P098_r2_curve.png,outputs/results-E20-E24/source_originals/E21/pairwise_r2/figures/r2_curves/P098_r2_curve.png,110344,f85acf9f1e811e8320f163f23de2f074276913fc56ddc782da49a5cc9637bdf4,source_result_migration,tools/replot_results_e20_e24.py,python tools/replot_results_e20_e24.py,present_in_reference_tree,rebuild_from_code
results-E20-E24/source_originals/E21/pairwise_r2/figures/r2_curves/P099_r2_curve.pdf,outputs/results-E20-E24/source_originals/E21/pairwise_r2/figures/r2_curves/P099_r2_curve.pdf,19311,e0e6f89e43fc1a107d47c25eb8054cd10919c727896769316e3ffae59ea64463,source_result_migration,tools/replot_results_e20_e24.py,python tools/replot_results_e20_e24.py,present_in_reference_tree,rebuild_from_code
results-E20-E24/source_originals/E21/pairwise_r2/figures/r2_curves/P099_r2_curve.png,outputs/results-E20-E24/source_originals/E21/pairwise_r2/figures/r2_curves/P099_r2_curve.png,113388,d123ed572ff884edb36c64b7c6dc28384bd976f7d55cf7e58432467029f247e1,source_result_migration,tools/replot_results_e20_e24.py,python tools/replot_results_e20_e24.py,present_in_reference_tree,rebuild_from_code
results-E20-E24/source_originals/E21/pairwise_r2/figures/r2_curves/P100_r2_curve.pdf,outputs/results-E20-E24/source_originals/E21/pairwise_r2/figures/r2_curves/P100_r2_curve.pdf,18197,cf3835a1e5b5899183907e46339072d37c5e6fe62290fb5dc98518a0ddb85db6,source_result_migration,tools/replot_results_e20_e24.py,python tools/replot_results_e20_e24.py,present_in_reference_tree,rebuild_from_code
results-E20-E24/source_originals/E21/pairwise_r2/figures/r2_curves/P100_r2_curve.png,outputs/results-E20-E24/source_originals/E21/pairwise_r2/figures/r2_curves/P100_r2_curve.png,112454,f8562c96c86142e24a31ffa4ddcb1a0b49f034bf7a9d0300214743fb1936889f,source_result_migration,tools/replot_results_e20_e24.py,python tools/replot_results_e20_e24.py,present_in_reference_tree,rebuild_from_code
results-E20-E24/source_originals/E21/pairwise_r2/figures/r2_curves/P101_r2_curve.pdf,outputs/results-E20-E24/source_originals/E21/pairwise_r2/figures/r2_curves/P101_r2_curve.pdf,18603,823e303109cc3470a563f96ae9fef275b25003781b23fcf530fdd9fbe154817f,source_result_migration,tools/replot_results_e20_e24.py,python tools/replot_results_e20_e24.py,present_in_reference_tree,rebuild_from_code
results-E20-E24/source_originals/E21/pairwise_r2/figures/r2_curves/P101_r2_curve.png,outputs/results-E20-E24/source_originals/E21/pairwise_r2/figures/r2_curves/P101_r2_curve.png,109027,b95ce463f3448a737add7415e44e12e4e75de4be3ebf0c69f44af3f1a3590926,source_result_migration,tools/replot_results_e20_e24.py,python tools/replot_results_e20_e24.py,present_in_reference_tree,rebuild_from_code
results-E20-E24/source_originals/E21/pairwise_r2/figures/r2_curves/P102_r2_curve.pdf,outputs/results-E20-E24/source_originals/E21/pairwise_r2/figures/r2_curves/P102_r2_curve.pdf,18861,96e774aa43f73370ca5e98da8ffed87e488982e8ed6c24043cf6860e509802a5,source_result_migration,tools/replot_results_e20_e24.py,python tools/replot_results_e20_e24.py,present_in_reference_tree,rebuild_from_code
results-E20-E24/source_originals/E21/pairwise_r2/figures/r2_curves/P102_r2_curve.png,outputs/results-E20-E24/source_originals/E21/pairwise_r2/figures/r2_curves/P102_r2_curve.png,111864,011d03f96b2b961cdcf6b0cbe8717bd0ed386f1b2a2c78b9697c3ab1fbd32137,source_result_migration,tools/replot_results_e20_e24.py,python tools/replot_results_e20_e24.py,present_in_reference_tree,rebuild_from_code
results-E20-E24/source_originals/E21/pairwise_r2/figures/r2_curves/P103_r2_curve.pdf,outputs/results-E20-E24/source_originals/E21/pairwise_r2/figures/r2_curves/P103_r2_curve.pdf,18371,f0dab004ff3df765d79ce8e9b362e37afb61312da7ca754951c70684b6f439c5,source_result_migration,tools/replot_results_e20_e24.py,python tools/replot_results_e20_e24.py,present_in_reference_tree,rebuild_from_code
results-E20-E24/source_originals/E21/pairwise_r2/figures/r2_curves/P103_r2_curve.png,outputs/results-E20-E24/source_originals/E21/pairwise_r2/figures/r2_curves/P103_r2_curve.png,115221,2bcc68283ecc9bd6c6a8609a68029052e141551df954219973b1dbcd9ea54bfc,source_result_migration,tools/replot_results_e20_e24.py,python tools/replot_results_e20_e24.py,present_in_reference_tree,rebuild_from_code
results-E20-E24/source_originals/E21/pairwise_r2/figures/r2_curves/P104_r2_curve.pdf,outputs/results-E20-E24/source_originals/E21/pairwise_r2/figures/r2_curves/P104_r2_curve.pdf,18608,a1d6dc43fe9248669025d11c1b1f154b84c8b5c8f0490fd890769c159fefa0eb,source_result_migration,tools/replot_results_e20_e24.py,python tools/replot_results_e20_e24.py,present_in_reference_tree,rebuild_from_code
results-E20-E24/source_originals/E21/pairwise_r2/figures/r2_curves/P104_r2_curve.png,outputs/results-E20-E24/source_originals/E21/pairwise_r2/figures/r2_curves/P104_r2_curve.png,115703,b71e1bdc135cc46b90e44cf4817a105baebe9b9c9ed8bbe1e8f4e67a4c6dfce0,source_result_migration,tools/replot_results_e20_e24.py,python tools/replot_results_e20_e24.py,present_in_reference_tree,rebuild_from_code
results-E20-E24/source_originals/E21/pairwise_r2/figures/r2_curves/P105_r2_curve.pdf,outputs/results-E20-E24/source_originals/E21/pairwise_r2/figures/r2_curves/P105_r2_curve.pdf,18569,531ec459771261dca8e0d823808c2e5e5926c3562a76eade4dff72ba9297f7da,source_result_migration,tools/replot_results_e20_e24.py,python tools/replot_results_e20_e24.py,present_in_reference_tree,rebuild_from_code
results-E20-E24/source_originals/E21/pairwise_r2/figures/r2_curves/P105_r2_curve.png,outputs/results-E20-E24/source_originals/E21/pairwise_r2/figures/r2_curves/P105_r2_curve.png,113807,3b66c74faa76d58cfea0069d6d3b9447194ffcc45b48008b78d405edf4d02d54,source_result_migration,tools/replot_results_e20_e24.py,python tools/replot_results_e20_e24.py,present_in_reference_tree,rebuild_from_code
results-E20-E24/source_originals/E21/unique/figures/e21_unique_algorithm_heatmap_aggregate.png,outputs/results-E20-E24/source_originals/E21/unique/figures/e21_unique_algorithm_heatmap_aggregate.png,415963,0a1d6df0c65f2c9687cfef82a4098b1be926b0150c1f2224ae54d89bda02b6b4,source_result_migration,tools/replot_results_e20_e24.py,python tools/replot_results_e20_e24.py,present_in_reference_tree,rebuild_from_code
results-E20-E24/source_originals/E21/unique/figures/e21_unique_algorithm_heatmap_ieee33.png,outputs/results-E20-E24/source_originals/E21/unique/figures/e21_unique_algorithm_heatmap_ieee33.png,412979,ddcb96a9c1a971d274b4c0ece47dea1bc1eff8474570ca3bdd4e1d0083773f54,source_result_migration,tools/replot_results_e20_e24.py,python tools/replot_results_e20_e24.py,present_in_reference_tree,rebuild_from_code
results-E20-E24/source_originals/E21/unique/figures/e21_unique_algorithm_overall.png,outputs/results-E20-E24/source_originals/E21/unique/figures/e21_unique_algorithm_overall.png,255501,ced49ee56ae48365be1dfa3b0479f6ed84dccd3a56b266972c92940cdcd9ed3b,source_result_migration,tools/replot_results_e20_e24.py,python tools/replot_results_e20_e24.py,present_in_reference_tree,rebuild_from_code
results-E20-E24/source_originals/E21/unique/figures/e21_unique_eps_mix_vs_pool.png,outputs/results-E20-E24/source_originals/E21/unique/figures/e21_unique_eps_mix_vs_pool.png,191723,71833ddf9af442e97e8f31a6c9b079318c9b5e4c063b3b3fdd3d6651b4b5e548,source_result_migration,tools/replot_results_e20_e24.py,python tools/replot_results_e20_e24.py,present_in_reference_tree,rebuild_from_code
results-E20-E24/source_originals/E21/unique/figures/e21_unique_fleet_sizes.png,outputs/results-E20-E24/source_originals/E21/unique/figures/e21_unique_fleet_sizes.png,122691,358f1fa265bcc0d71334e93dafc8d03d3c5279c4aaa39b7863d974e99cb220e1,source_result_migration,tools/replot_results_e20_e24.py,python tools/replot_results_e20_e24.py,present_in_reference_tree,rebuild_from_code
results-E20-E24/source_originals/E21/unique/gamma_mixed_boundary/figures/e21_mixed_r2_group.pdf,outputs/results-E20-E24/source_originals/E21/unique/gamma_mixed_boundary/figures/e21_mixed_r2_group.pdf,43850,c9f24bd5c7fbd82fa88098af53663397e9449007d09d403ff109db635524bd0a,source_result_migration,tools/replot_results_e20_e24.py,python tools/replot_results_e20_e24.py,present_in_reference_tree,rebuild_from_code
results-E20-E24/source_originals/E21/unique/gamma_mixed_boundary/figures/e21_mixed_r2_group.png,outputs/results-E20-E24/source_originals/E21/unique/gamma_mixed_boundary/figures/e21_mixed_r2_group.png,765678,cab13ca01189002bd4fdbd94cae30d352a755bc9086dd9de9d460ab2781e1e14,source_result_migration,tools/replot_results_e20_e24.py,python tools/replot_results_e20_e24.py,present_in_reference_tree,rebuild_from_code
results-E20-E24/source_originals/E21/unique/gamma_mixed_boundary/figures/mixed_composition_heatmap.pdf,outputs/results-E20-E24/source_originals/E21/unique/gamma_mixed_boundary/figures/mixed_composition_heatmap.pdf,28741,809e17315baba8b5726a79f2e26fb88ef58f3d397fa1aa29fca2650541161554,source_result_migration,tools/replot_results_e20_e24.py,python tools/replot_results_e20_e24.py,present_in_reference_tree,rebuild_from_code
results-E20-E24/source_originals/E21/unique/gamma_mixed_boundary/figures/mixed_composition_heatmap.png,outputs/results-E20-E24/source_originals/E21/unique/gamma_mixed_boundary/figures/mixed_composition_heatmap.png,205193,8fa2bd7d2bb03f56057d617d4a41c672062a8747d1599d8bd89aa2ed07b692fa,source_result_migration,tools/replot_results_e20_e24.py,python tools/replot_results_e20_e24.py,present_in_reference_tree,rebuild_from_code
results-E20-E24/source_originals/E21/unique/gamma_mixed_boundary/figures/mixed_gamma_boundaries.pdf,outputs/results-E20-E24/source_originals/E21/unique/gamma_mixed_boundary/figures/mixed_gamma_boundaries.pdf,19033,cbeb26c73c4279d2e4d05525c96708e41d75a8a165b9e0cb302ff5e331b6bd76,source_result_migration,tools/replot_results_e20_e24.py,python tools/replot_results_e20_e24.py,present_in_reference_tree,rebuild_from_code
results-E20-E24/source_originals/E21/unique/gamma_mixed_boundary/figures/mixed_gamma_boundaries.png,outputs/results-E20-E24/source_originals/E21/unique/gamma_mixed_boundary/figures/mixed_gamma_boundaries.png,128604,44bc287de5f2e0555393640a6e8d78f255f68e51c6a86bff45135ab52c06af86,source_result_migration,tools/replot_results_e20_e24.py,python tools/replot_results_e20_e24.py,present_in_reference_tree,rebuild_from_code
results-E20-E24/source_originals/E21/unique/gamma_mixed_boundary/figures/mixed_gamma_scaling.pdf,outputs/results-E20-E24/source_originals/E21/unique/gamma_mixed_boundary/figures/mixed_gamma_scaling.pdf,47071,62b7fa76fd9ea0a97af6058897f86e40111dbbd80f7820114bfaa3f5acc4bbc8,source_result_migration,tools/replot_results_e20_e24.py,python tools/replot_results_e20_e24.py,present_in_reference_tree,rebuild_from_code
results-E20-E24/source_originals/E21/unique/gamma_mixed_boundary/figures/mixed_gamma_scaling.png,outputs/results-E20-E24/source_originals/E21/unique/gamma_mixed_boundary/figures/mixed_gamma_scaling.png,135067,b5188e4917fe1b0c8cd78b36fb5559b14e8846d8a40d21a9a7e8f22e3ca39743,source_result_migration,tools/replot_results_e20_e24.py,python tools/replot_results_e20_e24.py,present_in_reference_tree,rebuild_from_code
results-E20-E24/source_originals/E21/unique/gamma_mixed_boundary/figures/r2_curves/e21_mixed_r2_S1-A.pdf,outputs/results-E20-E24/source_originals/E21/unique/gamma_mixed_boundary/figures/r2_curves/e21_mixed_r2_S1-A.pdf,19675,fcc34d7de43090bbb7ea76320ebfb47caa588868145cb5718f271d1119a27fba,source_result_migration,tools/replot_results_e20_e24.py,python tools/replot_results_e20_e24.py,present_in_reference_tree,rebuild_from_code
results-E20-E24/source_originals/E21/unique/gamma_mixed_boundary/figures/r2_curves/e21_mixed_r2_S1-A.png,outputs/results-E20-E24/source_originals/E21/unique/gamma_mixed_boundary/figures/r2_curves/e21_mixed_r2_S1-A.png,181431,45330f333ac265761df7449c2276cc80309dcdd6fa82a131e93b957921afd012,source_result_migration,tools/replot_results_e20_e24.py,python tools/replot_results_e20_e24.py,present_in_reference_tree,rebuild_from_code
results-E20-E24/source_originals/E21/unique/gamma_mixed_boundary/figures/r2_curves/e21_mixed_r2_S1-B.pdf,outputs/results-E20-E24/source_originals/E21/unique/gamma_mixed_boundary/figures/r2_curves/e21_mixed_r2_S1-B.pdf,19848,9cbc7791c0219c7db388d73921aaf2167b89c63015f8dcac4ca4a5c6f4a81df3,source_result_migration,tools/replot_results_e20_e24.py,python tools/replot_results_e20_e24.py,present_in_reference_tree,rebuild_from_code
results-E20-E24/source_originals/E21/unique/gamma_mixed_boundary/figures/r2_curves/e21_mixed_r2_S1-B.png,outputs/results-E20-E24/source_originals/E21/unique/gamma_mixed_boundary/figures/r2_curves/e21_mixed_r2_S1-B.png,183940,46181b6902ba086f531e8ccf22dea6b758c435a0dabf30c2523001e3b2278b84,source_result_migration,tools/replot_results_e20_e24.py,python tools/replot_results_e20_e24.py,present_in_reference_tree,rebuild_from_code
results-E20-E24/source_originals/E21/unique/gamma_mixed_boundary/figures/r2_curves/e21_mixed_r2_S2-A.pdf,outputs/results-E20-E24/source_originals/E21/unique/gamma_mixed_boundary/figures/r2_curves/e21_mixed_r2_S2-A.pdf,20670,5840880cfa947fc7f1fd9dec3b3a38276b34e8616fff6cd4f9bc63b54ea0962f,source_result_migration,tools/replot_results_e20_e24.py,python tools/replot_results_e20_e24.py,present_in_reference_tree,rebuild_from_code
results-E20-E24/source_originals/E21/unique/gamma_mixed_boundary/figures/r2_curves/e21_mixed_r2_S2-A.png,outputs/results-E20-E24/source_originals/E21/unique/gamma_mixed_boundary/figures/r2_curves/e21_mixed_r2_S2-A.png,178568,49716cf07167613376a1d88c2084a5a00235cbb32f1d7061a26f564cf421e24d,source_result_migration,tools/replot_results_e20_e24.py,python tools/replot_results_e20_e24.py,present_in_reference_tree,rebuild_from_code
results-E20-E24/source_originals/E21/unique/gamma_mixed_boundary/figures/r2_curves/e21_mixed_r2_S2-B.pdf,outputs/results-E20-E24/source_originals/E21/unique/gamma_mixed_boundary/figures/r2_curves/e21_mixed_r2_S2-B.pdf,20216,69435c6b3f2863d8337a36d58d2915b35384506efa02245ad1acd6e54e0f262c,source_result_migration,tools/replot_results_e20_e24.py,python tools/replot_results_e20_e24.py,present_in_reference_tree,rebuild_from_code
results-E20-E24/source_originals/E21/unique/gamma_mixed_boundary/figures/r2_curves/e21_mixed_r2_S2-B.png,outputs/results-E20-E24/source_originals/E21/unique/gamma_mixed_boundary/figures/r2_curves/e21_mixed_r2_S2-B.png,181740,0f5b9ea9c5e1b8be97c221563d4ef968eee6733ba81aa5451455d9dcbdac4d20,source_result_migration,tools/replot_results_e20_e24.py,python tools/replot_results_e20_e24.py,present_in_reference_tree,rebuild_from_code
results-E20-E24/source_originals/E21/unique/gamma_mixed_boundary/figures/r2_curves/e21_mixed_r2_S3-A.pdf,outputs/results-E20-E24/source_originals/E21/unique/gamma_mixed_boundary/figures/r2_curves/e21_mixed_r2_S3-A.pdf,19930,5ae9711acdab91a494aec25b87af8f4bd3eb818a093f59564215b0b6b70d8d65,source_result_migration,tools/replot_results_e20_e24.py,python tools/replot_results_e20_e24.py,present_in_reference_tree,rebuild_from_code
results-E20-E24/source_originals/E21/unique/gamma_mixed_boundary/figures/r2_curves/e21_mixed_r2_S3-A.png,outputs/results-E20-E24/source_originals/E21/unique/gamma_mixed_boundary/figures/r2_curves/e21_mixed_r2_S3-A.png,183919,c8d96b720dbb390759e8225967158df3f5b6ca7f10ffeb6510b833bb487c7fb6,source_result_migration,tools/replot_results_e20_e24.py,python tools/replot_results_e20_e24.py,present_in_reference_tree,rebuild_from_code
results-E20-E24/source_originals/E21/unique/gamma_mixed_boundary/figures/r2_curves/e21_mixed_r2_S3-B.pdf,outputs/results-E20-E24/source_originals/E21/unique/gamma_mixed_boundary/figures/r2_curves/e21_mixed_r2_S3-B.pdf,19590,8b3bf65612542a62c0f90f79dd89d12b5738b83d149786235fcec542941a8c35,source_result_migration,tools/replot_results_e20_e24.py,python tools/replot_results_e20_e24.py,present_in_reference_tree,rebuild_from_code
results-E20-E24/source_originals/E21/unique/gamma_mixed_boundary/figures/r2_curves/e21_mixed_r2_S3-B.png,outputs/results-E20-E24/source_originals/E21/unique/gamma_mixed_boundary/figures/r2_curves/e21_mixed_r2_S3-B.png,158742,b01a28dc2dc745d29dda3d5ec178181f9cf49ddba97977f9514234e34137bbbd,source_result_migration,tools/replot_results_e20_e24.py,python tools/replot_results_e20_e24.py,present_in_reference_tree,rebuild_from_code
results-E20-E24/source_originals/E21/unique/gamma_mixed_boundary/figures/r2_curves/e21_mixed_r2_S4-A.pdf,outputs/results-E20-E24/source_originals/E21/unique/gamma_mixed_boundary/figures/r2_curves/e21_mixed_r2_S4-A.pdf,19976,4471966f4f710e359f97e7667064cc4356dc7cca8b4de085f55990ab0c14db4d,source_result_migration,tools/replot_results_e20_e24.py,python tools/replot_results_e20_e24.py,present_in_reference_tree,rebuild_from_code
results-E20-E24/source_originals/E21/unique/gamma_mixed_boundary/figures/r2_curves/e21_mixed_r2_S4-A.png,outputs/results-E20-E24/source_originals/E21/unique/gamma_mixed_boundary/figures/r2_curves/e21_mixed_r2_S4-A.png,163303,ccc3c3c22e28989c33cac9c08718641af948916320456c861a9bfaecd4102ccf,source_result_migration,tools/replot_results_e20_e24.py,python tools/replot_results_e20_e24.py,present_in_reference_tree,rebuild_from_code
results-E20-E24/source_originals/E21/unique/gamma_mixed_boundary/figures/r2_curves/e21_mixed_r2_S4-B.pdf,outputs/results-E20-E24/source_originals/E21/unique/gamma_mixed_boundary/figures/r2_curves/e21_mixed_r2_S4-B.pdf,20337,2ab994c7eab72ae790c49297100b49c3768e3f6a64b5575459a4924abfb936e2,source_result_migration,tools/replot_results_e20_e24.py,python tools/replot_results_e20_e24.py,present_in_reference_tree,rebuild_from_code
results-E20-E24/source_originals/E21/unique/gamma_mixed_boundary/figures/r2_curves/e21_mixed_r2_S4-B.png,outputs/results-E20-E24/source_originals/E21/unique/gamma_mixed_boundary/figures/r2_curves/e21_mixed_r2_S4-B.png,166953,452a5ca9c4255601436f0104db1ab0d93739aba6941a22d060493e6e2b01edd4,source_result_migration,tools/replot_results_e20_e24.py,python tools/replot_results_e20_e24.py,present_in_reference_tree,rebuild_from_code
results-E20-E24/source_originals/E21/unique/gamma_mixed_boundary/figures/r2_curves/e21_mixed_r2_S5-A.pdf,outputs/results-E20-E24/source_originals/E21/unique/gamma_mixed_boundary/figures/r2_curves/e21_mixed_r2_S5-A.pdf,19741,dfe0f2f4b061fc5697b7d5c608411e9f0152f813fc2e3d5b3ebec613a50309fc,source_result_migration,tools/replot_results_e20_e24.py,python tools/replot_results_e20_e24.py,present_in_reference_tree,rebuild_from_code
results-E20-E24/source_originals/E21/unique/gamma_mixed_boundary/figures/r2_curves/e21_mixed_r2_S5-A.png,outputs/results-E20-E24/source_originals/E21/unique/gamma_mixed_boundary/figures/r2_curves/e21_mixed_r2_S5-A.png,175492,9bbe3905d8dfed4749cac987218a4091e7a1401ddf76bf08c037d9a07a5274b0,source_result_migration,tools/replot_results_e20_e24.py,python tools/replot_results_e20_e24.py,present_in_reference_tree,rebuild_from_code
results-E20-E24/source_originals/E21/unique/gamma_mixed_boundary/figures/r2_curves/e21_mixed_r2_S5-B.pdf,outputs/results-E20-E24/source_originals/E21/unique/gamma_mixed_boundary/figures/r2_curves/e21_mixed_r2_S5-B.pdf,19572,10ca969703346670385776a9f0169ed713a003f1baf58913f462198876df819c,source_result_migration,tools/replot_results_e20_e24.py,python tools/replot_results_e20_e24.py,present_in_reference_tree,rebuild_from_code
results-E20-E24/source_originals/E21/unique/gamma_mixed_boundary/figures/r2_curves/e21_mixed_r2_S5-B.png,outputs/results-E20-E24/source_originals/E21/unique/gamma_mixed_boundary/figures/r2_curves/e21_mixed_r2_S5-B.png,177189,7381af433e6393060002f93a4458f543a7f9e1739776041895eb37b29ee3ef57,source_result_migration,tools/replot_results_e20_e24.py,python tools/replot_results_e20_e24.py,present_in_reference_tree,rebuild_from_code
results-E20-E24/source_originals/E21/unique/gamma_mixed_boundary/figures/r2_curves/e21_mixed_r2_S5-C.pdf,outputs/results-E20-E24/source_originals/E21/unique/gamma_mixed_boundary/figures/r2_curves/e21_mixed_r2_S5-C.pdf,20262,1ab33e4a84c75cb1e831117fe70ec08fea143c2a397f8f2a4b411a9be903468f,source_result_migration,tools/replot_results_e20_e24.py,python tools/replot_results_e20_e24.py,present_in_reference_tree,rebuild_from_code
results-E20-E24/source_originals/E21/unique/gamma_mixed_boundary/figures/r2_curves/e21_mixed_r2_S5-C.png,outputs/results-E20-E24/source_originals/E21/unique/gamma_mixed_boundary/figures/r2_curves/e21_mixed_r2_S5-C.png,159061,8f474788e7fe6a29c92b78ff23b65fa8c7cc5eceaab994488b8845c024965203,source_result_migration,tools/replot_results_e20_e24.py,python tools/replot_results_e20_e24.py,present_in_reference_tree,rebuild_from_code
results-E20-E24/source_originals/E21/unique/gamma_mixed_boundary/figures/r2_curves/e21_mixed_r2_S6-A.pdf,outputs/results-E20-E24/source_originals/E21/unique/gamma_mixed_boundary/figures/r2_curves/e21_mixed_r2_S6-A.pdf,20912,99ef95663d2d04c01f4ccd5ba1a1b3aa066b832b343eab3dbaef1c54d110cdf9,source_result_migration,tools/replot_results_e20_e24.py,python tools/replot_results_e20_e24.py,present_in_reference_tree,rebuild_from_code
results-E20-E24/source_originals/E21/unique/gamma_mixed_boundary/figures/r2_curves/e21_mixed_r2_S6-A.png,outputs/results-E20-E24/source_originals/E21/unique/gamma_mixed_boundary/figures/r2_curves/e21_mixed_r2_S6-A.png,188300,e20ef1c40a2dad84a214120d15ffdd8c6beed198cdeec02799f9e67d87eb2411,source_result_migration,tools/replot_results_e20_e24.py,python tools/replot_results_e20_e24.py,present_in_reference_tree,rebuild_from_code
results-E20-E24/source_originals/E21/unique/gamma_mixed_boundary/figures/r2_curves/e21_mixed_r2_S6-B.pdf,outputs/results-E20-E24/source_originals/E21/unique/gamma_mixed_boundary/figures/r2_curves/e21_mixed_r2_S6-B.pdf,20275,6d4586ff8467db9a62a7a15562c3551f609aec542df1a5aab845948d929727a1,source_result_migration,tools/replot_results_e20_e24.py,python tools/replot_results_e20_e24.py,present_in_reference_tree,rebuild_from_code
results-E20-E24/source_originals/E21/unique/gamma_mixed_boundary/figures/r2_curves/e21_mixed_r2_S6-B.png,outputs/results-E20-E24/source_originals/E21/unique/gamma_mixed_boundary/figures/r2_curves/e21_mixed_r2_S6-B.png,182041,c9af49c7158b27f8a0a9960a0e8e34a20f67a0ca5df7b82b750684a4d26d8518,source_result_migration,tools/replot_results_e20_e24.py,python tools/replot_results_e20_e24.py,present_in_reference_tree,rebuild_from_code
results-E20-E24/source_originals/E21/unique/gamma_mixed_boundary/figures/r2_curves/e21_mixed_r2_S6-C.pdf,outputs/results-E20-E24/source_originals/E21/unique/gamma_mixed_boundary/figures/r2_curves/e21_mixed_r2_S6-C.pdf,20466,403e1dd9ef98a4daa93b525c2f6f9784789d73a1a4c5eeca5594a95bee1f2a67,source_result_migration,tools/replot_results_e20_e24.py,python tools/replot_results_e20_e24.py,present_in_reference_tree,rebuild_from_code
results-E20-E24/source_originals/E21/unique/gamma_mixed_boundary/figures/r2_curves/e21_mixed_r2_S6-C.png,outputs/results-E20-E24/source_originals/E21/unique/gamma_mixed_boundary/figures/r2_curves/e21_mixed_r2_S6-C.png,168482,96018e4057ceae48b293f84ea8d6378bc79036ebe7fb0071fba40736765b59fc,source_result_migration,tools/replot_results_e20_e24.py,python tools/replot_results_e20_e24.py,present_in_reference_tree,rebuild_from_code
results-E20-E24/source_originals/E21/unique/gamma_universal_boundary/figures/e21_gamma_critical_distribution.pdf,outputs/results-E20-E24/source_originals/E21/unique/gamma_universal_boundary/figures/e21_gamma_critical_distribution.pdf,24680,2535ace608e61d470f472d5a2800053313cc282d18ad48f8bd64cfb141c95092,source_result_migration,tools/replot_results_e20_e24.py,python tools/replot_results_e20_e24.py,present_in_reference_tree,rebuild_from_code
results-E20-E24/source_originals/E21/unique/gamma_universal_boundary/figures/e21_gamma_critical_distribution.png,outputs/results-E20-E24/source_originals/E21/unique/gamma_universal_boundary/figures/e21_gamma_critical_distribution.png,178096,03057bc59e5f2e747673e57542d0095d6b3e65fe6d22114a915decc0b3dbe0ab,source_result_migration,tools/replot_results_e20_e24.py,python tools/replot_results_e20_e24.py,present_in_reference_tree,rebuild_from_code
results-E20-E24/source_originals/E21/unique/gamma_universal_boundary/figures/e21_gamma_fit.pdf,outputs/results-E20-E24/source_originals/E21/unique/gamma_universal_boundary/figures/e21_gamma_fit.pdf,31916,a798b4e35064473c792649544ee935c7e5e72c8073d0469f16459be92788252c,source_result_migration,tools/replot_results_e20_e24.py,python tools/replot_results_e20_e24.py,present_in_reference_tree,rebuild_from_code
results-E20-E24/source_originals/E21/unique/gamma_universal_boundary/figures/e21_gamma_fit.png,outputs/results-E20-E24/source_originals/E21/unique/gamma_universal_boundary/figures/e21_gamma_fit.png,245889,fe8449466257eecec91e1631086f80710678876e203c74b0bd13802cf136cb02,source_result_migration,tools/replot_results_e20_e24.py,python tools/replot_results_e20_e24.py,present_in_reference_tree,rebuild_from_code
results-E20-E24/source_originals/E21/unique/gamma_universal_boundary/figures/e21_gamma_scatter.pdf,outputs/results-E20-E24/source_originals/E21/unique/gamma_universal_boundary/figures/e21_gamma_scatter.pdf,132895,53b5efa0ab5e7c43d438a9b48f47bb8b21b3e0c3f3b95a68adf5d580785354e2,source_result_migration,tools/replot_results_e20_e24.py,python tools/replot_results_e20_e24.py,present_in_reference_tree,rebuild_from_code
results-E20-E24/source_originals/E21/unique/gamma_universal_boundary/figures/e21_gamma_scatter.png,outputs/results-E20-E24/source_originals/E21/unique/gamma_universal_boundary/figures/e21_gamma_scatter.png,399829,a3c6e29b4008301b3e190aad8cdfaa477e4289b9060d4f89e311887b86cd8981,source_result_migration,tools/replot_results_e20_e24.py,python tools/replot_results_e20_e24.py,present_in_reference_tree,rebuild_from_code
results-E20-E24/source_originals/E21/unique/gamma_universal_boundary/figures/e21_gamma_universal_boundary.pdf,outputs/results-E20-E24/source_originals/E21/unique/gamma_universal_boundary/figures/e21_gamma_universal_boundary.pdf,37143,d19a261b92e9f03965ce2f5b86f31a2937a71084dcae889db98dcf4538ec144a,source_result_migration,tools/replot_results_e20_e24.py,python tools/replot_results_e20_e24.py,present_in_reference_tree,rebuild_from_code
results-E20-E24/source_originals/E21/unique/gamma_universal_boundary/figures/e21_gamma_universal_boundary.png,outputs/results-E20-E24/source_originals/E21/unique/gamma_universal_boundary/figures/e21_gamma_universal_boundary.png,349685,620bc7c562c7634cc1f71800f7ffc106f85bc82d6688df4dc789403e27e43b6d,source_result_migration,tools/replot_results_e20_e24.py,python tools/replot_results_e20_e24.py,present_in_reference_tree,rebuild_from_code
results-E20-E24/source_originals/E21/unique/mixed_scenarios/figures/e21_algorithm_heatmap_aggregate.png,outputs/results-E20-E24/source_originals/E21/unique/mixed_scenarios/figures/e21_algorithm_heatmap_aggregate.png,425377,3a52b274c7f0524894b667283db2f234ba41f9377e5d3a61c5bd6549a01a3195,source_result_migration,tools/replot_results_e20_e24.py,python tools/replot_results_e20_e24.py,present_in_reference_tree,rebuild_from_code
results-E20-E24/source_originals/E21/unique/mixed_scenarios/figures/e21_algorithm_heatmap_ieee33.png,outputs/results-E20-E24/source_originals/E21/unique/mixed_scenarios/figures/e21_algorithm_heatmap_ieee33.png,423400,8e383150afe2bae07c1522e254eaa0f30065e92aaa27b9aeb2c39d71099a0092,source_result_migration,tools/replot_results_e20_e24.py,python tools/replot_results_e20_e24.py,present_in_reference_tree,rebuild_from_code
results-E20-E24/source_originals/E21/unique/mixed_scenarios/figures/e21_algorithm_overall.png,outputs/results-E20-E24/source_originals/E21/unique/mixed_scenarios/figures/e21_algorithm_overall.png,255501,ced49ee56ae48365be1dfa3b0479f6ed84dccd3a56b266972c92940cdcd9ed3b,source_result_migration,tools/replot_results_e20_e24.py,python tools/replot_results_e20_e24.py,present_in_reference_tree,rebuild_from_code
results-E20-E24/source_originals/E21/unique/mixed_scenarios/figures/e21_eps_mix_vs_pool.png,outputs/results-E20-E24/source_originals/E21/unique/mixed_scenarios/figures/e21_eps_mix_vs_pool.png,191723,71833ddf9af442e97e8f31a6c9b079318c9b5e4c063b3b3fdd3d6651b4b5e548,source_result_migration,tools/replot_results_e20_e24.py,python tools/replot_results_e20_e24.py,present_in_reference_tree,rebuild_from_code
results-E20-E24/source_originals/E21/unique/mixed_scenarios/figures/e21_source_unique_fleet_sizes.png,outputs/results-E20-E24/source_originals/E21/unique/mixed_scenarios/figures/e21_source_unique_fleet_sizes.png,122691,358f1fa265bcc0d71334e93dafc8d03d3c5279c4aaa39b7863d974e99cb220e1,source_result_migration,tools/replot_results_e20_e24.py,python tools/replot_results_e20_e24.py,present_in_reference_tree,rebuild_from_code
results-E20-E24/source_originals/E21/unique/pairwise_curtailment/figures/curtailment_opportunity_vs_reduction.pdf,outputs/results-E20-E24/source_originals/E21/unique/pairwise_curtailment/figures/curtailment_opportunity_vs_reduction.pdf,42275,c434434c52d8efd06efef94dc1b8644528584d3737302fcef0438b9ee6e71b1c,source_result_migration,tools/replot_results_e20_e24.py,python tools/replot_results_e20_e24.py,present_in_reference_tree,rebuild_from_code
results-E20-E24/source_originals/E21/unique/pairwise_curtailment/figures/curtailment_opportunity_vs_reduction.png,outputs/results-E20-E24/source_originals/E21/unique/pairwise_curtailment/figures/curtailment_opportunity_vs_reduction.png,236886,b6d9780d888c103ffac6b311baa8fb80413d5a440dd8469fd5b378caa1a41492,source_result_migration,tools/replot_results_e20_e24.py,python tools/replot_results_e20_e24.py,present_in_reference_tree,rebuild_from_code
results-E20-E24/source_originals/E21/unique/pairwise_curtailment/figures/dataset_curtailment_reduction_distribution.pdf,outputs/results-E20-E24/source_originals/E21/unique/pairwise_curtailment/figures/dataset_curtailment_reduction_distribution.pdf,28867,24b0d00fad3a08f9c920d8184e87c82a677ef2212c8fff3d71219f030cd57a84,source_result_migration,tools/replot_results_e20_e24.py,python tools/replot_results_e20_e24.py,present_in_reference_tree,rebuild_from_code
results-E20-E24/source_originals/E21/unique/pairwise_curtailment/figures/dataset_curtailment_reduction_distribution.png,outputs/results-E20-E24/source_originals/E21/unique/pairwise_curtailment/figures/dataset_curtailment_reduction_distribution.png,255007,30446bfc5a049de91275908c847fe900ae67c5f8a047cc193132506214c97912,source_result_migration,tools/replot_results_e20_e24.py,python tools/replot_results_e20_e24.py,present_in_reference_tree,rebuild_from_code
results-E20-E24/source_originals/E21/unique/pairwise_curtailment/figures/pairwise_curtailment_before_after_ranked.pdf,outputs/results-E20-E24/source_originals/E21/unique/pairwise_curtailment/figures/pairwise_curtailment_before_after_ranked.pdf,28345,1b8b5c56286548b8dea5105f5b1e0858716d9344bee3cbbf0160d637f5028fe8,source_result_migration,tools/replot_results_e20_e24.py,python tools/replot_results_e20_e24.py,present_in_reference_tree,rebuild_from_code
results-E20-E24/source_originals/E21/unique/pairwise_curtailment/figures/pairwise_curtailment_before_after_ranked.png,outputs/results-E20-E24/source_originals/E21/unique/pairwise_curtailment/figures/pairwise_curtailment_before_after_ranked.png,536142,9911792762a38673e762571e6a1ea10f3460cdbae8e8603582ecda9033da53ce,source_result_migration,tools/replot_results_e20_e24.py,python tools/replot_results_e20_e24.py,present_in_reference_tree,rebuild_from_code
results-E20-E24/source_originals/E21/unique/pairwise_curtailment/figures/pairwise_curtailment_reduction.pdf,outputs/results-E20-E24/source_originals/E21/unique/pairwise_curtailment/figures/pairwise_curtailment_reduction.pdf,35347,ada0fa1e81921378a5dbf701a739b29715f1993e228179f4fd7241b3330adb88,source_result_migration,tools/replot_results_e20_e24.py,python tools/replot_results_e20_e24.py,present_in_reference_tree,rebuild_from_code
results-E20-E24/source_originals/E21/unique/pairwise_curtailment/figures/pairwise_curtailment_reduction.png,outputs/results-E20-E24/source_originals/E21/unique/pairwise_curtailment/figures/pairwise_curtailment_reduction.png,635885,b1fb6b95636487b9428e5e90e9b463eeef1165f3e864795ff54d3fa4b7be4fbc,source_result_migration,tools/replot_results_e20_e24.py,python tools/replot_results_e20_e24.py,present_in_reference_tree,rebuild_from_code
results-E20-E24/source_originals/E21/unique/pairwise_curtailment/figures/pairwise_curtailment_reduction_mixed_only.pdf,outputs/results-E20-E24/source_originals/E21/unique/pairwise_curtailment/figures/pairwise_curtailment_reduction_mixed_only.pdf,34936,cfc2967aed7e2bd0afcd861fbd791b463b286bfaa77531efac25c29759715aa4,source_result_migration,tools/replot_results_e20_e24.py,python tools/replot_results_e20_e24.py,present_in_reference_tree,rebuild_from_code
results-E20-E24/source_originals/E21/unique/pairwise_curtailment/figures/pairwise_curtailment_reduction_mixed_only.png,outputs/results-E20-E24/source_originals/E21/unique/pairwise_curtailment/figures/pairwise_curtailment_reduction_mixed_only.png,618065,98a28e17b4905731effddd9d99ae0492709b054ced299916c1136b21922620b7,source_result_migration,tools/replot_results_e20_e24.py,python tools/replot_results_e20_e24.py,present_in_reference_tree,rebuild_from_code
results-E20-E24/source_originals/E21/unique/pairwise_r2/figures/pairwise_r2_n95_overall.pdf,outputs/results-E20-E24/source_originals/E21/unique/pairwise_r2/figures/pairwise_r2_n95_overall.pdf,43125,fc19e92d821f24c6c43d4bc62948fe833760834639ee52663b5e0ee5f94001b5,source_result_migration,tools/replot_results_e20_e24.py,python tools/replot_results_e20_e24.py,present_in_reference_tree,rebuild_from_code
results-E20-E24/source_originals/E21/unique/pairwise_r2/figures/pairwise_r2_n95_overall.png,outputs/results-E20-E24/source_originals/E21/unique/pairwise_r2/figures/pairwise_r2_n95_overall.png,423703,344fbe78b66367155fa315384f4ff808caf1af64934e85e136796ec642ebc969,source_result_migration,tools/replot_results_e20_e24.py,python tools/replot_results_e20_e24.py,present_in_reference_tree,rebuild_from_code
results-E20-E24/source_originals/E21/unique/pairwise_r2/figures/r2_curve_pages/pairwise_r2_curves_page_01.pdf,outputs/results-E20-E24/source_originals/E21/unique/pairwise_r2/figures/r2_curve_pages/pairwise_r2_curves_page_01.pdf,34463,866c6ef2267ee6209338754f904221908b27f910eeb3103af034002ae18d2b5a,source_result_migration,tools/replot_results_e20_e24.py,python tools/replot_results_e20_e24.py,present_in_reference_tree,rebuild_from_code
results-E20-E24/source_originals/E21/unique/pairwise_r2/figures/r2_curve_pages/pairwise_r2_curves_page_01.png,outputs/results-E20-E24/source_originals/E21/unique/pairwise_r2/figures/r2_curve_pages/pairwise_r2_curves_page_01.png,450326,de458f4fb015e94a01603ae475c1b812c943b3a03fabfa2132b8259d389a7443,source_result_migration,tools/replot_results_e20_e24.py,python tools/replot_results_e20_e24.py,present_in_reference_tree,rebuild_from_code
results-E20-E24/source_originals/E21/unique/pairwise_r2/figures/r2_curve_pages/pairwise_r2_curves_page_02.pdf,outputs/results-E20-E24/source_originals/E21/unique/pairwise_r2/figures/r2_curve_pages/pairwise_r2_curves_page_02.pdf,34500,6647f1c8d340d1f3eb15558cbfc16d43b6620df4fb20b67c71be3998ba56d381,source_result_migration,tools/replot_results_e20_e24.py,python tools/replot_results_e20_e24.py,present_in_reference_tree,rebuild_from_code
results-E20-E24/source_originals/E21/unique/pairwise_r2/figures/r2_curve_pages/pairwise_r2_curves_page_02.png,outputs/results-E20-E24/source_originals/E21/unique/pairwise_r2/figures/r2_curve_pages/pairwise_r2_curves_page_02.png,434205,5254736b2519075ced7092fc6c6470a7757e5210306581d99babd053468e7af9,source_result_migration,tools/replot_results_e20_e24.py,python tools/replot_results_e20_e24.py,present_in_reference_tree,rebuild_from_code
results-E20-E24/source_originals/E21/unique/pairwise_r2/figures/r2_curve_pages/pairwise_r2_curves_page_03.pdf,outputs/results-E20-E24/source_originals/E21/unique/pairwise_r2/figures/r2_curve_pages/pairwise_r2_curves_page_03.pdf,34548,4020aa9ea1ba779657620cdef4e438fc8c248b0d1e54c55982637dcfd41386c2,source_result_migration,tools/replot_results_e20_e24.py,python tools/replot_results_e20_e24.py,present_in_reference_tree,rebuild_from_code
results-E20-E24/source_originals/E21/unique/pairwise_r2/figures/r2_curve_pages/pairwise_r2_curves_page_03.png,outputs/results-E20-E24/source_originals/E21/unique/pairwise_r2/figures/r2_curve_pages/pairwise_r2_curves_page_03.png,435307,01f610bc2e42b4a154f3b57d0871f79acd290488d0c6b8d5fee1e15fadef6364,source_result_migration,tools/replot_results_e20_e24.py,python tools/replot_results_e20_e24.py,present_in_reference_tree,rebuild_from_code
results-E20-E24/source_originals/E21/unique/pairwise_r2/figures/r2_curve_pages/pairwise_r2_curves_page_04.pdf,outputs/results-E20-E24/source_originals/E21/unique/pairwise_r2/figures/r2_curve_pages/pairwise_r2_curves_page_04.pdf,34174,e500dd670518ebdce15e312cb1131b590325cd77d3fe4163957f4f286180dc5a,source_result_migration,tools/replot_results_e20_e24.py,python tools/replot_results_e20_e24.py,present_in_reference_tree,rebuild_from_code
results-E20-E24/source_originals/E21/unique/pairwise_r2/figures/r2_curve_pages/pairwise_r2_curves_page_04.png,outputs/results-E20-E24/source_originals/E21/unique/pairwise_r2/figures/r2_curve_pages/pairwise_r2_curves_page_04.png,437508,4e702a6041bf22822ee23709606ecf2ae695734520ee955b72c271c7bbd3ced5,source_result_migration,tools/replot_results_e20_e24.py,python tools/replot_results_e20_e24.py,present_in_reference_tree,rebuild_from_code
results-E20-E24/source_originals/E21/unique/pairwise_r2/figures/r2_curve_pages/pairwise_r2_curves_page_05.pdf,outputs/results-E20-E24/source_originals/E21/unique/pairwise_r2/figures/r2_curve_pages/pairwise_r2_curves_page_05.pdf,33968,196b410c4821ae471892b158b054915a4c984bf5a93f0797b8a3c307de85837c,source_result_migration,tools/replot_results_e20_e24.py,python tools/replot_results_e20_e24.py,present_in_reference_tree,rebuild_from_code
results-E20-E24/source_originals/E21/unique/pairwise_r2/figures/r2_curve_pages/pairwise_r2_curves_page_05.png,outputs/results-E20-E24/source_originals/E21/unique/pairwise_r2/figures/r2_curve_pages/pairwise_r2_curves_page_05.png,423760,c9f40ffb344ba5cbba1820711e388f9c48247058ac5be380d3b69b7324b13092,source_result_migration,tools/replot_results_e20_e24.py,python tools/replot_results_e20_e24.py,present_in_reference_tree,rebuild_from_code
results-E20-E24/source_originals/E21/unique/pairwise_r2/figures/r2_curve_pages/pairwise_r2_curves_page_06.pdf,outputs/results-E20-E24/source_originals/E21/unique/pairwise_r2/figures/r2_curve_pages/pairwise_r2_curves_page_06.pdf,33776,730716826b56e1caaf11de24332c0ef32025340edace0231feeb8be67447775e,source_result_migration,tools/replot_results_e20_e24.py,python tools/replot_results_e20_e24.py,present_in_reference_tree,rebuild_from_code
results-E20-E24/source_originals/E21/unique/pairwise_r2/figures/r2_curve_pages/pairwise_r2_curves_page_06.png,outputs/results-E20-E24/source_originals/E21/unique/pairwise_r2/figures/r2_curve_pages/pairwise_r2_curves_page_06.png,444189,fbe100c7291ce7e4999c8e733a1dddf2980cd5c36d46f96bd0e059382e67d57d,source_result_migration,tools/replot_results_e20_e24.py,python tools/replot_results_e20_e24.py,present_in_reference_tree,rebuild_from_code
results-E20-E24/source_originals/E21/unique/pairwise_r2/figures/r2_curve_pages/pairwise_r2_curves_page_07.pdf,outputs/results-E20-E24/source_originals/E21/unique/pairwise_r2/figures/r2_curve_pages/pairwise_r2_curves_page_07.pdf,33699,e8b265b0869335b5ecddcee5614e1a7e2e44f3fa74bdc7e956b26386cf95c963,source_result_migration,tools/replot_results_e20_e24.py,python tools/replot_results_e20_e24.py,present_in_reference_tree,rebuild_from_code
results-E20-E24/source_originals/E21/unique/pairwise_r2/figures/r2_curve_pages/pairwise_r2_curves_page_07.png,outputs/results-E20-E24/source_originals/E21/unique/pairwise_r2/figures/r2_curve_pages/pairwise_r2_curves_page_07.png,433644,77f9fb7e66c0649cd86c738fea5ce72116513f54975d293d5c8119a7494e3ae1,source_result_migration,tools/replot_results_e20_e24.py,python tools/replot_results_e20_e24.py,present_in_reference_tree,rebuild_from_code
results-E20-E24/source_originals/E21/unique/pairwise_r2/figures/r2_curve_pages/pairwise_r2_curves_page_08.pdf,outputs/results-E20-E24/source_originals/E21/unique/pairwise_r2/figures/r2_curve_pages/pairwise_r2_curves_page_08.pdf,33286,1cd36ab37000491cebc61d49ce8d0e3257fd88bf8e287ee0f59f858444d0367d,source_result_migration,tools/replot_results_e20_e24.py,python tools/replot_results_e20_e24.py,present_in_reference_tree,rebuild_from_code
results-E20-E24/source_originals/E21/unique/pairwise_r2/figures/r2_curve_pages/pairwise_r2_curves_page_08.png,outputs/results-E20-E24/source_originals/E21/unique/pairwise_r2/figures/r2_curve_pages/pairwise_r2_curves_page_08.png,427814,e851948594d3888cab0014ea6b720d92e927fa87999a9a0f07ce5a9634a4b615,source_result_migration,tools/replot_results_e20_e24.py,python tools/replot_results_e20_e24.py,present_in_reference_tree,rebuild_from_code
results-E20-E24/source_originals/E21/unique/pairwise_r2/figures/r2_curve_pages/pairwise_r2_curves_page_09.pdf,outputs/results-E20-E24/source_originals/E21/unique/pairwise_r2/figures/r2_curve_pages/pairwise_r2_curves_page_09.pdf,29314,27635495f4e9ffe7234205480e7ca85ca367563b950cc7d2cd7ae6e211973896,source_result_migration,tools/replot_results_e20_e24.py,python tools/replot_results_e20_e24.py,present_in_reference_tree,rebuild_from_code
results-E20-E24/source_originals/E21/unique/pairwise_r2/figures/r2_curve_pages/pairwise_r2_curves_page_09.png,outputs/results-E20-E24/source_originals/E21/unique/pairwise_r2/figures/r2_curve_pages/pairwise_r2_curves_page_09.png,325016,95fd7dba0ceffe1cce8531adb54455e66be537d1d3650bd0bd3444da2c47ccab,source_result_migration,tools/replot_results_e20_e24.py,python tools/replot_results_e20_e24.py,present_in_reference_tree,rebuild_from_code
results-E20-E24/source_originals/E21/unique/pairwise_r2/figures/r2_curves/P001_r2_curve.pdf,outputs/results-E20-E24/source_originals/E21/unique/pairwise_r2/figures/r2_curves/P001_r2_curve.pdf,17994,173f9dcd6de627b9444d3da2a0b1b111cf8ad11dec45d96c002f9a901c5dc858,source_result_migration,tools/replot_results_e20_e24.py,python tools/replot_results_e20_e24.py,present_in_reference_tree,rebuild_from_code
results-E20-E24/source_originals/E21/unique/pairwise_r2/figures/r2_curves/P001_r2_curve.png,outputs/results-E20-E24/source_originals/E21/unique/pairwise_r2/figures/r2_curves/P001_r2_curve.png,110556,fb460c967af97bc462a5b7fa08b9136a1a930dbb3a87c0bccf9b38ff9d4f2569,source_result_migration,tools/replot_results_e20_e24.py,python tools/replot_results_e20_e24.py,present_in_reference_tree,rebuild_from_code
results-E20-E24/source_originals/E21/unique/pairwise_r2/figures/r2_curves/P002_r2_curve.pdf,outputs/results-E20-E24/source_originals/E21/unique/pairwise_r2/figures/r2_curves/P002_r2_curve.pdf,18958,a012c27f3ece7210da50789e3ec0d782cbcbde44bfc6f921d069c3f73d91f42b,source_result_migration,tools/replot_results_e20_e24.py,python tools/replot_results_e20_e24.py,present_in_reference_tree,rebuild_from_code
results-E20-E24/source_originals/E21/unique/pairwise_r2/figures/r2_curves/P002_r2_curve.png,outputs/results-E20-E24/source_originals/E21/unique/pairwise_r2/figures/r2_curves/P002_r2_curve.png,110303,6ec10339e0ca068903997fd27ac19c92a29faaf6497acfb65f5567a528eca0b6,source_result_migration,tools/replot_results_e20_e24.py,python tools/replot_results_e20_e24.py,present_in_reference_tree,rebuild_from_code
results-E20-E24/source_originals/E21/unique/pairwise_r2/figures/r2_curves/P003_r2_curve.pdf,outputs/results-E20-E24/source_originals/E21/unique/pairwise_r2/figures/r2_curves/P003_r2_curve.pdf,19801,6914584abc1936187da1fc8a571242f24cd5139491d642c9b4da6330a0606e14,source_result_migration,tools/replot_results_e20_e24.py,python tools/replot_results_e20_e24.py,present_in_reference_tree,rebuild_from_code
results-E20-E24/source_originals/E21/unique/pairwise_r2/figures/r2_curves/P003_r2_curve.png,outputs/results-E20-E24/source_originals/E21/unique/pairwise_r2/figures/r2_curves/P003_r2_curve.png,111814,6ef954084296b221ecf9cda1eb2ae8f79039c62328706fc952f800d4a807c231,source_result_migration,tools/replot_results_e20_e24.py,python tools/replot_results_e20_e24.py,present_in_reference_tree,rebuild_from_code
results-E20-E24/source_originals/E21/unique/pairwise_r2/figures/r2_curves/P004_r2_curve.pdf,outputs/results-E20-E24/source_originals/E21/unique/pairwise_r2/figures/r2_curves/P004_r2_curve.pdf,18007,3ea84339e77d186a0db4bb512d27b6b37e0aa1bde868d6458f6c0e436e0e46f3,source_result_migration,tools/replot_results_e20_e24.py,python tools/replot_results_e20_e24.py,present_in_reference_tree,rebuild_from_code
results-E20-E24/source_originals/E21/unique/pairwise_r2/figures/r2_curves/P004_r2_curve.png,outputs/results-E20-E24/source_originals/E21/unique/pairwise_r2/figures/r2_curves/P004_r2_curve.png,110864,c7a59747a1c44f3e5b8433079e7951526f1319aa9d3c9c668e86be24b47b657d,source_result_migration,tools/replot_results_e20_e24.py,python tools/replot_results_e20_e24.py,present_in_reference_tree,rebuild_from_code
results-E20-E24/source_originals/E21/unique/pairwise_r2/figures/r2_curves/P005_r2_curve.pdf,outputs/results-E20-E24/source_originals/E21/unique/pairwise_r2/figures/r2_curves/P005_r2_curve.pdf,18189,4967c2c0db22ca26f809f9f064146274811e6f131bd0e03be5f457ef6b608803,source_result_migration,tools/replot_results_e20_e24.py,python tools/replot_results_e20_e24.py,present_in_reference_tree,rebuild_from_code
results-E20-E24/source_originals/E21/unique/pairwise_r2/figures/r2_curves/P005_r2_curve.png,outputs/results-E20-E24/source_originals/E21/unique/pairwise_r2/figures/r2_curves/P005_r2_curve.png,112122,a8ca85f7bce68671ec00e398037017a11da04dcdab9132697717dbaac1b97213,source_result_migration,tools/replot_results_e20_e24.py,python tools/replot_results_e20_e24.py,present_in_reference_tree,rebuild_from_code
results-E20-E24/source_originals/E21/unique/pairwise_r2/figures/r2_curves/P006_r2_curve.pdf,outputs/results-E20-E24/source_originals/E21/unique/pairwise_r2/figures/r2_curves/P006_r2_curve.pdf,18792,6c38a235aab7d91bfbadca881baf4ac059dbdba0e87a9d74bff02e39d3031ab4,source_result_migration,tools/replot_results_e20_e24.py,python tools/replot_results_e20_e24.py,present_in_reference_tree,rebuild_from_code
results-E20-E24/source_originals/E21/unique/pairwise_r2/figures/r2_curves/P006_r2_curve.png,outputs/results-E20-E24/source_originals/E21/unique/pairwise_r2/figures/r2_curves/P006_r2_curve.png,111413,59b9fcd2d8de431dfae03d574d8f9c3821d3123e1cc49928b9b0fd663a0aaa39,source_result_migration,tools/replot_results_e20_e24.py,python tools/replot_results_e20_e24.py,present_in_reference_tree,rebuild_from_code
results-E20-E24/source_originals/E21/unique/pairwise_r2/figures/r2_curves/P007_r2_curve.pdf,outputs/results-E20-E24/source_originals/E21/unique/pairwise_r2/figures/r2_curves/P007_r2_curve.pdf,18185,b0d78ff357fc092f15208e8eb5f50dd6053695e2c98f517e856ac96d5784c8ea,source_result_migration,tools/replot_results_e20_e24.py,python tools/replot_results_e20_e24.py,present_in_reference_tree,rebuild_from_code
results-E20-E24/source_originals/E21/unique/pairwise_r2/figures/r2_curves/P007_r2_curve.png,outputs/results-E20-E24/source_originals/E21/unique/pairwise_r2/figures/r2_curves/P007_r2_curve.png,115215,fa87b5a1e088a6212d849a4b5792736322f408061e123988487e8a1e548aa080,source_result_migration,tools/replot_results_e20_e24.py,python tools/replot_results_e20_e24.py,present_in_reference_tree,rebuild_from_code
results-E20-E24/source_originals/E21/unique/pairwise_r2/figures/r2_curves/P008_r2_curve.pdf,outputs/results-E20-E24/source_originals/E21/unique/pairwise_r2/figures/r2_curves/P008_r2_curve.pdf,18889,0a1bd666889070230f22398871bccdd2ad2f493737a7d0377cadeae01b22315b,source_result_migration,tools/replot_results_e20_e24.py,python tools/replot_results_e20_e24.py,present_in_reference_tree,rebuild_from_code
results-E20-E24/source_originals/E21/unique/pairwise_r2/figures/r2_curves/P008_r2_curve.png,outputs/results-E20-E24/source_originals/E21/unique/pairwise_r2/figures/r2_curves/P008_r2_curve.png,115942,04b839daad190049efe4b50d27787c078e126deb29d7137a374ec4f6043a5168,source_result_migration,tools/replot_results_e20_e24.py,python tools/replot_results_e20_e24.py,present_in_reference_tree,rebuild_from_code
results-E20-E24/source_originals/E21/unique/pairwise_r2/figures/r2_curves/P009_r2_curve.pdf,outputs/results-E20-E24/source_originals/E21/unique/pairwise_r2/figures/r2_curves/P009_r2_curve.pdf,19710,bc28d9d7699d620e00d987afa9665bfe86eac1d980635ce88a37e16323a5c68f,source_result_migration,tools/replot_results_e20_e24.py,python tools/replot_results_e20_e24.py,present_in_reference_tree,rebuild_from_code
results-E20-E24/source_originals/E21/unique/pairwise_r2/figures/r2_curves/P009_r2_curve.png,outputs/results-E20-E24/source_originals/E21/unique/pairwise_r2/figures/r2_curves/P009_r2_curve.png,115166,a57b428096ba11a49bce999d34524486ce97f73fca31a1d7af82ffabf3421ba3,source_result_migration,tools/replot_results_e20_e24.py,python tools/replot_results_e20_e24.py,present_in_reference_tree,rebuild_from_code
results-E20-E24/source_originals/E21/unique/pairwise_r2/figures/r2_curves/P010_r2_curve.pdf,outputs/results-E20-E24/source_originals/E21/unique/pairwise_r2/figures/r2_curves/P010_r2_curve.pdf,19261,12860354d7702deeb91449e1600741403146cb1326f3f4964adb4666d45e6904,source_result_migration,tools/replot_results_e20_e24.py,python tools/replot_results_e20_e24.py,present_in_reference_tree,rebuild_from_code
results-E20-E24/source_originals/E21/unique/pairwise_r2/figures/r2_curves/P010_r2_curve.png,outputs/results-E20-E24/source_originals/E21/unique/pairwise_r2/figures/r2_curves/P010_r2_curve.png,112828,c91322298342112cbba4e8efee826cb769a9c6f4afe5535940364cea908f8eb9,source_result_migration,tools/replot_results_e20_e24.py,python tools/replot_results_e20_e24.py,present_in_reference_tree,rebuild_from_code
results-E20-E24/source_originals/E21/unique/pairwise_r2/figures/r2_curves/P011_r2_curve.pdf,outputs/results-E20-E24/source_originals/E21/unique/pairwise_r2/figures/r2_curves/P011_r2_curve.pdf,18814,e1d211fe3f25963c115f3c511c3c182e00871ecee41cc8652112f996876690a6,source_result_migration,tools/replot_results_e20_e24.py,python tools/replot_results_e20_e24.py,present_in_reference_tree,rebuild_from_code
results-E20-E24/source_originals/E21/unique/pairwise_r2/figures/r2_curves/P011_r2_curve.png,outputs/results-E20-E24/source_originals/E21/unique/pairwise_r2/figures/r2_curves/P011_r2_curve.png,111144,dcd9afdc704f36eb63d76090d7c22a60e09522be7d2ec422a23560253ac8c820,source_result_migration,tools/replot_results_e20_e24.py,python tools/replot_results_e20_e24.py,present_in_reference_tree,rebuild_from_code
results-E20-E24/source_originals/E21/unique/pairwise_r2/figures/r2_curves/P012_r2_curve.pdf,outputs/results-E20-E24/source_originals/E21/unique/pairwise_r2/figures/r2_curves/P012_r2_curve.pdf,18835,a51d15b6063bdae27afe0b0b7003719780cdd2d27e8c533d99a017a14d6ae9df,source_result_migration,tools/replot_results_e20_e24.py,python tools/replot_results_e20_e24.py,present_in_reference_tree,rebuild_from_code
results-E20-E24/source_originals/E21/unique/pairwise_r2/figures/r2_curves/P012_r2_curve.png,outputs/results-E20-E24/source_originals/E21/unique/pairwise_r2/figures/r2_curves/P012_r2_curve.png,115497,a51a0d27ab20edc634ff018c93657622fa51d84bb41f0b38ae1af74ced9197c3,source_result_migration,tools/replot_results_e20_e24.py,python tools/replot_results_e20_e24.py,present_in_reference_tree,rebuild_from_code
results-E20-E24/source_originals/E21/unique/pairwise_r2/figures/r2_curves/P013_r2_curve.pdf,outputs/results-E20-E24/source_originals/E21/unique/pairwise_r2/figures/r2_curves/P013_r2_curve.pdf,18986,542d11a6ba6c2df5c4da2453389511a882b5c9e1a9fa02d60bbe2e802edfd1ab,source_result_migration,tools/replot_results_e20_e24.py,python tools/replot_results_e20_e24.py,present_in_reference_tree,rebuild_from_code
results-E20-E24/source_originals/E21/unique/pairwise_r2/figures/r2_curves/P013_r2_curve.png,outputs/results-E20-E24/source_originals/E21/unique/pairwise_r2/figures/r2_curves/P013_r2_curve.png,110657,452ed7807328c08b249075ab04c5181fc72b73d21e79de4b45b9c4390cbd8fa0,source_result_migration,tools/replot_results_e20_e24.py,python tools/replot_results_e20_e24.py,present_in_reference_tree,rebuild_from_code
results-E20-E24/source_originals/E21/unique/pairwise_r2/figures/r2_curves/P014_r2_curve.pdf,outputs/results-E20-E24/source_originals/E21/unique/pairwise_r2/figures/r2_curves/P014_r2_curve.pdf,19371,62b58e673268929fb0b552c71193cf38f734de6861f33b55853fd861ed1ecdf0,source_result_migration,tools/replot_results_e20_e24.py,python tools/replot_results_e20_e24.py,present_in_reference_tree,rebuild_from_code
results-E20-E24/source_originals/E21/unique/pairwise_r2/figures/r2_curves/P014_r2_curve.png,outputs/results-E20-E24/source_originals/E21/unique/pairwise_r2/figures/r2_curves/P014_r2_curve.png,85125,e5809f3bf8bd4cabf06851950fc6f74c145675d582bd38ff6983f18e07cc4044,source_result_migration,tools/replot_results_e20_e24.py,python tools/replot_results_e20_e24.py,present_in_reference_tree,rebuild_from_code
results-E20-E24/source_originals/E21/unique/pairwise_r2/figures/r2_curves/P015_r2_curve.pdf,outputs/results-E20-E24/source_originals/E21/unique/pairwise_r2/figures/r2_curves/P015_r2_curve.pdf,18963,c8e7fa7edb3f989db5085f7c4830b09fd468d64f2f9e83897b39fa9c9e71ad3f,source_result_migration,tools/replot_results_e20_e24.py,python tools/replot_results_e20_e24.py,present_in_reference_tree,rebuild_from_code
results-E20-E24/source_originals/E21/unique/pairwise_r2/figures/r2_curves/P015_r2_curve.png,outputs/results-E20-E24/source_originals/E21/unique/pairwise_r2/figures/r2_curves/P015_r2_curve.png,109178,2d1e50d466f109c0828d627c798bb2fe768e6d8b3c8cb92386f775a2ee7d7e2b,source_result_migration,tools/replot_results_e20_e24.py,python tools/replot_results_e20_e24.py,present_in_reference_tree,rebuild_from_code
results-E20-E24/source_originals/E21/unique/pairwise_r2/figures/r2_curves/P016_r2_curve.pdf,outputs/results-E20-E24/source_originals/E21/unique/pairwise_r2/figures/r2_curves/P016_r2_curve.pdf,19359,31cd70633dfa9f45fe5fbb810adb177e160698a31edb32b8bce9a3711ac2cd2e,source_result_migration,tools/replot_results_e20_e24.py,python tools/replot_results_e20_e24.py,present_in_reference_tree,rebuild_from_code
results-E20-E24/source_originals/E21/unique/pairwise_r2/figures/r2_curves/P016_r2_curve.png,outputs/results-E20-E24/source_originals/E21/unique/pairwise_r2/figures/r2_curves/P016_r2_curve.png,114355,f26aa6798ffa43b666ede438e6bb325ee6ba5e9ab4c817eea6fce77d5dfe6e25,source_result_migration,tools/replot_results_e20_e24.py,python tools/replot_results_e20_e24.py,present_in_reference_tree,rebuild_from_code
results-E20-E24/source_originals/E21/unique/pairwise_r2/figures/r2_curves/P017_r2_curve.pdf,outputs/results-E20-E24/source_originals/E21/unique/pairwise_r2/figures/r2_curves/P017_r2_curve.pdf,18182,feca62cd560788c9485c21e1f968ee9c59a01509867f0c183e15ad1ad089000f,source_result_migration,tools/replot_results_e20_e24.py,python tools/replot_results_e20_e24.py,present_in_reference_tree,rebuild_from_code
results-E20-E24/source_originals/E21/unique/pairwise_r2/figures/r2_curves/P017_r2_curve.png,outputs/results-E20-E24/source_originals/E21/unique/pairwise_r2/figures/r2_curves/P017_r2_curve.png,112466,ff0d3508cd93426f4bf6503540934babb03923c71b3aa367dc280f5dd47c7679,source_result_migration,tools/replot_results_e20_e24.py,python tools/replot_results_e20_e24.py,present_in_reference_tree,rebuild_from_code
results-E20-E24/source_originals/E21/unique/pairwise_r2/figures/r2_curves/P018_r2_curve.pdf,outputs/results-E20-E24/source_originals/E21/unique/pairwise_r2/figures/r2_curves/P018_r2_curve.pdf,18196,10028c4f52f7a7a5b49ea5f9cdb81382e1cd10e850e15d8753eaebcc5dcb1593,source_result_migration,tools/replot_results_e20_e24.py,python tools/replot_results_e20_e24.py,present_in_reference_tree,rebuild_from_code
results-E20-E24/source_originals/E21/unique/pairwise_r2/figures/r2_curves/P018_r2_curve.png,outputs/results-E20-E24/source_originals/E21/unique/pairwise_r2/figures/r2_curves/P018_r2_curve.png,112213,d82fd6de8648eb5ca682154346621a6d37bf6f4868f18a35832b99bb1d491467,source_result_migration,tools/replot_results_e20_e24.py,python tools/replot_results_e20_e24.py,present_in_reference_tree,rebuild_from_code
results-E20-E24/source_originals/E21/unique/pairwise_r2/figures/r2_curves/P019_r2_curve.pdf,outputs/results-E20-E24/source_originals/E21/unique/pairwise_r2/figures/r2_curves/P019_r2_curve.pdf,18789,1f3da5ba29d1d833ab483dfcb274cae8e545dc34d5a2ab2a22f76196375643f3,source_result_migration,tools/replot_results_e20_e24.py,python tools/replot_results_e20_e24.py,present_in_reference_tree,rebuild_from_code
results-E20-E24/source_originals/E21/unique/pairwise_r2/figures/r2_curves/P019_r2_curve.png,outputs/results-E20-E24/source_originals/E21/unique/pairwise_r2/figures/r2_curves/P019_r2_curve.png,110666,4e887495902153bd4e3748be825727f2a51fcb2f5271e9da443541e9d93630d3,source_result_migration,tools/replot_results_e20_e24.py,python tools/replot_results_e20_e24.py,present_in_reference_tree,rebuild_from_code
results-E20-E24/source_originals/E21/unique/pairwise_r2/figures/r2_curves/P020_r2_curve.pdf,outputs/results-E20-E24/source_originals/E21/unique/pairwise_r2/figures/r2_curves/P020_r2_curve.pdf,18182,cf461f8e7a110fa166a5d7f8cdf76484668c14c80e22b8db7bfe76bd2f3bad4e,source_result_migration,tools/replot_results_e20_e24.py,python tools/replot_results_e20_e24.py,present_in_reference_tree,rebuild_from_code
results-E20-E24/source_originals/E21/unique/pairwise_r2/figures/r2_curves/P020_r2_curve.png,outputs/results-E20-E24/source_originals/E21/unique/pairwise_r2/figures/r2_curves/P020_r2_curve.png,111719,2e9084214307daf22804ccc70f599534a8e335877388e05d16fb67970b05e959,source_result_migration,tools/replot_results_e20_e24.py,python tools/replot_results_e20_e24.py,present_in_reference_tree,rebuild_from_code
results-E20-E24/source_originals/E21/unique/pairwise_r2/figures/r2_curves/P021_r2_curve.pdf,outputs/results-E20-E24/source_originals/E21/unique/pairwise_r2/figures/r2_curves/P021_r2_curve.pdf,18883,040c305ad9f33f85fe6979c1b6988f29e3eca66cd776463d143a58ec99097745,source_result_migration,tools/replot_results_e20_e24.py,python tools/replot_results_e20_e24.py,present_in_reference_tree,rebuild_from_code
results-E20-E24/source_originals/E21/unique/pairwise_r2/figures/r2_curves/P021_r2_curve.png,outputs/results-E20-E24/source_originals/E21/unique/pairwise_r2/figures/r2_curves/P021_r2_curve.png,110932,02072caf1f4dad10a680956de32000d91cafa5d1e5915e53abced51f61fdaa32,source_result_migration,tools/replot_results_e20_e24.py,python tools/replot_results_e20_e24.py,present_in_reference_tree,rebuild_from_code
results-E20-E24/source_originals/E21/unique/pairwise_r2/figures/r2_curves/P022_r2_curve.pdf,outputs/results-E20-E24/source_originals/E21/unique/pairwise_r2/figures/r2_curves/P022_r2_curve.pdf,19255,81686dd48ae3590824863a159128ec860c5465ae74ec0d9b8d52aa673464cb5c,source_result_migration,tools/replot_results_e20_e24.py,python tools/replot_results_e20_e24.py,present_in_reference_tree,rebuild_from_code
results-E20-E24/source_originals/E21/unique/pairwise_r2/figures/r2_curves/P022_r2_curve.png,outputs/results-E20-E24/source_originals/E21/unique/pairwise_r2/figures/r2_curves/P022_r2_curve.png,112719,1fec1d788d7c1bb43ac5919a18d250b8577d75d6d5a1f5aed762f76fb6535646,source_result_migration,tools/replot_results_e20_e24.py,python tools/replot_results_e20_e24.py,present_in_reference_tree,rebuild_from_code
results-E20-E24/source_originals/E21/unique/pairwise_r2/figures/r2_curves/P023_r2_curve.pdf,outputs/results-E20-E24/source_originals/E21/unique/pairwise_r2/figures/r2_curves/P023_r2_curve.pdf,19261,29b1d51762300cca5df2889ba57c09b657e197547e2d377ca1bb3671e4bd876b,source_result_migration,tools/replot_results_e20_e24.py,python tools/replot_results_e20_e24.py,present_in_reference_tree,rebuild_from_code
results-E20-E24/source_originals/E21/unique/pairwise_r2/figures/r2_curves/P023_r2_curve.png,outputs/results-E20-E24/source_originals/E21/unique/pairwise_r2/figures/r2_curves/P023_r2_curve.png,106798,a2ca3bce8d0739bfd7251537e521086fcf45eb0b24a9ce6f6345af8a15602783,source_result_migration,tools/replot_results_e20_e24.py,python tools/replot_results_e20_e24.py,present_in_reference_tree,rebuild_from_code
results-E20-E24/source_originals/E21/unique/pairwise_r2/figures/r2_curves/P024_r2_curve.pdf,outputs/results-E20-E24/source_originals/E21/unique/pairwise_r2/figures/r2_curves/P024_r2_curve.pdf,18811,715bd0a3a08c0155fb7c91f4e56c586363a7d7bbe23caa54295bb3c7b8d3e02d,source_result_migration,tools/replot_results_e20_e24.py,python tools/replot_results_e20_e24.py,present_in_reference_tree,rebuild_from_code
results-E20-E24/source_originals/E21/unique/pairwise_r2/figures/r2_curves/P024_r2_curve.png,outputs/results-E20-E24/source_originals/E21/unique/pairwise_r2/figures/r2_curves/P024_r2_curve.png,111253,c931f5df0927472b199c20e82aa64e927201b113f2c3905e30435fdb5b1385da,source_result_migration,tools/replot_results_e20_e24.py,python tools/replot_results_e20_e24.py,present_in_reference_tree,rebuild_from_code
results-E20-E24/source_originals/E21/unique/pairwise_r2/figures/r2_curves/P025_r2_curve.pdf,outputs/results-E20-E24/source_originals/E21/unique/pairwise_r2/figures/r2_curves/P025_r2_curve.pdf,18375,6bd662b03c3f6fa225409c5c3a829bf27b0bb2ac88734cd071996c5f2d71619c,source_result_migration,tools/replot_results_e20_e24.py,python tools/replot_results_e20_e24.py,present_in_reference_tree,rebuild_from_code
results-E20-E24/source_originals/E21/unique/pairwise_r2/figures/r2_curves/P025_r2_curve.png,outputs/results-E20-E24/source_originals/E21/unique/pairwise_r2/figures/r2_curves/P025_r2_curve.png,112927,4005c89881d40fa32542511aa1ddc9e624a83a994bbb8b07d52553438787f3e2,source_result_migration,tools/replot_results_e20_e24.py,python tools/replot_results_e20_e24.py,present_in_reference_tree,rebuild_from_code
results-E20-E24/source_originals/E21/unique/pairwise_r2/figures/r2_curves/P026_r2_curve.pdf,outputs/results-E20-E24/source_originals/E21/unique/pairwise_r2/figures/r2_curves/P026_r2_curve.pdf,18709,b422c2e3ffcfbfe60709e779a00d0b34cec790157b760f3ddfdb94414dcdc73b,source_result_migration,tools/replot_results_e20_e24.py,python tools/replot_results_e20_e24.py,present_in_reference_tree,rebuild_from_code
results-E20-E24/source_originals/E21/unique/pairwise_r2/figures/r2_curves/P026_r2_curve.png,outputs/results-E20-E24/source_originals/E21/unique/pairwise_r2/figures/r2_curves/P026_r2_curve.png,111445,e368b353dbd64097d5cd9b318279091c49fc77a4734c7163b23aa1209a3f21cc,source_result_migration,tools/replot_results_e20_e24.py,python tools/replot_results_e20_e24.py,present_in_reference_tree,rebuild_from_code
results-E20-E24/source_originals/E21/unique/pairwise_r2/figures/r2_curves/P027_r2_curve.pdf,outputs/results-E20-E24/source_originals/E21/unique/pairwise_r2/figures/r2_curves/P027_r2_curve.pdf,19557,4c44b61ba54c25ff00da8dd45b9f36b10588da4064581dc1a7a1ec7faa1e26de,source_result_migration,tools/replot_results_e20_e24.py,python tools/replot_results_e20_e24.py,present_in_reference_tree,rebuild_from_code
results-E20-E24/source_originals/E21/unique/pairwise_r2/figures/r2_curves/P027_r2_curve.png,outputs/results-E20-E24/source_originals/E21/unique/pairwise_r2/figures/r2_curves/P027_r2_curve.png,85837,70de88bc1945c822af5472798b6e3d24a35dee21ee69bdbd3cf1d0ff18a8dbcc,source_result_migration,tools/replot_results_e20_e24.py,python tools/replot_results_e20_e24.py,present_in_reference_tree,rebuild_from_code
results-E20-E24/source_originals/E21/unique/pairwise_r2/figures/r2_curves/P028_r2_curve.pdf,outputs/results-E20-E24/source_originals/E21/unique/pairwise_r2/figures/r2_curves/P028_r2_curve.pdf,18986,46dedacd5d2395f9f1de59656e696d15c82001be89234794e50a0cc49a972087,source_result_migration,tools/replot_results_e20_e24.py,python tools/replot_results_e20_e24.py,present_in_reference_tree,rebuild_from_code
results-E20-E24/source_originals/E21/unique/pairwise_r2/figures/r2_curves/P028_r2_curve.png,outputs/results-E20-E24/source_originals/E21/unique/pairwise_r2/figures/r2_curves/P028_r2_curve.png,104902,b675bbc8efa3966e2847e88727644594f6f3ff98ed1ddcd20a5a13b167956d31,source_result_migration,tools/replot_results_e20_e24.py,python tools/replot_results_e20_e24.py,present_in_reference_tree,rebuild_from_code
results-E20-E24/source_originals/E21/unique/pairwise_r2/figures/r2_curves/P029_r2_curve.pdf,outputs/results-E20-E24/source_originals/E21/unique/pairwise_r2/figures/r2_curves/P029_r2_curve.pdf,17518,83b1e8d5399ed1e6a19e19543d381a1043e4f18a55ec5731c4f1b26f42a7ec6f,source_result_migration,tools/replot_results_e20_e24.py,python tools/replot_results_e20_e24.py,present_in_reference_tree,rebuild_from_code
results-E20-E24/source_originals/E21/unique/pairwise_r2/figures/r2_curves/P029_r2_curve.png,outputs/results-E20-E24/source_originals/E21/unique/pairwise_r2/figures/r2_curves/P029_r2_curve.png,110575,241bec44944383749160777ec7e852941f4187b6370882d8e7c6ca929c964f84,source_result_migration,tools/replot_results_e20_e24.py,python tools/replot_results_e20_e24.py,present_in_reference_tree,rebuild_from_code
results-E20-E24/source_originals/E21/unique/pairwise_r2/figures/r2_curves/P030_r2_curve.pdf,outputs/results-E20-E24/source_originals/E21/unique/pairwise_r2/figures/r2_curves/P030_r2_curve.pdf,18702,6a0d2597d34be1594c5a5e66f95504caeadfd9b610cebaa253541a1af5098030,source_result_migration,tools/replot_results_e20_e24.py,python tools/replot_results_e20_e24.py,present_in_reference_tree,rebuild_from_code
results-E20-E24/source_originals/E21/unique/pairwise_r2/figures/r2_curves/P030_r2_curve.png,outputs/results-E20-E24/source_originals/E21/unique/pairwise_r2/figures/r2_curves/P030_r2_curve.png,116086,6bec80aa990bcb02f834998cbc2c99f97fb571d5ae823b4dc409d5b8ec98059c,source_result_migration,tools/replot_results_e20_e24.py,python tools/replot_results_e20_e24.py,present_in_reference_tree,rebuild_from_code
results-E20-E24/source_originals/E21/unique/pairwise_r2/figures/r2_curves/P031_r2_curve.pdf,outputs/results-E20-E24/source_originals/E21/unique/pairwise_r2/figures/r2_curves/P031_r2_curve.pdf,18953,9fdb8c429c03e6906b5084d1a243106cd921b7978c83c9829920b280242a17d6,source_result_migration,tools/replot_results_e20_e24.py,python tools/replot_results_e20_e24.py,present_in_reference_tree,rebuild_from_code
results-E20-E24/source_originals/E21/unique/pairwise_r2/figures/r2_curves/P031_r2_curve.png,outputs/results-E20-E24/source_originals/E21/unique/pairwise_r2/figures/r2_curves/P031_r2_curve.png,111169,d49911f1113914f91779b2d22798e2a9b570e2d35248088389d1991ee2c60cec,source_result_migration,tools/replot_results_e20_e24.py,python tools/replot_results_e20_e24.py,present_in_reference_tree,rebuild_from_code
results-E20-E24/source_originals/E21/unique/pairwise_r2/figures/r2_curves/P032_r2_curve.pdf,outputs/results-E20-E24/source_originals/E21/unique/pairwise_r2/figures/r2_curves/P032_r2_curve.pdf,18237,b4d40e38c50936df8de9f61980abff97c48539118099ce9dcc3a25c8f08d7b1c,source_result_migration,tools/replot_results_e20_e24.py,python tools/replot_results_e20_e24.py,present_in_reference_tree,rebuild_from_code
results-E20-E24/source_originals/E21/unique/pairwise_r2/figures/r2_curves/P032_r2_curve.png,outputs/results-E20-E24/source_originals/E21/unique/pairwise_r2/figures/r2_curves/P032_r2_curve.png,114335,65a0553c6cf1f637635f0fddcec277863e17e89d02cd3aba9462c4c6d1f04d65,source_result_migration,tools/replot_results_e20_e24.py,python tools/replot_results_e20_e24.py,present_in_reference_tree,rebuild_from_code
results-E20-E24/source_originals/E21/unique/pairwise_r2/figures/r2_curves/P033_r2_curve.pdf,outputs/results-E20-E24/source_originals/E21/unique/pairwise_r2/figures/r2_curves/P033_r2_curve.pdf,18863,fc682872b86dd5bedb3fba1b0dcb378ed0758e2c0d90ef0998f7a62ec758b5c0,source_result_migration,tools/replot_results_e20_e24.py,python tools/replot_results_e20_e24.py,present_in_reference_tree,rebuild_from_code
results-E20-E24/source_originals/E21/unique/pairwise_r2/figures/r2_curves/P033_r2_curve.png,outputs/results-E20-E24/source_originals/E21/unique/pairwise_r2/figures/r2_curves/P033_r2_curve.png,107909,f6ffc5e89937e3b6b07d15c75c220844ab14c80f87f01287beddb22902b078bc,source_result_migration,tools/replot_results_e20_e24.py,python tools/replot_results_e20_e24.py,present_in_reference_tree,rebuild_from_code
results-E20-E24/source_originals/E21/unique/pairwise_r2/figures/r2_curves/P034_r2_curve.pdf,outputs/results-E20-E24/source_originals/E21/unique/pairwise_r2/figures/r2_curves/P034_r2_curve.pdf,19222,7e7a3b1969ab290ca771dd410924a2fb957517faeabd2181d476add102719512,source_result_migration,tools/replot_results_e20_e24.py,python tools/replot_results_e20_e24.py,present_in_reference_tree,rebuild_from_code
results-E20-E24/source_originals/E21/unique/pairwise_r2/figures/r2_curves/P034_r2_curve.png,outputs/results-E20-E24/source_originals/E21/unique/pairwise_r2/figures/r2_curves/P034_r2_curve.png,110065,fc441730e22a6180c02ca20aad8cb2aa0b70f3e23aea12c3882f90ac4d8d3456,source_result_migration,tools/replot_results_e20_e24.py,python tools/replot_results_e20_e24.py,present_in_reference_tree,rebuild_from_code
results-E20-E24/source_originals/E21/unique/pairwise_r2/figures/r2_curves/P035_r2_curve.pdf,outputs/results-E20-E24/source_originals/E21/unique/pairwise_r2/figures/r2_curves/P035_r2_curve.pdf,18776,774a1547b3550c532320d72a5d50274ad71cc768a8f4279511651b31f2b87a57,source_result_migration,tools/replot_results_e20_e24.py,python tools/replot_results_e20_e24.py,present_in_reference_tree,rebuild_from_code
results-E20-E24/source_originals/E21/unique/pairwise_r2/figures/r2_curves/P035_r2_curve.png,outputs/results-E20-E24/source_originals/E21/unique/pairwise_r2/figures/r2_curves/P035_r2_curve.png,111801,d06a79517021cab56f983c0d643a2e4e5283dc94f2fa7fbb8b192379516f0a5e,source_result_migration,tools/replot_results_e20_e24.py,python tools/replot_results_e20_e24.py,present_in_reference_tree,rebuild_from_code
results-E20-E24/source_originals/E21/unique/pairwise_r2/figures/r2_curves/P036_r2_curve.pdf,outputs/results-E20-E24/source_originals/E21/unique/pairwise_r2/figures/r2_curves/P036_r2_curve.pdf,18767,afaf326cab21846c48912e64a418f2e3e909dfc3cfed8a3eabb1c602a86ee4d4,source_result_migration,tools/replot_results_e20_e24.py,python tools/replot_results_e20_e24.py,present_in_reference_tree,rebuild_from_code
results-E20-E24/source_originals/E21/unique/pairwise_r2/figures/r2_curves/P036_r2_curve.png,outputs/results-E20-E24/source_originals/E21/unique/pairwise_r2/figures/r2_curves/P036_r2_curve.png,109902,3b48079d2dd3b1c11a2d07a36f3cd8ccb397141c10192fa88b8ff781473eb68b,source_result_migration,tools/replot_results_e20_e24.py,python tools/replot_results_e20_e24.py,present_in_reference_tree,rebuild_from_code
results-E20-E24/source_originals/E21/unique/pairwise_r2/figures/r2_curves/P037_r2_curve.pdf,outputs/results-E20-E24/source_originals/E21/unique/pairwise_r2/figures/r2_curves/P037_r2_curve.pdf,18529,4efc95490493abb9462426d2fca51aad31255c951faf0eec4314eb7375586547,source_result_migration,tools/replot_results_e20_e24.py,python tools/replot_results_e20_e24.py,present_in_reference_tree,rebuild_from_code
results-E20-E24/source_originals/E21/unique/pairwise_r2/figures/r2_curves/P037_r2_curve.png,outputs/results-E20-E24/source_originals/E21/unique/pairwise_r2/figures/r2_curves/P037_r2_curve.png,110728,5511643e8cade017058690ac68da12853823e799ed81ebcde25cde949a9834b2,source_result_migration,tools/replot_results_e20_e24.py,python tools/replot_results_e20_e24.py,present_in_reference_tree,rebuild_from_code
results-E20-E24/source_originals/E21/unique/pairwise_r2/figures/r2_curves/P038_r2_curve.pdf,outputs/results-E20-E24/source_originals/E21/unique/pairwise_r2/figures/r2_curves/P038_r2_curve.pdf,18149,b4eaa0957bfd55a5d72710c41ff0155b3078fd4d0f752ffdf9b50e3b4fed3ad4,source_result_migration,tools/replot_results_e20_e24.py,python tools/replot_results_e20_e24.py,present_in_reference_tree,rebuild_from_code
results-E20-E24/source_originals/E21/unique/pairwise_r2/figures/r2_curves/P038_r2_curve.png,outputs/results-E20-E24/source_originals/E21/unique/pairwise_r2/figures/r2_curves/P038_r2_curve.png,109226,d109e51251d1a94e76b71a0ffa34773425b7dfd13d883dd86c4c152da175d01c,source_result_migration,tools/replot_results_e20_e24.py,python tools/replot_results_e20_e24.py,present_in_reference_tree,rebuild_from_code
results-E20-E24/source_originals/E21/unique/pairwise_r2/figures/r2_curves/P039_r2_curve.pdf,outputs/results-E20-E24/source_originals/E21/unique/pairwise_r2/figures/r2_curves/P039_r2_curve.pdf,19598,25bac2808aa905ff9b9b80863f673a492c25433f37d6c777350611f3c6687e4e,source_result_migration,tools/replot_results_e20_e24.py,python tools/replot_results_e20_e24.py,present_in_reference_tree,rebuild_from_code
results-E20-E24/source_originals/E21/unique/pairwise_r2/figures/r2_curves/P039_r2_curve.png,outputs/results-E20-E24/source_originals/E21/unique/pairwise_r2/figures/r2_curves/P039_r2_curve.png,86514,520b6f9d654cb051a9ea3ae78844616bf6d595e026447c7563b94f7c83a39414,source_result_migration,tools/replot_results_e20_e24.py,python tools/replot_results_e20_e24.py,present_in_reference_tree,rebuild_from_code
results-E20-E24/source_originals/E21/unique/pairwise_r2/figures/r2_curves/P040_r2_curve.pdf,outputs/results-E20-E24/source_originals/E21/unique/pairwise_r2/figures/r2_curves/P040_r2_curve.pdf,18363,67d86a68f1adea77a49291893c2e0a33a41355e0315fda9b8f14e2d797171a72,source_result_migration,tools/replot_results_e20_e24.py,python tools/replot_results_e20_e24.py,present_in_reference_tree,rebuild_from_code
results-E20-E24/source_originals/E21/unique/pairwise_r2/figures/r2_curves/P040_r2_curve.png,outputs/results-E20-E24/source_originals/E21/unique/pairwise_r2/figures/r2_curves/P040_r2_curve.png,112599,bfe8bdb010f29ece99c7cce5448d3c60f4ec3c7324a0b1e649c1c081d79bb0c1,source_result_migration,tools/replot_results_e20_e24.py,python tools/replot_results_e20_e24.py,present_in_reference_tree,rebuild_from_code
results-E20-E24/source_originals/E21/unique/pairwise_r2/figures/r2_curves/P041_r2_curve.pdf,outputs/results-E20-E24/source_originals/E21/unique/pairwise_r2/figures/r2_curves/P041_r2_curve.pdf,19368,ad16171bd66e1debba310116bdee2a556dd7b9d2c7f850399c9cb42aae878e1a,source_result_migration,tools/replot_results_e20_e24.py,python tools/replot_results_e20_e24.py,present_in_reference_tree,rebuild_from_code
results-E20-E24/source_originals/E21/unique/pairwise_r2/figures/r2_curves/P041_r2_curve.png,outputs/results-E20-E24/source_originals/E21/unique/pairwise_r2/figures/r2_curves/P041_r2_curve.png,116024,0869e42bccd36ec60a2532e4bf80d5cf15af1b0ff08a94527af80ece212809bd,source_result_migration,tools/replot_results_e20_e24.py,python tools/replot_results_e20_e24.py,present_in_reference_tree,rebuild_from_code
results-E20-E24/source_originals/E21/unique/pairwise_r2/figures/r2_curves/P042_r2_curve.pdf,outputs/results-E20-E24/source_originals/E21/unique/pairwise_r2/figures/r2_curves/P042_r2_curve.pdf,18715,649477d4ee109100d710fe73adfa0fc91186e84b53e969bb695738e74e1a154c,source_result_migration,tools/replot_results_e20_e24.py,python tools/replot_results_e20_e24.py,present_in_reference_tree,rebuild_from_code
results-E20-E24/source_originals/E21/unique/pairwise_r2/figures/r2_curves/P042_r2_curve.png,outputs/results-E20-E24/source_originals/E21/unique/pairwise_r2/figures/r2_curves/P042_r2_curve.png,110747,dce210c9f8824a0e4030a20139ef9aefb2959ed990b6e3625bf060ca1ffa7dba,source_result_migration,tools/replot_results_e20_e24.py,python tools/replot_results_e20_e24.py,present_in_reference_tree,rebuild_from_code
results-E20-E24/source_originals/E21/unique/pairwise_r2/figures/r2_curves/P043_r2_curve.pdf,outputs/results-E20-E24/source_originals/E21/unique/pairwise_r2/figures/r2_curves/P043_r2_curve.pdf,19252,9e97a6865d7c9a7fa0dde7b67648d3c1090118b7fe33184f16ffa9536f9e83a4,source_result_migration,tools/replot_results_e20_e24.py,python tools/replot_results_e20_e24.py,present_in_reference_tree,rebuild_from_code
results-E20-E24/source_originals/E21/unique/pairwise_r2/figures/r2_curves/P043_r2_curve.png,outputs/results-E20-E24/source_originals/E21/unique/pairwise_r2/figures/r2_curves/P043_r2_curve.png,111343,64c60fb34c284f5a9d5ab23cc957b976f4c19e6ef4d35efc60ab13dc12e4f3c8,source_result_migration,tools/replot_results_e20_e24.py,python tools/replot_results_e20_e24.py,present_in_reference_tree,rebuild_from_code
results-E20-E24/source_originals/E21/unique/pairwise_r2/figures/r2_curves/P044_r2_curve.pdf,outputs/results-E20-E24/source_originals/E21/unique/pairwise_r2/figures/r2_curves/P044_r2_curve.pdf,19239,338282a607c241be447da11c9bf5d626e3581d48145ed785cc1ffc210bfa8c93,source_result_migration,tools/replot_results_e20_e24.py,python tools/replot_results_e20_e24.py,present_in_reference_tree,rebuild_from_code
results-E20-E24/source_originals/E21/unique/pairwise_r2/figures/r2_curves/P044_r2_curve.png,outputs/results-E20-E24/source_originals/E21/unique/pairwise_r2/figures/r2_curves/P044_r2_curve.png,111822,bd88ea7bb2a337a962f9d4494b5a0f3a595a3f97f3d620f253742d1df8c24aa1,source_result_migration,tools/replot_results_e20_e24.py,python tools/replot_results_e20_e24.py,present_in_reference_tree,rebuild_from_code
results-E20-E24/source_originals/E21/unique/pairwise_r2/figures/r2_curves/P045_r2_curve.pdf,outputs/results-E20-E24/source_originals/E21/unique/pairwise_r2/figures/r2_curves/P045_r2_curve.pdf,19610,c8365c8e32f63a5e851552e7fe33f1d0544ca51f15771870fc97c9111da65086,source_result_migration,tools/replot_results_e20_e24.py,python tools/replot_results_e20_e24.py,present_in_reference_tree,rebuild_from_code
results-E20-E24/source_originals/E21/unique/pairwise_r2/figures/r2_curves/P045_r2_curve.png,outputs/results-E20-E24/source_originals/E21/unique/pairwise_r2/figures/r2_curves/P045_r2_curve.png,114761,63e16a84f84366037be866eb3855e401a37b95d57937638ff345e1a791af98d2,source_result_migration,tools/replot_results_e20_e24.py,python tools/replot_results_e20_e24.py,present_in_reference_tree,rebuild_from_code
results-E20-E24/source_originals/E21/unique/pairwise_r2/figures/r2_curves/P046_r2_curve.pdf,outputs/results-E20-E24/source_originals/E21/unique/pairwise_r2/figures/r2_curves/P046_r2_curve.pdf,19624,66375fa517410cb678b96d70bc9f4f56f8833f702f66d732928964552c8f4b2a,source_result_migration,tools/replot_results_e20_e24.py,python tools/replot_results_e20_e24.py,present_in_reference_tree,rebuild_from_code
results-E20-E24/source_originals/E21/unique/pairwise_r2/figures/r2_curves/P046_r2_curve.png,outputs/results-E20-E24/source_originals/E21/unique/pairwise_r2/figures/r2_curves/P046_r2_curve.png,113606,170c9355c1c08b9636da83773b2c3c414b5dcf3c955159739e12ffd183dfbfc7,source_result_migration,tools/replot_results_e20_e24.py,python tools/replot_results_e20_e24.py,present_in_reference_tree,rebuild_from_code
results-E20-E24/source_originals/E21/unique/pairwise_r2/figures/r2_curves/P047_r2_curve.pdf,outputs/results-E20-E24/source_originals/E21/unique/pairwise_r2/figures/r2_curves/P047_r2_curve.pdf,19358,4f5572523457162af67d49952e97c1961cad249846e0e9bdb542ebef43c7f770,source_result_migration,tools/replot_results_e20_e24.py,python tools/replot_results_e20_e24.py,present_in_reference_tree,rebuild_from_code
results-E20-E24/source_originals/E21/unique/pairwise_r2/figures/r2_curves/P047_r2_curve.png,outputs/results-E20-E24/source_originals/E21/unique/pairwise_r2/figures/r2_curves/P047_r2_curve.png,106680,a18f64ccda0daacc5109ff73adba3c5d31d4e672161ffba247d65593105cda9c,source_result_migration,tools/replot_results_e20_e24.py,python tools/replot_results_e20_e24.py,present_in_reference_tree,rebuild_from_code
results-E20-E24/source_originals/E21/unique/pairwise_r2/figures/r2_curves/P048_r2_curve.pdf,outputs/results-E20-E24/source_originals/E21/unique/pairwise_r2/figures/r2_curves/P048_r2_curve.pdf,18738,ab71d5047086019ed64576c06db57b517513f66a25eb29022115b276d4d25a4a,source_result_migration,tools/replot_results_e20_e24.py,python tools/replot_results_e20_e24.py,present_in_reference_tree,rebuild_from_code
results-E20-E24/source_originals/E21/unique/pairwise_r2/figures/r2_curves/P048_r2_curve.png,outputs/results-E20-E24/source_originals/E21/unique/pairwise_r2/figures/r2_curves/P048_r2_curve.png,115636,053fd48837cc5e511a31d89c26bd0cd1c7c006b05211430d6a200e381034f419,source_result_migration,tools/replot_results_e20_e24.py,python tools/replot_results_e20_e24.py,present_in_reference_tree,rebuild_from_code
results-E20-E24/source_originals/E21/unique/pairwise_r2/figures/r2_curves/P049_r2_curve.pdf,outputs/results-E20-E24/source_originals/E21/unique/pairwise_r2/figures/r2_curves/P049_r2_curve.pdf,18547,938881a420d1d25763459a4c0c098109dcba8f297b2f3dc6060ba4ef1d25fb58,source_result_migration,tools/replot_results_e20_e24.py,python tools/replot_results_e20_e24.py,present_in_reference_tree,rebuild_from_code
results-E20-E24/source_originals/E21/unique/pairwise_r2/figures/r2_curves/P049_r2_curve.png,outputs/results-E20-E24/source_originals/E21/unique/pairwise_r2/figures/r2_curves/P049_r2_curve.png,112829,723dd18e06f9326302f01c4d7b25e39e568bc77546d7b05515dc389ca2122a4a,source_result_migration,tools/replot_results_e20_e24.py,python tools/replot_results_e20_e24.py,present_in_reference_tree,rebuild_from_code
results-E20-E24/source_originals/E21/unique/pairwise_r2/figures/r2_curves/P050_r2_curve.pdf,outputs/results-E20-E24/source_originals/E21/unique/pairwise_r2/figures/r2_curves/P050_r2_curve.pdf,19550,46cf44daeb3f663eb5d45f3d8fadd34f50a6a3f4eb5e81b29b650c92ca06ec18,source_result_migration,tools/replot_results_e20_e24.py,python tools/replot_results_e20_e24.py,present_in_reference_tree,rebuild_from_code
results-E20-E24/source_originals/E21/unique/pairwise_r2/figures/r2_curves/P050_r2_curve.png,outputs/results-E20-E24/source_originals/E21/unique/pairwise_r2/figures/r2_curves/P050_r2_curve.png,87284,11d971f6ddd9bd71268ab2bc497b27d95190a0d2dc1ca0633ccae7261cffe005,source_result_migration,tools/replot_results_e20_e24.py,python tools/replot_results_e20_e24.py,present_in_reference_tree,rebuild_from_code
results-E20-E24/source_originals/E21/unique/pairwise_r2/figures/r2_curves/P051_r2_curve.pdf,outputs/results-E20-E24/source_originals/E21/unique/pairwise_r2/figures/r2_curves/P051_r2_curve.pdf,17549,ad259d4f3a6e109685346a0f2642942fa36086874f5fd2ffd9455919066b9e5c,source_result_migration,tools/replot_results_e20_e24.py,python tools/replot_results_e20_e24.py,present_in_reference_tree,rebuild_from_code
results-E20-E24/source_originals/E21/unique/pairwise_r2/figures/r2_curves/P051_r2_curve.png,outputs/results-E20-E24/source_originals/E21/unique/pairwise_r2/figures/r2_curves/P051_r2_curve.png,108416,ac1121a2ce1ce031bac8ebb4f8400a1a812de904f877b76ef71be2b33dca8b7a,source_result_migration,tools/replot_results_e20_e24.py,python tools/replot_results_e20_e24.py,present_in_reference_tree,rebuild_from_code
results-E20-E24/source_originals/E21/unique/pairwise_r2/figures/r2_curves/P052_r2_curve.pdf,outputs/results-E20-E24/source_originals/E21/unique/pairwise_r2/figures/r2_curves/P052_r2_curve.pdf,18149,4bc73e699048e6d6e42bfb8f45350a96a26461d0634687a48cd4e08394339a73,source_result_migration,tools/replot_results_e20_e24.py,python tools/replot_results_e20_e24.py,present_in_reference_tree,rebuild_from_code
results-E20-E24/source_originals/E21/unique/pairwise_r2/figures/r2_curves/P052_r2_curve.png,outputs/results-E20-E24/source_originals/E21/unique/pairwise_r2/figures/r2_curves/P052_r2_curve.png,112357,d189abf7760575fbd3752625082131146e18f0ca16278c4c2fa8cf0e1c30a61b,source_result_migration,tools/replot_results_e20_e24.py,python tools/replot_results_e20_e24.py,present_in_reference_tree,rebuild_from_code
results-E20-E24/source_originals/E21/unique/pairwise_r2/figures/r2_curves/P053_r2_curve.pdf,outputs/results-E20-E24/source_originals/E21/unique/pairwise_r2/figures/r2_curves/P053_r2_curve.pdf,17724,91015cf3ad8bde552cdc78ea6dbdf026bff0cf66d6e8a09f4868e2857e19f4ae,source_result_migration,tools/replot_results_e20_e24.py,python tools/replot_results_e20_e24.py,present_in_reference_tree,rebuild_from_code
results-E20-E24/source_originals/E21/unique/pairwise_r2/figures/r2_curves/P053_r2_curve.png,outputs/results-E20-E24/source_originals/E21/unique/pairwise_r2/figures/r2_curves/P053_r2_curve.png,110176,c74c5199b50bf2b0382f9e69ae0f104b4447b44dc89bb56eb6bfa24e4b42dc4e,source_result_migration,tools/replot_results_e20_e24.py,python tools/replot_results_e20_e24.py,present_in_reference_tree,rebuild_from_code
results-E20-E24/source_originals/E21/unique/pairwise_r2/figures/r2_curves/P054_r2_curve.pdf,outputs/results-E20-E24/source_originals/E21/unique/pairwise_r2/figures/r2_curves/P054_r2_curve.pdf,18336,2c36cfaa6f50cf462f5afc6f04275719d57a318fc563a02f148cbc3b50b09c9a,source_result_migration,tools/replot_results_e20_e24.py,python tools/replot_results_e20_e24.py,present_in_reference_tree,rebuild_from_code
results-E20-E24/source_originals/E21/unique/pairwise_r2/figures/r2_curves/P054_r2_curve.png,outputs/results-E20-E24/source_originals/E21/unique/pairwise_r2/figures/r2_curves/P054_r2_curve.png,110597,5df5e1bc9fb68febf84409bc3e9bc852a08bf6ed45bf779bd21e7e75ebd82b62,source_result_migration,tools/replot_results_e20_e24.py,python tools/replot_results_e20_e24.py,present_in_reference_tree,rebuild_from_code
results-E20-E24/source_originals/E21/unique/pairwise_r2/figures/r2_curves/P055_r2_curve.pdf,outputs/results-E20-E24/source_originals/E21/unique/pairwise_r2/figures/r2_curves/P055_r2_curve.pdf,18261,1524bd73455bc547e111bab4821e5352d83aa4d056dd009b8aa65c00b6dca4b3,source_result_migration,tools/replot_results_e20_e24.py,python tools/replot_results_e20_e24.py,present_in_reference_tree,rebuild_from_code
results-E20-E24/source_originals/E21/unique/pairwise_r2/figures/r2_curves/P055_r2_curve.png,outputs/results-E20-E24/source_originals/E21/unique/pairwise_r2/figures/r2_curves/P055_r2_curve.png,112729,338ad1dab6174666a823c59842878cba9454b80d716409bd9051ecab5152e104,source_result_migration,tools/replot_results_e20_e24.py,python tools/replot_results_e20_e24.py,present_in_reference_tree,rebuild_from_code
results-E20-E24/source_originals/E21/unique/pairwise_r2/figures/r2_curves/P056_r2_curve.pdf,outputs/results-E20-E24/source_originals/E21/unique/pairwise_r2/figures/r2_curves/P056_r2_curve.pdf,18457,ed0399d39395e9d087c4e8babbc511eb8b536fee2e6840a2e51d191b56a107d8,source_result_migration,tools/replot_results_e20_e24.py,python tools/replot_results_e20_e24.py,present_in_reference_tree,rebuild_from_code
results-E20-E24/source_originals/E21/unique/pairwise_r2/figures/r2_curves/P056_r2_curve.png,outputs/results-E20-E24/source_originals/E21/unique/pairwise_r2/figures/r2_curves/P056_r2_curve.png,107534,e6d5bccf09285bc769cc683f379ae53c06f8d7d9c6aed986adb00b416d997494,source_result_migration,tools/replot_results_e20_e24.py,python tools/replot_results_e20_e24.py,present_in_reference_tree,rebuild_from_code
results-E20-E24/source_originals/E21/unique/pairwise_r2/figures/r2_curves/P057_r2_curve.pdf,outputs/results-E20-E24/source_originals/E21/unique/pairwise_r2/figures/r2_curves/P057_r2_curve.pdf,17993,1abe0a5461f639fd745d46fec777de6c9220f97335e7b6ba28b0c3c8b0ad5943,source_result_migration,tools/replot_results_e20_e24.py,python tools/replot_results_e20_e24.py,present_in_reference_tree,rebuild_from_code
results-E20-E24/source_originals/E21/unique/pairwise_r2/figures/r2_curves/P057_r2_curve.png,outputs/results-E20-E24/source_originals/E21/unique/pairwise_r2/figures/r2_curves/P057_r2_curve.png,109460,dab4b330f488da96070491a37da8d826e1a28bf600c53af658c763a166783176,source_result_migration,tools/replot_results_e20_e24.py,python tools/replot_results_e20_e24.py,present_in_reference_tree,rebuild_from_code
results-E20-E24/source_originals/E21/unique/pairwise_r2/figures/r2_curves/P058_r2_curve.pdf,outputs/results-E20-E24/source_originals/E21/unique/pairwise_r2/figures/r2_curves/P058_r2_curve.pdf,17565,a1910b60c176bea7a0c99b98e925aed72ef26de9c0401e05c4fe141a72ece24a,source_result_migration,tools/replot_results_e20_e24.py,python tools/replot_results_e20_e24.py,present_in_reference_tree,rebuild_from_code
results-E20-E24/source_originals/E21/unique/pairwise_r2/figures/r2_curves/P058_r2_curve.png,outputs/results-E20-E24/source_originals/E21/unique/pairwise_r2/figures/r2_curves/P058_r2_curve.png,110593,276091d3785575974c3ff86af3d7796bee52c3572bb8685858542c4680e4c77b,source_result_migration,tools/replot_results_e20_e24.py,python tools/replot_results_e20_e24.py,present_in_reference_tree,rebuild_from_code
results-E20-E24/source_originals/E21/unique/pairwise_r2/figures/r2_curves/P059_r2_curve.pdf,outputs/results-E20-E24/source_originals/E21/unique/pairwise_r2/figures/r2_curves/P059_r2_curve.pdf,17976,38952555eac20849a406cf578146a16c00660adb94892c66491cfc098e96939d,source_result_migration,tools/replot_results_e20_e24.py,python tools/replot_results_e20_e24.py,present_in_reference_tree,rebuild_from_code
results-E20-E24/source_originals/E21/unique/pairwise_r2/figures/r2_curves/P059_r2_curve.png,outputs/results-E20-E24/source_originals/E21/unique/pairwise_r2/figures/r2_curves/P059_r2_curve.png,110669,c7cbe9e123e518120b89599a5683c57defed9b08a52fcc4056e18b264431e824,source_result_migration,tools/replot_results_e20_e24.py,python tools/replot_results_e20_e24.py,present_in_reference_tree,rebuild_from_code
results-E20-E24/source_originals/E21/unique/pairwise_r2/figures/r2_curves/P060_r2_curve.pdf,outputs/results-E20-E24/source_originals/E21/unique/pairwise_r2/figures/r2_curves/P060_r2_curve.pdf,18641,b6e5fdd5617ede0a00ae06106c0a0eb8a3e9243bc37c274ef758d31d58c12fe0,source_result_migration,tools/replot_results_e20_e24.py,python tools/replot_results_e20_e24.py,present_in_reference_tree,rebuild_from_code
results-E20-E24/source_originals/E21/unique/pairwise_r2/figures/r2_curves/P060_r2_curve.png,outputs/results-E20-E24/source_originals/E21/unique/pairwise_r2/figures/r2_curves/P060_r2_curve.png,86007,79aaece068eb732f15efee239acc6aebc1246de12600c0abe078fc474aea6b76,source_result_migration,tools/replot_results_e20_e24.py,python tools/replot_results_e20_e24.py,present_in_reference_tree,rebuild_from_code
results-E20-E24/source_originals/E21/unique/pairwise_r2/figures/r2_curves/P061_r2_curve.pdf,outputs/results-E20-E24/source_originals/E21/unique/pairwise_r2/figures/r2_curves/P061_r2_curve.pdf,18794,c5c69ef9eee60d2121c836c41719fef6948f8d57007d660ea292507bbd10e87d,source_result_migration,tools/replot_results_e20_e24.py,python tools/replot_results_e20_e24.py,present_in_reference_tree,rebuild_from_code
results-E20-E24/source_originals/E21/unique/pairwise_r2/figures/r2_curves/P061_r2_curve.png,outputs/results-E20-E24/source_originals/E21/unique/pairwise_r2/figures/r2_curves/P061_r2_curve.png,111405,a291e8a0587edd66500d0edb6ca5c580a99350fdf7fbbe7e98a09753d0d2f3ae,source_result_migration,tools/replot_results_e20_e24.py,python tools/replot_results_e20_e24.py,present_in_reference_tree,rebuild_from_code
results-E20-E24/source_originals/E21/unique/pairwise_r2/figures/r2_curves/P062_r2_curve.pdf,outputs/results-E20-E24/source_originals/E21/unique/pairwise_r2/figures/r2_curves/P062_r2_curve.pdf,17824,a90106d5eff72cf32a7a8a16bdf2d37b7e9d31af82b66a47e4ce3621d7b41597,source_result_migration,tools/replot_results_e20_e24.py,python tools/replot_results_e20_e24.py,present_in_reference_tree,rebuild_from_code
results-E20-E24/source_originals/E21/unique/pairwise_r2/figures/r2_curves/P062_r2_curve.png,outputs/results-E20-E24/source_originals/E21/unique/pairwise_r2/figures/r2_curves/P062_r2_curve.png,113597,5a85e547a7ab508cab09fcc1831652985a9051f783c19459244d577a2b373fa5,source_result_migration,tools/replot_results_e20_e24.py,python tools/replot_results_e20_e24.py,present_in_reference_tree,rebuild_from_code
results-E20-E24/source_originals/E21/unique/pairwise_r2/figures/r2_curves/P063_r2_curve.pdf,outputs/results-E20-E24/source_originals/E21/unique/pairwise_r2/figures/r2_curves/P063_r2_curve.pdf,18708,c8b6749b8760c4ff526d9955b91cb1fb27b049b52a6c02e0de98cfb0ffa63c82,source_result_migration,tools/replot_results_e20_e24.py,python tools/replot_results_e20_e24.py,present_in_reference_tree,rebuild_from_code
results-E20-E24/source_originals/E21/unique/pairwise_r2/figures/r2_curves/P063_r2_curve.png,outputs/results-E20-E24/source_originals/E21/unique/pairwise_r2/figures/r2_curves/P063_r2_curve.png,111737,2f145629c9a6767c7d0eef3aeb19f7042dc2c864711ac3bf249f0b3cafec4632,source_result_migration,tools/replot_results_e20_e24.py,python tools/replot_results_e20_e24.py,present_in_reference_tree,rebuild_from_code
results-E20-E24/source_originals/E21/unique/pairwise_r2/figures/r2_curves/P064_r2_curve.pdf,outputs/results-E20-E24/source_originals/E21/unique/pairwise_r2/figures/r2_curves/P064_r2_curve.pdf,18800,fc795ae0a158f6eb9da45774d8f6eff5dc4c75e4d38a3cd271557d402b50d8fd,source_result_migration,tools/replot_results_e20_e24.py,python tools/replot_results_e20_e24.py,present_in_reference_tree,rebuild_from_code
results-E20-E24/source_originals/E21/unique/pairwise_r2/figures/r2_curves/P064_r2_curve.png,outputs/results-E20-E24/source_originals/E21/unique/pairwise_r2/figures/r2_curves/P064_r2_curve.png,114040,fb70dc30d1014766edcfe263075770e8ead0c4400bbdd554dea7112a84ffc921,source_result_migration,tools/replot_results_e20_e24.py,python tools/replot_results_e20_e24.py,present_in_reference_tree,rebuild_from_code
results-E20-E24/source_originals/E21/unique/pairwise_r2/figures/r2_curves/P065_r2_curve.pdf,outputs/results-E20-E24/source_originals/E21/unique/pairwise_r2/figures/r2_curves/P065_r2_curve.pdf,18623,0fc3027eb343a25b73cec3823cbc9e9979f6e8f7577ee0feb246d116d214643f,source_result_migration,tools/replot_results_e20_e24.py,python tools/replot_results_e20_e24.py,present_in_reference_tree,rebuild_from_code
results-E20-E24/source_originals/E21/unique/pairwise_r2/figures/r2_curves/P065_r2_curve.png,outputs/results-E20-E24/source_originals/E21/unique/pairwise_r2/figures/r2_curves/P065_r2_curve.png,112828,92d57e409a98f0c961d1d8764120c5508e8681fc96d524b44d26eb078353e769,source_result_migration,tools/replot_results_e20_e24.py,python tools/replot_results_e20_e24.py,present_in_reference_tree,rebuild_from_code
results-E20-E24/source_originals/E21/unique/pairwise_r2/figures/r2_curves/P066_r2_curve.pdf,outputs/results-E20-E24/source_originals/E21/unique/pairwise_r2/figures/r2_curves/P066_r2_curve.pdf,18173,41f6e4a076eb1a476903b4c1dba485c0feabaffbef055375a2179b9b0e9b02d8,source_result_migration,tools/replot_results_e20_e24.py,python tools/replot_results_e20_e24.py,present_in_reference_tree,rebuild_from_code
results-E20-E24/source_originals/E21/unique/pairwise_r2/figures/r2_curves/P066_r2_curve.png,outputs/results-E20-E24/source_originals/E21/unique/pairwise_r2/figures/r2_curves/P066_r2_curve.png,114141,994e116b959b7c9add5cbe60386004ab07a2b9119dd5beb92a6a3aaa792918a5,source_result_migration,tools/replot_results_e20_e24.py,python tools/replot_results_e20_e24.py,present_in_reference_tree,rebuild_from_code
results-E20-E24/source_originals/E21/unique/pairwise_r2/figures/r2_curves/P067_r2_curve.pdf,outputs/results-E20-E24/source_originals/E21/unique/pairwise_r2/figures/r2_curves/P067_r2_curve.pdf,18564,e3cd75ff0c732d5a03cdfe0eddb59b6f414fd299c94eafa9c569a8b678290447,source_result_migration,tools/replot_results_e20_e24.py,python tools/replot_results_e20_e24.py,present_in_reference_tree,rebuild_from_code
results-E20-E24/source_originals/E21/unique/pairwise_r2/figures/r2_curves/P067_r2_curve.png,outputs/results-E20-E24/source_originals/E21/unique/pairwise_r2/figures/r2_curves/P067_r2_curve.png,111628,a58186b1d83e05a144d04f11d1a8ff76bda00803d6abb2a5501d72603e4fc4aa,source_result_migration,tools/replot_results_e20_e24.py,python tools/replot_results_e20_e24.py,present_in_reference_tree,rebuild_from_code
results-E20-E24/source_originals/E21/unique/pairwise_r2/figures/r2_curves/P068_r2_curve.pdf,outputs/results-E20-E24/source_originals/E21/unique/pairwise_r2/figures/r2_curves/P068_r2_curve.pdf,17892,ddbaaa6799f034b7007fd249797ee5ce8528cf81ed62ff0c0d7c9fc13e4cba83,source_result_migration,tools/replot_results_e20_e24.py,python tools/replot_results_e20_e24.py,present_in_reference_tree,rebuild_from_code
results-E20-E24/source_originals/E21/unique/pairwise_r2/figures/r2_curves/P068_r2_curve.png,outputs/results-E20-E24/source_originals/E21/unique/pairwise_r2/figures/r2_curves/P068_r2_curve.png,113957,07488786dc6ee2806b1ef1437fca9e282745fbe289a5df6e9cf0e2229c851d7d,source_result_migration,tools/replot_results_e20_e24.py,python tools/replot_results_e20_e24.py,present_in_reference_tree,rebuild_from_code
results-E20-E24/source_originals/E21/unique/pairwise_r2/figures/r2_curves/P069_r2_curve.pdf,outputs/results-E20-E24/source_originals/E21/unique/pairwise_r2/figures/r2_curves/P069_r2_curve.pdf,19189,c3e6174eeb48bf4283c4b49341d6ffc6689b4105f5bffca1bd04939348052cb3,source_result_migration,tools/replot_results_e20_e24.py,python tools/replot_results_e20_e24.py,present_in_reference_tree,rebuild_from_code
results-E20-E24/source_originals/E21/unique/pairwise_r2/figures/r2_curves/P069_r2_curve.png,outputs/results-E20-E24/source_originals/E21/unique/pairwise_r2/figures/r2_curves/P069_r2_curve.png,87241,425f24bb85062950925d85ba3264c42c74c89b1b8fb48a59973f7d7d7302f7a4,source_result_migration,tools/replot_results_e20_e24.py,python tools/replot_results_e20_e24.py,present_in_reference_tree,rebuild_from_code
results-E20-E24/source_originals/E21/unique/pairwise_r2/figures/r2_curves/P070_r2_curve.pdf,outputs/results-E20-E24/source_originals/E21/unique/pairwise_r2/figures/r2_curves/P070_r2_curve.pdf,18602,f99e372525a6591f223cac3ef2eff77640a2e3a1170bedce0df5ded5afa13eaa,source_result_migration,tools/replot_results_e20_e24.py,python tools/replot_results_e20_e24.py,present_in_reference_tree,rebuild_from_code
results-E20-E24/source_originals/E21/unique/pairwise_r2/figures/r2_curves/P070_r2_curve.png,outputs/results-E20-E24/source_originals/E21/unique/pairwise_r2/figures/r2_curves/P070_r2_curve.png,115478,6a4e8984a9e0cd789ba6f3bcd91f2d0c343bb5e4d440a4040c063a6823c7fd65,source_result_migration,tools/replot_results_e20_e24.py,python tools/replot_results_e20_e24.py,present_in_reference_tree,rebuild_from_code
results-E20-E24/source_originals/E21/unique/pairwise_r2/figures/r2_curves/P071_r2_curve.pdf,outputs/results-E20-E24/source_originals/E21/unique/pairwise_r2/figures/r2_curves/P071_r2_curve.pdf,19225,dbd6b01a73ae87d83bf1606c66e32eae48036969e55398a218e025cdcac76f5e,source_result_migration,tools/replot_results_e20_e24.py,python tools/replot_results_e20_e24.py,present_in_reference_tree,rebuild_from_code
results-E20-E24/source_originals/E21/unique/pairwise_r2/figures/r2_curves/P071_r2_curve.png,outputs/results-E20-E24/source_originals/E21/unique/pairwise_r2/figures/r2_curves/P071_r2_curve.png,112773,4ba34d24db5be5d2d5e34c1c1515f4b95b24be1f053e190f07af9210706a2b43,source_result_migration,tools/replot_results_e20_e24.py,python tools/replot_results_e20_e24.py,present_in_reference_tree,rebuild_from_code
results-E20-E24/source_originals/E21/unique/pairwise_r2/figures/r2_curves/P072_r2_curve.pdf,outputs/results-E20-E24/source_originals/E21/unique/pairwise_r2/figures/r2_curves/P072_r2_curve.pdf,19582,e151f325d536864dd1da8d2ca8a629f67f704aeb87d3640c92a3f6110a5c0578,source_result_migration,tools/replot_results_e20_e24.py,python tools/replot_results_e20_e24.py,present_in_reference_tree,rebuild_from_code
results-E20-E24/source_originals/E21/unique/pairwise_r2/figures/r2_curves/P072_r2_curve.png,outputs/results-E20-E24/source_originals/E21/unique/pairwise_r2/figures/r2_curves/P072_r2_curve.png,118853,73f4465334ae47ba6c5c081cb19cefd9bc03d220e2ca80fb21f622e7e493e9d6,source_result_migration,tools/replot_results_e20_e24.py,python tools/replot_results_e20_e24.py,present_in_reference_tree,rebuild_from_code
results-E20-E24/source_originals/E21/unique/pairwise_r2/figures/r2_curves/P073_r2_curve.pdf,outputs/results-E20-E24/source_originals/E21/unique/pairwise_r2/figures/r2_curves/P073_r2_curve.pdf,19598,9879b94e404e4032e43df724c24656f9d4065a44dcd22ae8b8509549e2254e79,source_result_migration,tools/replot_results_e20_e24.py,python tools/replot_results_e20_e24.py,present_in_reference_tree,rebuild_from_code
results-E20-E24/source_originals/E21/unique/pairwise_r2/figures/r2_curves/P073_r2_curve.png,outputs/results-E20-E24/source_originals/E21/unique/pairwise_r2/figures/r2_curves/P073_r2_curve.png,113735,d06546ca69c0710ccb0224f0fdb20cb65c28d78e4604a1cbd555c5f70aac3b81,source_result_migration,tools/replot_results_e20_e24.py,python tools/replot_results_e20_e24.py,present_in_reference_tree,rebuild_from_code
results-E20-E24/source_originals/E21/unique/pairwise_r2/figures/r2_curves/P074_r2_curve.pdf,outputs/results-E20-E24/source_originals/E21/unique/pairwise_r2/figures/r2_curves/P074_r2_curve.pdf,19155,081e03a68257476591b075cfdcb8e727c201bd26a1fdd99dbc23991e1ce747c4,source_result_migration,tools/replot_results_e20_e24.py,python tools/replot_results_e20_e24.py,present_in_reference_tree,rebuild_from_code
results-E20-E24/source_originals/E21/unique/pairwise_r2/figures/r2_curves/P074_r2_curve.png,outputs/results-E20-E24/source_originals/E21/unique/pairwise_r2/figures/r2_curves/P074_r2_curve.png,112649,ba93f2610cc9f1df0adc2655ad5a2f84655de4648cc7e70524a0b349132b4109,source_result_migration,tools/replot_results_e20_e24.py,python tools/replot_results_e20_e24.py,present_in_reference_tree,rebuild_from_code
results-E20-E24/source_originals/E21/unique/pairwise_r2/figures/r2_curves/P075_r2_curve.pdf,outputs/results-E20-E24/source_originals/E21/unique/pairwise_r2/figures/r2_curves/P075_r2_curve.pdf,18710,569ef28ceccc53dd5aa066a7b6ecb658ca9382b7af5f825b1ab790da98c85094,source_result_migration,tools/replot_results_e20_e24.py,python tools/replot_results_e20_e24.py,present_in_reference_tree,rebuild_from_code
results-E20-E24/source_originals/E21/unique/pairwise_r2/figures/r2_curves/P075_r2_curve.png,outputs/results-E20-E24/source_originals/E21/unique/pairwise_r2/figures/r2_curves/P075_r2_curve.png,115595,68dfd0fe34813721e3ca5fb8ea3dfe67c0464ea1abb99f58b3aea295c79ec264,source_result_migration,tools/replot_results_e20_e24.py,python tools/replot_results_e20_e24.py,present_in_reference_tree,rebuild_from_code
results-E20-E24/source_originals/E21/unique/pairwise_r2/figures/r2_curves/P076_r2_curve.pdf,outputs/results-E20-E24/source_originals/E21/unique/pairwise_r2/figures/r2_curves/P076_r2_curve.pdf,18519,4c12cc265c0d83585b6ba15ebccd6b79c4a4a180a039d22baf214e119414a354,source_result_migration,tools/replot_results_e20_e24.py,python tools/replot_results_e20_e24.py,present_in_reference_tree,rebuild_from_code
results-E20-E24/source_originals/E21/unique/pairwise_r2/figures/r2_curves/P076_r2_curve.png,outputs/results-E20-E24/source_originals/E21/unique/pairwise_r2/figures/r2_curves/P076_r2_curve.png,110886,7049408e0fbfefc01183bae8c0033b89b3d8bd4436ef053391ef9853944f4f75,source_result_migration,tools/replot_results_e20_e24.py,python tools/replot_results_e20_e24.py,present_in_reference_tree,rebuild_from_code
results-E20-E24/source_originals/E21/unique/pairwise_r2/figures/r2_curves/P077_r2_curve.pdf,outputs/results-E20-E24/source_originals/E21/unique/pairwise_r2/figures/r2_curves/P077_r2_curve.pdf,19519,7a7984de9f2374bb1808078e8d7667e7cc0c4d5812a7ade59e861e443e913b2a,source_result_migration,tools/replot_results_e20_e24.py,python tools/replot_results_e20_e24.py,present_in_reference_tree,rebuild_from_code
results-E20-E24/source_originals/E21/unique/pairwise_r2/figures/r2_curves/P077_r2_curve.png,outputs/results-E20-E24/source_originals/E21/unique/pairwise_r2/figures/r2_curves/P077_r2_curve.png,87687,a76daad2352f32fe78dda298180687b2227f4d88c790f52894623b8353ac9e84,source_result_migration,tools/replot_results_e20_e24.py,python tools/replot_results_e20_e24.py,present_in_reference_tree,rebuild_from_code
results-E20-E24/source_originals/E21/unique/pairwise_r2/figures/r2_curves/P078_r2_curve.pdf,outputs/results-E20-E24/source_originals/E21/unique/pairwise_r2/figures/r2_curves/P078_r2_curve.pdf,18346,fd5653748afd585ad371857bdc37dc9a63388499cd8e2c7b1e38d9f612435e5f,source_result_migration,tools/replot_results_e20_e24.py,python tools/replot_results_e20_e24.py,present_in_reference_tree,rebuild_from_code
results-E20-E24/source_originals/E21/unique/pairwise_r2/figures/r2_curves/P078_r2_curve.png,outputs/results-E20-E24/source_originals/E21/unique/pairwise_r2/figures/r2_curves/P078_r2_curve.png,112338,bee1d9a2a3d667dfd87bc34c325178a80513f777f81c865c6b38ccde235793a5,source_result_migration,tools/replot_results_e20_e24.py,python tools/replot_results_e20_e24.py,present_in_reference_tree,rebuild_from_code
results-E20-E24/source_originals/E21/unique/pairwise_r2/figures/r2_curves/P079_r2_curve.pdf,outputs/results-E20-E24/source_originals/E21/unique/pairwise_r2/figures/r2_curves/P079_r2_curve.pdf,18708,4185e34952e0a57312cf822fa8398ed78636695ff48f065393d190a846e37535,source_result_migration,tools/replot_results_e20_e24.py,python tools/replot_results_e20_e24.py,present_in_reference_tree,rebuild_from_code
results-E20-E24/source_originals/E21/unique/pairwise_r2/figures/r2_curves/P079_r2_curve.png,outputs/results-E20-E24/source_originals/E21/unique/pairwise_r2/figures/r2_curves/P079_r2_curve.png,109947,cea1122567299db710ceb6385ad09d7ecc0fc227fcb0762ba1dd1629d67a2831,source_result_migration,tools/replot_results_e20_e24.py,python tools/replot_results_e20_e24.py,present_in_reference_tree,rebuild_from_code
results-E20-E24/source_originals/E21/unique/pairwise_r2/figures/r2_curves/P080_r2_curve.pdf,outputs/results-E20-E24/source_originals/E21/unique/pairwise_r2/figures/r2_curves/P080_r2_curve.pdf,18534,52f4cccb2ee958677d6515aa5cecd0255d6e89e5a27dc565045768f7c7d38160,source_result_migration,tools/replot_results_e20_e24.py,python tools/replot_results_e20_e24.py,present_in_reference_tree,rebuild_from_code
results-E20-E24/source_originals/E21/unique/pairwise_r2/figures/r2_curves/P080_r2_curve.png,outputs/results-E20-E24/source_originals/E21/unique/pairwise_r2/figures/r2_curves/P080_r2_curve.png,118132,bcbfdf6d85b91cfa2ca6c9c98c43913e1d3286b51b1ebf1eea0e5462f360eaf1,source_result_migration,tools/replot_results_e20_e24.py,python tools/replot_results_e20_e24.py,present_in_reference_tree,rebuild_from_code
results-E20-E24/source_originals/E21/unique/pairwise_r2/figures/r2_curves/P081_r2_curve.pdf,outputs/results-E20-E24/source_originals/E21/unique/pairwise_r2/figures/r2_curves/P081_r2_curve.pdf,18532,f50a2f8a731cff353b8a34a999670638f05d0e190be06fb20df340276c48c3cc,source_result_migration,tools/replot_results_e20_e24.py,python tools/replot_results_e20_e24.py,present_in_reference_tree,rebuild_from_code
results-E20-E24/source_originals/E21/unique/pairwise_r2/figures/r2_curves/P081_r2_curve.png,outputs/results-E20-E24/source_originals/E21/unique/pairwise_r2/figures/r2_curves/P081_r2_curve.png,113411,c0bd35b0d3769c0fb3a44226abb83bd8f139cbf343105596ba711b07c70ad6d9,source_result_migration,tools/replot_results_e20_e24.py,python tools/replot_results_e20_e24.py,present_in_reference_tree,rebuild_from_code
results-E20-E24/source_originals/E21/unique/pairwise_r2/figures/r2_curves/P082_r2_curve.pdf,outputs/results-E20-E24/source_originals/E21/unique/pairwise_r2/figures/r2_curves/P082_r2_curve.pdf,17669,2a31d674bde55a5741ff1454762f2203089fa634f7569b788493d7c86d86eea2,source_result_migration,tools/replot_results_e20_e24.py,python tools/replot_results_e20_e24.py,present_in_reference_tree,rebuild_from_code
results-E20-E24/source_originals/E21/unique/pairwise_r2/figures/r2_curves/P082_r2_curve.png,outputs/results-E20-E24/source_originals/E21/unique/pairwise_r2/figures/r2_curves/P082_r2_curve.png,111746,140897e2810666a9fd2d1d464fa0dfb968ce36de920037d6986b76ba78c9a791,source_result_migration,tools/replot_results_e20_e24.py,python tools/replot_results_e20_e24.py,present_in_reference_tree,rebuild_from_code
results-E20-E24/source_originals/E21/unique/pairwise_r2/figures/r2_curves/P083_r2_curve.pdf,outputs/results-E20-E24/source_originals/E21/unique/pairwise_r2/figures/r2_curves/P083_r2_curve.pdf,18254,04a1adff16e924f861bdd0369989c14a93ccc40158030af8bb8c7aa45b2e5c1c,source_result_migration,tools/replot_results_e20_e24.py,python tools/replot_results_e20_e24.py,present_in_reference_tree,rebuild_from_code
results-E20-E24/source_originals/E21/unique/pairwise_r2/figures/r2_curves/P083_r2_curve.png,outputs/results-E20-E24/source_originals/E21/unique/pairwise_r2/figures/r2_curves/P083_r2_curve.png,110561,3634947309016a528f78e4850f00397f14c225fb7eb36e60eb187555d6eb3f05,source_result_migration,tools/replot_results_e20_e24.py,python tools/replot_results_e20_e24.py,present_in_reference_tree,rebuild_from_code
results-E20-E24/source_originals/E21/unique/pairwise_r2/figures/r2_curves/P084_r2_curve.pdf,outputs/results-E20-E24/source_originals/E21/unique/pairwise_r2/figures/r2_curves/P084_r2_curve.pdf,18645,15267a19b0264995aa712fc7b391ff9775e276df329ca66cbcf9268e43058d28,source_result_migration,tools/replot_results_e20_e24.py,python tools/replot_results_e20_e24.py,present_in_reference_tree,rebuild_from_code
results-E20-E24/source_originals/E21/unique/pairwise_r2/figures/r2_curves/P084_r2_curve.png,outputs/results-E20-E24/source_originals/E21/unique/pairwise_r2/figures/r2_curves/P084_r2_curve.png,86930,eaf08d3a30271408c7176d14c86a7156c89cf7942bba12e97ee8d5a05128c868,source_result_migration,tools/replot_results_e20_e24.py,python tools/replot_results_e20_e24.py,present_in_reference_tree,rebuild_from_code
results-E20-E24/source_originals/E21/unique/pairwise_r2/figures/r2_curves/P085_r2_curve.pdf,outputs/results-E20-E24/source_originals/E21/unique/pairwise_r2/figures/r2_curves/P085_r2_curve.pdf,19599,8194687325cbbdbd7b61639ed628ec87c13b47d9d1ecaeb6b5131016ee35e8a9,source_result_migration,tools/replot_results_e20_e24.py,python tools/replot_results_e20_e24.py,present_in_reference_tree,rebuild_from_code
results-E20-E24/source_originals/E21/unique/pairwise_r2/figures/r2_curves/P085_r2_curve.png,outputs/results-E20-E24/source_originals/E21/unique/pairwise_r2/figures/r2_curves/P085_r2_curve.png,113260,67a125a326c4c740ca2297fd866cf121c0cc49430f64fecc68ab7a42ff1a6500,source_result_migration,tools/replot_results_e20_e24.py,python tools/replot_results_e20_e24.py,present_in_reference_tree,rebuild_from_code
results-E20-E24/source_originals/E21/unique/pairwise_r2/figures/r2_curves/P086_r2_curve.pdf,outputs/results-E20-E24/source_originals/E21/unique/pairwise_r2/figures/r2_curves/P086_r2_curve.pdf,19159,6297175cea5dc2a11999b0b6cd75b54566dde4acdd97b547dac025f0d77806ad,source_result_migration,tools/replot_results_e20_e24.py,python tools/replot_results_e20_e24.py,present_in_reference_tree,rebuild_from_code
results-E20-E24/source_originals/E21/unique/pairwise_r2/figures/r2_curves/P086_r2_curve.png,outputs/results-E20-E24/source_originals/E21/unique/pairwise_r2/figures/r2_curves/P086_r2_curve.png,114503,ba4338e0b4cea80105523877482ee8a472905dbf15a9e345436c934bd3a3720e,source_result_migration,tools/replot_results_e20_e24.py,python tools/replot_results_e20_e24.py,present_in_reference_tree,rebuild_from_code
results-E20-E24/source_originals/E21/unique/pairwise_r2/figures/r2_curves/P087_r2_curve.pdf,outputs/results-E20-E24/source_originals/E21/unique/pairwise_r2/figures/r2_curves/P087_r2_curve.pdf,18694,94ab71f138301baa7fb05bbc579d8e0691134a8cb59b8084d31817d7abec1631,source_result_migration,tools/replot_results_e20_e24.py,python tools/replot_results_e20_e24.py,present_in_reference_tree,rebuild_from_code
results-E20-E24/source_originals/E21/unique/pairwise_r2/figures/r2_curves/P087_r2_curve.png,outputs/results-E20-E24/source_originals/E21/unique/pairwise_r2/figures/r2_curves/P087_r2_curve.png,116199,2910ff2aefea7775b9c0c961046341020cb8d3562ae813f760718095754e1a9f,source_result_migration,tools/replot_results_e20_e24.py,python tools/replot_results_e20_e24.py,present_in_reference_tree,rebuild_from_code
results-E20-E24/source_originals/E21/unique/pairwise_r2/figures/r2_curves/P088_r2_curve.pdf,outputs/results-E20-E24/source_originals/E21/unique/pairwise_r2/figures/r2_curves/P088_r2_curve.pdf,18269,3a49a3dbb016e6767ea63d55977c60d9febfe0918977c7dca9ef8cc9bd977639,source_result_migration,tools/replot_results_e20_e24.py,python tools/replot_results_e20_e24.py,present_in_reference_tree,rebuild_from_code
results-E20-E24/source_originals/E21/unique/pairwise_r2/figures/r2_curves/P088_r2_curve.png,outputs/results-E20-E24/source_originals/E21/unique/pairwise_r2/figures/r2_curves/P088_r2_curve.png,115508,f57848480358ce9fa71231bc7f837152f0f5a8b2bc0798aedd85168de4c04f43,source_result_migration,tools/replot_results_e20_e24.py,python tools/replot_results_e20_e24.py,present_in_reference_tree,rebuild_from_code
results-E20-E24/source_originals/E21/unique/pairwise_r2/figures/r2_curves/P089_r2_curve.pdf,outputs/results-E20-E24/source_originals/E21/unique/pairwise_r2/figures/r2_curves/P089_r2_curve.pdf,18422,9ceaeabac317ca76b4429baf72c029308d53f07df6f49cfd5942d276db7be3ea,source_result_migration,tools/replot_results_e20_e24.py,python tools/replot_results_e20_e24.py,present_in_reference_tree,rebuild_from_code
results-E20-E24/source_originals/E21/unique/pairwise_r2/figures/r2_curves/P089_r2_curve.png,outputs/results-E20-E24/source_originals/E21/unique/pairwise_r2/figures/r2_curves/P089_r2_curve.png,110956,7f63f3f7e0fd9748598c1cc59dc3b5317f221b761a31659ad564cb814fcfe739,source_result_migration,tools/replot_results_e20_e24.py,python tools/replot_results_e20_e24.py,present_in_reference_tree,rebuild_from_code
results-E20-E24/source_originals/E21/unique/pairwise_r2/figures/r2_curves/P090_r2_curve.pdf,outputs/results-E20-E24/source_originals/E21/unique/pairwise_r2/figures/r2_curves/P090_r2_curve.pdf,19213,93a0f127aee48cfed4c55529cd21c661e2f4a43ef32b428bc1105344b00f6a39,source_result_migration,tools/replot_results_e20_e24.py,python tools/replot_results_e20_e24.py,present_in_reference_tree,rebuild_from_code
results-E20-E24/source_originals/E21/unique/pairwise_r2/figures/r2_curves/P090_r2_curve.png,outputs/results-E20-E24/source_originals/E21/unique/pairwise_r2/figures/r2_curves/P090_r2_curve.png,88539,e070b3385174d45fdc46675867c2ae4ff595ff40bcf2d8ee73188160f24a742f,source_result_migration,tools/replot_results_e20_e24.py,python tools/replot_results_e20_e24.py,present_in_reference_tree,rebuild_from_code
results-E20-E24/source_originals/E21/unique/pairwise_r2/figures/r2_curves/P091_r2_curve.pdf,outputs/results-E20-E24/source_originals/E21/unique/pairwise_r2/figures/r2_curves/P091_r2_curve.pdf,18901,2b2f6b6100e186ec7441227b1908b0e16efcf80b3bfcd5d72614e2d2fca70802,source_result_migration,tools/replot_results_e20_e24.py,python tools/replot_results_e20_e24.py,present_in_reference_tree,rebuild_from_code
results-E20-E24/source_originals/E21/unique/pairwise_r2/figures/r2_curves/P091_r2_curve.png,outputs/results-E20-E24/source_originals/E21/unique/pairwise_r2/figures/r2_curves/P091_r2_curve.png,106977,ac1d5071da283492324d41cd9d7b34760fbb6e09aab3f5df7f99bbdd472dfc11,source_result_migration,tools/replot_results_e20_e24.py,python tools/replot_results_e20_e24.py,present_in_reference_tree,rebuild_from_code
results-E20-E24/source_originals/E21/unique/pairwise_r2/figures/r2_curves/P092_r2_curve.pdf,outputs/results-E20-E24/source_originals/E21/unique/pairwise_r2/figures/r2_curves/P092_r2_curve.pdf,18448,2903e7c78089f7bafdf9733c24c75ea53059e03f4381f455556c4c4cfef5dd68,source_result_migration,tools/replot_results_e20_e24.py,python tools/replot_results_e20_e24.py,present_in_reference_tree,rebuild_from_code
results-E20-E24/source_originals/E21/unique/pairwise_r2/figures/r2_curves/P092_r2_curve.png,outputs/results-E20-E24/source_originals/E21/unique/pairwise_r2/figures/r2_curves/P092_r2_curve.png,111770,aa83ae30a68aa8dd2441654290f98c106288df77690c18f145426663ca93c11b,source_result_migration,tools/replot_results_e20_e24.py,python tools/replot_results_e20_e24.py,present_in_reference_tree,rebuild_from_code
results-E20-E24/source_originals/E21/unique/pairwise_r2/figures/r2_curves/P093_r2_curve.pdf,outputs/results-E20-E24/source_originals/E21/unique/pairwise_r2/figures/r2_curves/P093_r2_curve.pdf,19275,4e264afcba5c1ff4273b4f3f237846a0b8475f6b5027b0c6982cae5032bbd7ae,source_result_migration,tools/replot_results_e20_e24.py,python tools/replot_results_e20_e24.py,present_in_reference_tree,rebuild_from_code
results-E20-E24/source_originals/E21/unique/pairwise_r2/figures/r2_curves/P093_r2_curve.png,outputs/results-E20-E24/source_originals/E21/unique/pairwise_r2/figures/r2_curves/P093_r2_curve.png,112994,0e798c3ee5ef9059bf85ab1589533f6049c0941fc98b1a698c4e88243f6f5a02,source_result_migration,tools/replot_results_e20_e24.py,python tools/replot_results_e20_e24.py,present_in_reference_tree,rebuild_from_code
results-E20-E24/source_originals/E21/unique/pairwise_r2/figures/r2_curves/P094_r2_curve.pdf,outputs/results-E20-E24/source_originals/E21/unique/pairwise_r2/figures/r2_curves/P094_r2_curve.pdf,18605,5664713a636394c494a5570ed859519dd317f8ef0e9084b1f88aae2c383ed26b,source_result_migration,tools/replot_results_e20_e24.py,python tools/replot_results_e20_e24.py,present_in_reference_tree,rebuild_from_code
results-E20-E24/source_originals/E21/unique/pairwise_r2/figures/r2_curves/P094_r2_curve.png,outputs/results-E20-E24/source_originals/E21/unique/pairwise_r2/figures/r2_curves/P094_r2_curve.png,110890,f83de08c761d83925792a2a467d6711c784cb61417faa84eb630ee8e7169088b,source_result_migration,tools/replot_results_e20_e24.py,python tools/replot_results_e20_e24.py,present_in_reference_tree,rebuild_from_code
results-E20-E24/source_originals/E21/unique/pairwise_r2/figures/r2_curves/P095_r2_curve.pdf,outputs/results-E20-E24/source_originals/E21/unique/pairwise_r2/figures/r2_curves/P095_r2_curve.pdf,19614,3ca28ffb65604ada66a50d8107f0a5f74720e057d7a29e9d255453f7906b493c,source_result_migration,tools/replot_results_e20_e24.py,python tools/replot_results_e20_e24.py,present_in_reference_tree,rebuild_from_code
results-E20-E24/source_originals/E21/unique/pairwise_r2/figures/r2_curves/P095_r2_curve.png,outputs/results-E20-E24/source_originals/E21/unique/pairwise_r2/figures/r2_curves/P095_r2_curve.png,88253,6569ce5175c5efa89d02f2192046624b03046c5b92c6c65e7cf7b268f3564d37,source_result_migration,tools/replot_results_e20_e24.py,python tools/replot_results_e20_e24.py,present_in_reference_tree,rebuild_from_code
results-E20-E24/source_originals/E21/unique/pairwise_r2/figures/r2_curves/P096_r2_curve.pdf,outputs/results-E20-E24/source_originals/E21/unique/pairwise_r2/figures/r2_curves/P096_r2_curve.pdf,18263,42e8c6074504414de6d878aba4cc256474b3f769ffdee7f8330ed0c8996c78a7,source_result_migration,tools/replot_results_e20_e24.py,python tools/replot_results_e20_e24.py,present_in_reference_tree,rebuild_from_code
results-E20-E24/source_originals/E21/unique/pairwise_r2/figures/r2_curves/P096_r2_curve.png,outputs/results-E20-E24/source_originals/E21/unique/pairwise_r2/figures/r2_curves/P096_r2_curve.png,111233,3e77e21d70b212372d3dad0390c4927b4781b8b9d8e63f1c66dcadd5826020d8,source_result_migration,tools/replot_results_e20_e24.py,python tools/replot_results_e20_e24.py,present_in_reference_tree,rebuild_from_code
results-E20-E24/source_originals/E21/unique/pairwise_r2/figures/r2_curves/P097_r2_curve.pdf,outputs/results-E20-E24/source_originals/E21/unique/pairwise_r2/figures/r2_curves/P097_r2_curve.pdf,18827,484173b2610055e45043c4eb04c8268dc2dd8fc6e2e70145885b60015923931e,source_result_migration,tools/replot_results_e20_e24.py,python tools/replot_results_e20_e24.py,present_in_reference_tree,rebuild_from_code
results-E20-E24/source_originals/E21/unique/pairwise_r2/figures/r2_curves/P097_r2_curve.png,outputs/results-E20-E24/source_originals/E21/unique/pairwise_r2/figures/r2_curves/P097_r2_curve.png,112460,29b3c119d5cdca77269692b5ea14392bcee7cb875309465d36bc7e1213824b19,source_result_migration,tools/replot_results_e20_e24.py,python tools/replot_results_e20_e24.py,present_in_reference_tree,rebuild_from_code
results-E20-E24/source_originals/E21/unique/pairwise_r2/figures/r2_curves/P098_r2_curve.pdf,outputs/results-E20-E24/source_originals/E21/unique/pairwise_r2/figures/r2_curves/P098_r2_curve.pdf,18605,aea5f9b5cf7dd1f979dbb5cd3614a214a0b5b4e5206924082b77c653d6e2a4ca,source_result_migration,tools/replot_results_e20_e24.py,python tools/replot_results_e20_e24.py,present_in_reference_tree,rebuild_from_code
results-E20-E24/source_originals/E21/unique/pairwise_r2/figures/r2_curves/P098_r2_curve.png,outputs/results-E20-E24/source_originals/E21/unique/pairwise_r2/figures/r2_curves/P098_r2_curve.png,110344,f85acf9f1e811e8320f163f23de2f074276913fc56ddc782da49a5cc9637bdf4,source_result_migration,tools/replot_results_e20_e24.py,python tools/replot_results_e20_e24.py,present_in_reference_tree,rebuild_from_code
results-E20-E24/source_originals/E21/unique/pairwise_r2/figures/r2_curves/P099_r2_curve.pdf,outputs/results-E20-E24/source_originals/E21/unique/pairwise_r2/figures/r2_curves/P099_r2_curve.pdf,19903,05f382af3291b6d83979eaba3a4f690493f4c46730b23241a1f28e874f5d2470,source_result_migration,tools/replot_results_e20_e24.py,python tools/replot_results_e20_e24.py,present_in_reference_tree,rebuild_from_code
results-E20-E24/source_originals/E21/unique/pairwise_r2/figures/r2_curves/P099_r2_curve.png,outputs/results-E20-E24/source_originals/E21/unique/pairwise_r2/figures/r2_curves/P099_r2_curve.png,86661,b28a3cee9daa92acdd427fe7b5848a3eff6471008494313856c63316900286c7,source_result_migration,tools/replot_results_e20_e24.py,python tools/replot_results_e20_e24.py,present_in_reference_tree,rebuild_from_code
results-E20-E24/source_originals/E21/unique/pairwise_r2/figures/r2_curves/P100_r2_curve.pdf,outputs/results-E20-E24/source_originals/E21/unique/pairwise_r2/figures/r2_curves/P100_r2_curve.pdf,18197,2795cd66dc1b13d0e5ce50af6d60d7aaded8c425c3a5135ab1ecab39017f5d8d,source_result_migration,tools/replot_results_e20_e24.py,python tools/replot_results_e20_e24.py,present_in_reference_tree,rebuild_from_code
results-E20-E24/source_originals/E21/unique/pairwise_r2/figures/r2_curves/P100_r2_curve.png,outputs/results-E20-E24/source_originals/E21/unique/pairwise_r2/figures/r2_curves/P100_r2_curve.png,112454,f8562c96c86142e24a31ffa4ddcb1a0b49f034bf7a9d0300214743fb1936889f,source_result_migration,tools/replot_results_e20_e24.py,python tools/replot_results_e20_e24.py,present_in_reference_tree,rebuild_from_code
results-E20-E24/source_originals/E21/unique/pairwise_r2/figures/r2_curves/P101_r2_curve.pdf,outputs/results-E20-E24/source_originals/E21/unique/pairwise_r2/figures/r2_curves/P101_r2_curve.pdf,18603,f8189fd7693c1af097f52234dbfbc09654eed01c864b268e4b9c976e9210b38b,source_result_migration,tools/replot_results_e20_e24.py,python tools/replot_results_e20_e24.py,present_in_reference_tree,rebuild_from_code
results-E20-E24/source_originals/E21/unique/pairwise_r2/figures/r2_curves/P101_r2_curve.png,outputs/results-E20-E24/source_originals/E21/unique/pairwise_r2/figures/r2_curves/P101_r2_curve.png,109027,b95ce463f3448a737add7415e44e12e4e75de4be3ebf0c69f44af3f1a3590926,source_result_migration,tools/replot_results_e20_e24.py,python tools/replot_results_e20_e24.py,present_in_reference_tree,rebuild_from_code
results-E20-E24/source_originals/E21/unique/pairwise_r2/figures/r2_curves/P102_r2_curve.pdf,outputs/results-E20-E24/source_originals/E21/unique/pairwise_r2/figures/r2_curves/P102_r2_curve.pdf,19452,63261128bac9ddacd47da5e6ef7853ac7ea833d91915be5b432f9e45e8430f54,source_result_migration,tools/replot_results_e20_e24.py,python tools/replot_results_e20_e24.py,present_in_reference_tree,rebuild_from_code
results-E20-E24/source_originals/E21/unique/pairwise_r2/figures/r2_curves/P102_r2_curve.png,outputs/results-E20-E24/source_originals/E21/unique/pairwise_r2/figures/r2_curves/P102_r2_curve.png,86087,1acec5f4ab47cd257b72025ba491b52dc29bcf169a6a6b4e3f1215e212ddacf8,source_result_migration,tools/replot_results_e20_e24.py,python tools/replot_results_e20_e24.py,present_in_reference_tree,rebuild_from_code
results-E20-E24/source_originals/E21/unique/pairwise_r2/figures/r2_curves/P103_r2_curve.pdf,outputs/results-E20-E24/source_originals/E21/unique/pairwise_r2/figures/r2_curves/P103_r2_curve.pdf,18371,f13a09c9ce9accdfd79c81c2ecfe288a4b507d6a9d8083c2d8154e34bc830c16,source_result_migration,tools/replot_results_e20_e24.py,python tools/replot_results_e20_e24.py,present_in_reference_tree,rebuild_from_code
results-E20-E24/source_originals/E21/unique/pairwise_r2/figures/r2_curves/P103_r2_curve.png,outputs/results-E20-E24/source_originals/E21/unique/pairwise_r2/figures/r2_curves/P103_r2_curve.png,115221,2bcc68283ecc9bd6c6a8609a68029052e141551df954219973b1dbcd9ea54bfc,source_result_migration,tools/replot_results_e20_e24.py,python tools/replot_results_e20_e24.py,present_in_reference_tree,rebuild_from_code
results-E20-E24/source_originals/E21/unique/pairwise_r2/figures/r2_curves/P104_r2_curve.pdf,outputs/results-E20-E24/source_originals/E21/unique/pairwise_r2/figures/r2_curves/P104_r2_curve.pdf,19021,58f56f43b41e3fe959a0ef4a82dee39862290b2c9b78648e3c55ba837432cae0,source_result_migration,tools/replot_results_e20_e24.py,python tools/replot_results_e20_e24.py,present_in_reference_tree,rebuild_from_code
results-E20-E24/source_originals/E21/unique/pairwise_r2/figures/r2_curves/P104_r2_curve.png,outputs/results-E20-E24/source_originals/E21/unique/pairwise_r2/figures/r2_curves/P104_r2_curve.png,90273,a98e8c4ecce11f1349ef12e088ed097ddd5bb0d24b614f20b1120346622ddbb8,source_result_migration,tools/replot_results_e20_e24.py,python tools/replot_results_e20_e24.py,present_in_reference_tree,rebuild_from_code
results-E20-E24/source_originals/E21/unique/pairwise_r2/figures/r2_curves/P105_r2_curve.pdf,outputs/results-E20-E24/source_originals/E21/unique/pairwise_r2/figures/r2_curves/P105_r2_curve.pdf,19169,3f4b9557026b1369b85c22c7571d3b0451d93c5d482290f5fdf1b90e6f5e4bbc,source_result_migration,tools/replot_results_e20_e24.py,python tools/replot_results_e20_e24.py,present_in_reference_tree,rebuild_from_code
results-E20-E24/source_originals/E21/unique/pairwise_r2/figures/r2_curves/P105_r2_curve.png,outputs/results-E20-E24/source_originals/E21/unique/pairwise_r2/figures/r2_curves/P105_r2_curve.png,88816,46c5e9333cbfa27ccef598278213f48e5ad6fda0dae7244ae21f8df162f6bcff,source_result_migration,tools/replot_results_e20_e24.py,python tools/replot_results_e20_e24.py,present_in_reference_tree,rebuild_from_code
results-E20-E24/source_originals/E22/figures/ieee69_branch_time_heatmap.pdf,outputs/results-E20-E24/source_originals/E22/figures/ieee69_branch_time_heatmap.pdf,54887,0fb6a5cce39d5eb73d29c12b36f18808152d39cc2a72a59eb03defdea8c13b70,source_result_migration,tools/replot_results_e20_e24.py,python tools/replot_results_e20_e24.py,present_in_reference_tree,rebuild_from_code
results-E20-E24/source_originals/E22/figures/ieee69_branch_time_heatmap.png,outputs/results-E20-E24/source_originals/E22/figures/ieee69_branch_time_heatmap.png,111447,f5e43e9bd3d33ce5b74c80e029e03b8ee21f617d66a6bde955a8f8bebe6de5a7,source_result_migration,tools/replot_results_e20_e24.py,python tools/replot_results_e20_e24.py,present_in_reference_tree,rebuild_from_code
results-E20-E24/source_originals/E22/figures/ieee69_constraint_component_audit.pdf,outputs/results-E20-E24/source_originals/E22/figures/ieee69_constraint_component_audit.pdf,67738,b0c98133ae4bc00220eb7dbc6734f88868e01051d4ff9b455a019803d637f7dd,source_result_migration,tools/replot_results_e20_e24.py,python tools/replot_results_e20_e24.py,present_in_reference_tree,rebuild_from_code
results-E20-E24/source_originals/E22/figures/ieee69_constraint_component_audit.png,outputs/results-E20-E24/source_originals/E22/figures/ieee69_constraint_component_audit.png,482726,7a4f70a22c499d82d9ed5b3d156d9a351b58661f3718d295e555fa955323864e,source_result_migration,tools/replot_results_e20_e24.py,python tools/replot_results_e20_e24.py,present_in_reference_tree,rebuild_from_code
results-E20-E24/source_originals/E22/figures/ieee69_effect_safety_pareto.pdf,outputs/results-E20-E24/source_originals/E22/figures/ieee69_effect_safety_pareto.pdf,37047,c5d6171e9d7dc94d6035b2156630653758737cd7588ec9cb814a473fcd222a0a,source_result_migration,tools/replot_results_e20_e24.py,python tools/replot_results_e20_e24.py,present_in_reference_tree,rebuild_from_code
results-E20-E24/source_originals/E22/figures/ieee69_effect_safety_pareto.png,outputs/results-E20-E24/source_originals/E22/figures/ieee69_effect_safety_pareto.png,275775,3ed31efd56fe65a7a40ff9ef0d2e0eaee52c0cf274127e4ea4c2c967f1309cd3,source_result_migration,tools/replot_results_e20_e24.py,python tools/replot_results_e20_e24.py,present_in_reference_tree,rebuild_from_code
results-E20-E24/source_originals/E22/figures/ieee69_network_acceptance.pdf,outputs/results-E20-E24/source_originals/E22/figures/ieee69_network_acceptance.pdf,39727,183828781ba5a9fd22c3380e689c62ddcbfe28cf849a59783fe01c2d814b4376,source_result_migration,tools/replot_results_e20_e24.py,python tools/replot_results_e20_e24.py,present_in_reference_tree,rebuild_from_code
results-E20-E24/source_originals/E22/figures/ieee69_network_acceptance.png,outputs/results-E20-E24/source_originals/E22/figures/ieee69_network_acceptance.png,223388,c50c297d84a86f90dd3208be0844a70af5abd2863be2a31a06e6923043a6ef3d,source_result_migration,tools/replot_results_e20_e24.py,python tools/replot_results_e20_e24.py,present_in_reference_tree,rebuild_from_code
results-E20-E24/source_originals/E22/figures/ieee69_stress_profiles.pdf,outputs/results-E20-E24/source_originals/E22/figures/ieee69_stress_profiles.pdf,25419,db8fca1be564303ca80ac192da47e30e44f0ddf6c7878278d92369c42c4d52fc,source_result_migration,tools/replot_results_e20_e24.py,python tools/replot_results_e20_e24.py,present_in_reference_tree,rebuild_from_code
results-E20-E24/source_originals/E22/figures/ieee69_stress_profiles.png,outputs/results-E20-E24/source_originals/E22/figures/ieee69_stress_profiles.png,436944,7fadb657fcf17c9bfbef2bb18671c326ababb12deb72b4d43df888253337e0f3,source_result_migration,tools/replot_results_e20_e24.py,python tools/replot_results_e20_e24.py,present_in_reference_tree,rebuild_from_code
results-E20-E24/source_originals/E22/figures/ieee69_stress_profiles_comparison.pdf,outputs/results-E20-E24/source_originals/E22/figures/ieee69_stress_profiles_comparison.pdf,25627,f96cc51e16571ed4bb030bdbf1f8b439661e4b3ef3f335620008bf27537051fc,source_result_migration,tools/replot_results_e20_e24.py,python tools/replot_results_e20_e24.py,present_in_reference_tree,rebuild_from_code
results-E20-E24/source_originals/E22/figures/ieee69_stress_profiles_comparison.png,outputs/results-E20-E24/source_originals/E22/figures/ieee69_stress_profiles_comparison.png,478437,9c65b5f488d2671ff7e3b739e6419a2e7a497c1c19ebc5e31ca7f85aaccb21de,source_result_migration,tools/replot_results_e20_e24.py,python tools/replot_results_e20_e24.py,present_in_reference_tree,rebuild_from_code
results-E20-E24/source_originals/E22/figures/retention_by_dataset_algorithm.pdf,outputs/results-E20-E24/source_originals/E22/figures/retention_by_dataset_algorithm.pdf,55938,c287604922e477fe08f776c78245108f7556a41cb9272709b102bef20bbe0570,source_result_migration,tools/replot_results_e20_e24.py,python tools/replot_results_e20_e24.py,present_in_reference_tree,rebuild_from_code
results-E20-E24/source_originals/E22/figures/retention_by_dataset_algorithm.png,outputs/results-E20-E24/source_originals/E22/figures/retention_by_dataset_algorithm.png,205614,53347f1729a8b658e94b9f13767d20a86f8510621f9d7de03b86aef03a9e845e,source_result_migration,tools/replot_results_e20_e24.py,python tools/replot_results_e20_e24.py,present_in_reference_tree,rebuild_from_code
results-E20-E24/source_originals/E22/figures/spatial_concentration_retention.pdf,outputs/results-E20-E24/source_originals/E22/figures/spatial_concentration_retention.pdf,34657,d64435d4022c650582cb460a124ffcad1307c55d1b8156d785e62f453f030285,source_result_migration,tools/replot_results_e20_e24.py,python tools/replot_results_e20_e24.py,present_in_reference_tree,rebuild_from_code
results-E20-E24/source_originals/E22/figures/spatial_concentration_retention.png,outputs/results-E20-E24/source_originals/E22/figures/spatial_concentration_retention.png,176214,9d148622a51b3026486df53640f03fdbcf9a2e8335c32eb3c8ac7d10e5c6d3ee,source_result_migration,tools/replot_results_e20_e24.py,python tools/replot_results_e20_e24.py,present_in_reference_tree,rebuild_from_code
results-E20-E24/source_originals/E22/figures/topology_effect_dumbbell.pdf,outputs/results-E20-E24/source_originals/E22/figures/topology_effect_dumbbell.pdf,22082,fa9db12f4fd518b0d488a03ad65da147d0fcd211823357af8361fddbf8b6a1e4,source_result_migration,tools/replot_results_e20_e24.py,python tools/replot_results_e20_e24.py,present_in_reference_tree,rebuild_from_code
results-E20-E24/source_originals/E22/figures/topology_effect_dumbbell.png,outputs/results-E20-E24/source_originals/E22/figures/topology_effect_dumbbell.png,142853,63aef8e600867e342ed303318bdb5ed0c1194e00a2c157b475b8b334a2bb05b7,source_result_migration,tools/replot_results_e20_e24.py,python tools/replot_results_e20_e24.py,present_in_reference_tree,rebuild_from_code
results-E20-E24/source_originals/E22/figures/trained_all_algorithms_comparison.pdf,outputs/results-E20-E24/source_originals/E22/figures/trained_all_algorithms_comparison.pdf,20017,610d798f69a7b2d635fb6126acdbd8a730fcadbd8d54e18331d796dec980e358,source_result_migration,tools/replot_results_e20_e24.py,python tools/replot_results_e20_e24.py,present_in_reference_tree,rebuild_from_code
results-E20-E24/source_originals/E22/figures/trained_all_algorithms_comparison.png,outputs/results-E20-E24/source_originals/E22/figures/trained_all_algorithms_comparison.png,208544,e6a0e392a9c0f721fb497650bd0e3616e16600787c2ec3cd3e71487a32d5b4f5,source_result_migration,tools/replot_results_e20_e24.py,python tools/replot_results_e20_e24.py,present_in_reference_tree,rebuild_from_code
results-E20-E24/source_originals/E22/interim/r2_scaling/figures/by_dataset/bdg1_building_data_genome_r2_vs_n.pdf,outputs/results-E20-E24/source_originals/E22/interim/r2_scaling/figures/by_dataset/bdg1_building_data_genome_r2_vs_n.pdf,17355,d64685793ec458d5520cba0958c924213afe4aad3da0f5747266570bdc84a3a5,source_result_migration,tools/replot_results_e20_e24.py,python tools/replot_results_e20_e24.py,present_in_reference_tree,rebuild_from_code
results-E20-E24/source_originals/E22/interim/r2_scaling/figures/by_dataset/bdg1_building_data_genome_r2_vs_n.png,outputs/results-E20-E24/source_originals/E22/interim/r2_scaling/figures/by_dataset/bdg1_building_data_genome_r2_vs_n.png,94084,2aff8d61f4e7e0158af7e3d1f9e2ed6f126821a132226890740b8b540970bf79,source_result_migration,tools/replot_results_e20_e24.py,python tools/replot_results_e20_e24.py,present_in_reference_tree,rebuild_from_code
results-E20-E24/source_originals/E22/interim/r2_scaling/figures/by_dataset/bdg2_building_data_genome_r2_vs_n.pdf,outputs/results-E20-E24/source_originals/E22/interim/r2_scaling/figures/by_dataset/bdg2_building_data_genome_r2_vs_n.pdf,18154,dd461c87f49a9ca41c5a033b05c9f29e9f162d7a0cd27793f61636c7abc311a3,source_result_migration,tools/replot_results_e20_e24.py,python tools/replot_results_e20_e24.py,present_in_reference_tree,rebuild_from_code
results-E20-E24/source_originals/E22/interim/r2_scaling/figures/by_dataset/bdg2_building_data_genome_r2_vs_n.png,outputs/results-E20-E24/source_originals/E22/interim/r2_scaling/figures/by_dataset/bdg2_building_data_genome_r2_vs_n.png,95014,741c9f9f7acbff0666ca6fdd2ca5cb68c694cd24dd9963297c366d0387a62f59,source_result_migration,tools/replot_results_e20_e24.py,python tools/replot_results_e20_e24.py,present_in_reference_tree,rebuild_from_code
results-E20-E24/source_originals/E22/interim/r2_scaling/figures/by_dataset/complete_energy_community_r2_vs_n.pdf,outputs/results-E20-E24/source_originals/E22/interim/r2_scaling/figures/by_dataset/complete_energy_community_r2_vs_n.pdf,17240,4682bac521da4e4b747ea3a54a864d0eff692e9692a29973602fa4eff18d4a16,source_result_migration,tools/replot_results_e20_e24.py,python tools/replot_results_e20_e24.py,present_in_reference_tree,rebuild_from_code
results-E20-E24/source_originals/E22/interim/r2_scaling/figures/by_dataset/complete_energy_community_r2_vs_n.png,outputs/results-E20-E24/source_originals/E22/interim/r2_scaling/figures/by_dataset/complete_energy_community_r2_vs_n.png,99165,8c7a0f5bd323cfe5c7febed0b30af472ebd2f16d8bf7905e95303736a8bba76c,source_result_migration,tools/replot_results_e20_e24.py,python tools/replot_results_e20_e24.py,present_in_reference_tree,rebuild_from_code
results-E20-E24/source_originals/E22/interim/r2_scaling/figures/by_dataset/danish_smart_heat_meters_r2_vs_n.pdf,outputs/results-E20-E24/source_originals/E22/interim/r2_scaling/figures/by_dataset/danish_smart_heat_meters_r2_vs_n.pdf,17305,e69afdaf2905e91fc286762cab5e8108dd92976a15bca96abedf35e4bcaaddab,source_result_migration,tools/replot_results_e20_e24.py,python tools/replot_results_e20_e24.py,present_in_reference_tree,rebuild_from_code
results-E20-E24/source_originals/E22/interim/r2_scaling/figures/by_dataset/danish_smart_heat_meters_r2_vs_n.png,outputs/results-E20-E24/source_originals/E22/interim/r2_scaling/figures/by_dataset/danish_smart_heat_meters_r2_vs_n.png,92932,504f6183f677f68f17a0d8c9ced7554154e2a80f3f524d3e6ba6eaa52738898c,source_result_migration,tools/replot_results_e20_e24.py,python tools/replot_results_e20_e24.py,present_in_reference_tree,rebuild_from_code
results-E20-E24/source_originals/E22/interim/r2_scaling/figures/by_dataset/european_lv_rural_2731_r2_vs_n.pdf,outputs/results-E20-E24/source_originals/E22/interim/r2_scaling/figures/by_dataset/european_lv_rural_2731_r2_vs_n.pdf,18166,e17352d2af5e6a9e7e122d2e2c5f16c1a2cd45e4603b5af4d2ad714dd69f8973,source_result_migration,tools/replot_results_e20_e24.py,python tools/replot_results_e20_e24.py,present_in_reference_tree,rebuild_from_code
results-E20-E24/source_originals/E22/interim/r2_scaling/figures/by_dataset/european_lv_rural_2731_r2_vs_n.png,outputs/results-E20-E24/source_originals/E22/interim/r2_scaling/figures/by_dataset/european_lv_rural_2731_r2_vs_n.png,95658,ad4b9b8d2400dc7027914a91c6dab4ce956551fc565e954fe71220626b96df5e,source_result_migration,tools/replot_results_e20_e24.py,python tools/replot_results_e20_e24.py,present_in_reference_tree,rebuild_from_code
results-E20-E24/source_originals/E22/interim/r2_scaling/figures/e22_completed_r2_group.pdf,outputs/results-E20-E24/source_originals/E22/interim/r2_scaling/figures/e22_completed_r2_group.pdf,27485,559af4a28ea0f790d1eb4d2ee250ffad85dae213c6e8ef4cc1bc255c821512ae,source_result_migration,tools/replot_results_e20_e24.py,python tools/replot_results_e20_e24.py,present_in_reference_tree,rebuild_from_code
results-E20-E24/source_originals/E22/interim/r2_scaling/figures/e22_completed_r2_group.png,outputs/results-E20-E24/source_originals/E22/interim/r2_scaling/figures/e22_completed_r2_group.png,333589,72059beaafcff146d7942948a512750fd0328c38026d7dd396b80ce6da719abb,source_result_migration,tools/replot_results_e20_e24.py,python tools/replot_results_e20_e24.py,present_in_reference_tree,rebuild_from_code
results-E20-E24/source_originals/E22/trained_eps_ieee69/figures/trained_eps_all_algorithms_ieee69.pdf,outputs/results-E20-E24/source_originals/E22/trained_eps_ieee69/figures/trained_eps_all_algorithms_ieee69.pdf,20282,ca5b14e5325d54b1e88d75542b4834036ed887873c002c0fc1ca2744769df166,source_result_migration,tools/replot_results_e20_e24.py,python tools/replot_results_e20_e24.py,present_in_reference_tree,rebuild_from_code
results-E20-E24/source_originals/E22/trained_eps_ieee69/figures/trained_eps_all_algorithms_ieee69.png,outputs/results-E20-E24/source_originals/E22/trained_eps_ieee69/figures/trained_eps_all_algorithms_ieee69.png,167288,d103631699b7f91e0aa1d4df68e30479671d490765320ec6c747335c77e1baa5,source_result_migration,tools/replot_results_e20_e24.py,python tools/replot_results_e20_e24.py,present_in_reference_tree,rebuild_from_code
results-E20-E24/source_originals/E22/trained_eps_ieee69/figures/trained_gain_by_dataset_ieee69.pdf,outputs/results-E20-E24/source_originals/E22/trained_eps_ieee69/figures/trained_gain_by_dataset_ieee69.pdf,20500,171858e71a4092358af7b5a5e221fb079c442fc149b20cf34e7fc3e0293134aa,source_result_migration,tools/replot_results_e20_e24.py,python tools/replot_results_e20_e24.py,present_in_reference_tree,rebuild_from_code
results-E20-E24/source_originals/E22/trained_eps_ieee69/figures/trained_gain_by_dataset_ieee69.png,outputs/results-E20-E24/source_originals/E22/trained_eps_ieee69/figures/trained_gain_by_dataset_ieee69.png,130016,ca11d3031d5c8a52ac70df930a15b680d9de99418011165d4ab684c628b603dd,source_result_migration,tools/replot_results_e20_e24.py,python tools/replot_results_e20_e24.py,present_in_reference_tree,rebuild_from_code
results-E20-E24/source_originals/E22/trained_eps_ieee69/figures/trained_vs_transfer_dataset_heatmap_ieee69.pdf,outputs/results-E20-E24/source_originals/E22/trained_eps_ieee69/figures/trained_vs_transfer_dataset_heatmap_ieee69.pdf,31290,db79471ce6fa7ce364d7240216e8a834a07b43ddbfb2f028e0d4610487e1c38c,source_result_migration,tools/replot_results_e20_e24.py,python tools/replot_results_e20_e24.py,present_in_reference_tree,rebuild_from_code
results-E20-E24/source_originals/E22/trained_eps_ieee69/figures/trained_vs_transfer_dataset_heatmap_ieee69.png,outputs/results-E20-E24/source_originals/E22/trained_eps_ieee69/figures/trained_vs_transfer_dataset_heatmap_ieee69.png,138643,d355c96bef968b42e5a08eedf18352d73027ace08c2bbc7925186bb6a58fef5c,source_result_migration,tools/replot_results_e20_e24.py,python tools/replot_results_e20_e24.py,present_in_reference_tree,rebuild_from_code
results-E20-E24/source_originals/E22/trained_eps_ieee69/figures/trained_vs_transfer_stress_profiles_ieee69.pdf,outputs/results-E20-E24/source_originals/E22/trained_eps_ieee69/figures/trained_vs_transfer_stress_profiles_ieee69.pdf,18056,ecba10cb74eebad8c749da67f34fbe4be8515b7f1adb1914171f7d30e6312f26,source_result_migration,tools/replot_results_e20_e24.py,python tools/replot_results_e20_e24.py,present_in_reference_tree,rebuild_from_code
results-E20-E24/source_originals/E22/trained_eps_ieee69/figures/trained_vs_transfer_stress_profiles_ieee69.png,outputs/results-E20-E24/source_originals/E22/trained_eps_ieee69/figures/trained_vs_transfer_stress_profiles_ieee69.png,125290,0b9c113f3d56240331f7e87a5584e61553c12778597393d924a12fa94f3d536a,source_result_migration,tools/replot_results_e20_e24.py,python tools/replot_results_e20_e24.py,present_in_reference_tree,rebuild_from_code
results-E20-E24/source_originals/E22/trained_eps_ieee69_direct/figures/trained_eps_all_algorithms_ieee69.pdf,outputs/results-E20-E24/source_originals/E22/trained_eps_ieee69_direct/figures/trained_eps_all_algorithms_ieee69.pdf,20118,67c2bbde2e41fb4f76e51c856476adaed6a970ae44370fbd5d12f7ab6f955619,source_result_migration,tools/replot_results_e20_e24.py,python tools/replot_results_e20_e24.py,present_in_reference_tree,rebuild_from_code
results-E20-E24/source_originals/E22/trained_eps_ieee69_direct/figures/trained_eps_all_algorithms_ieee69.png,outputs/results-E20-E24/source_originals/E22/trained_eps_ieee69_direct/figures/trained_eps_all_algorithms_ieee69.png,186661,5cb6ccb9615081661cd7354a8a5ecef8428a5d30327d013f5cb3e0f15e3eb293,source_result_migration,tools/replot_results_e20_e24.py,python tools/replot_results_e20_e24.py,present_in_reference_tree,rebuild_from_code
results-E20-E24/source_originals/E22/trained_eps_ieee69_direct/figures/trained_gain_by_dataset_ieee69.pdf,outputs/results-E20-E24/source_originals/E22/trained_eps_ieee69_direct/figures/trained_gain_by_dataset_ieee69.pdf,20839,943135c93a2c4565a29497f29bb69075f57bf2f3d196339efdfa241bfb9e7c9a,source_result_migration,tools/replot_results_e20_e24.py,python tools/replot_results_e20_e24.py,present_in_reference_tree,rebuild_from_code
results-E20-E24/source_originals/E22/trained_eps_ieee69_direct/figures/trained_gain_by_dataset_ieee69.png,outputs/results-E20-E24/source_originals/E22/trained_eps_ieee69_direct/figures/trained_gain_by_dataset_ieee69.png,131157,e96daaaa99511c5c0dd9e6507043cf9ce32385e89c6e8779c252ec1cd1c94b9d,source_result_migration,tools/replot_results_e20_e24.py,python tools/replot_results_e20_e24.py,present_in_reference_tree,rebuild_from_code
results-E20-E24/source_originals/E22/trained_eps_ieee69_direct/figures/trained_vs_transfer_dataset_heatmap_ieee69.pdf,outputs/results-E20-E24/source_originals/E22/trained_eps_ieee69_direct/figures/trained_vs_transfer_dataset_heatmap_ieee69.pdf,41527,8b5e45caaf9e02836dad966c34e8ed780e84084e3d12311545eb95a405214dde,source_result_migration,tools/replot_results_e20_e24.py,python tools/replot_results_e20_e24.py,present_in_reference_tree,rebuild_from_code
results-E20-E24/source_originals/E22/trained_eps_ieee69_direct/figures/trained_vs_transfer_dataset_heatmap_ieee69.png,outputs/results-E20-E24/source_originals/E22/trained_eps_ieee69_direct/figures/trained_vs_transfer_dataset_heatmap_ieee69.png,204045,a3f375b36803feab35423f5443a76b4a467aede1527503fad2b5555f914349e6,source_result_migration,tools/replot_results_e20_e24.py,python tools/replot_results_e20_e24.py,present_in_reference_tree,rebuild_from_code
results-E20-E24/source_originals/E22/trained_eps_ieee69_direct/figures/trained_vs_transfer_stress_profiles_ieee69.pdf,outputs/results-E20-E24/source_originals/E22/trained_eps_ieee69_direct/figures/trained_vs_transfer_stress_profiles_ieee69.pdf,19538,d6ef2867f05024e8f1ae87ab4dcce5e98317451e07ad53b859583394d151d7db,source_result_migration,tools/replot_results_e20_e24.py,python tools/replot_results_e20_e24.py,present_in_reference_tree,rebuild_from_code
results-E20-E24/source_originals/E22/trained_eps_ieee69_direct/figures/trained_vs_transfer_stress_profiles_ieee69.png,outputs/results-E20-E24/source_originals/E22/trained_eps_ieee69_direct/figures/trained_vs_transfer_stress_profiles_ieee69.png,202336,2940880a82b1e5a94878ee99ba582af75de9e30f437c1ebd83dcae014181a23f,source_result_migration,tools/replot_results_e20_e24.py,python tools/replot_results_e20_e24.py,present_in_reference_tree,rebuild_from_code
results-E20-E24/source_originals/E23/direct_training/figures/effect_vs_density_imbalance.pdf,outputs/results-E20-E24/source_originals/E23/direct_training/figures/effect_vs_density_imbalance.pdf,97441,158c465077c1b6e2e9b3aaf0095200422de6a0ec911c41def00b672969c7b5e9,source_result_migration,tools/replot_results_e20_e24.py,python tools/replot_results_e20_e24.py,present_in_reference_tree,rebuild_from_code
results-E20-E24/source_originals/E23/direct_training/figures/effect_vs_density_imbalance.png,outputs/results-E20-E24/source_originals/E23/direct_training/figures/effect_vs_density_imbalance.png,248753,53a3c5c501292dffc4dcf1e41f278b73faf47b07401dcdad320f72b0a3510686,source_result_migration,tools/replot_results_e20_e24.py,python tools/replot_results_e20_e24.py,present_in_reference_tree,rebuild_from_code
results-E20-E24/source_originals/E23/direct_training/figures/effect_vs_type_heterogeneity.pdf,outputs/results-E20-E24/source_originals/E23/direct_training/figures/effect_vs_type_heterogeneity.pdf,99146,bab7ec2653ced37d6ab9935d75ddbd81f9c25df81cd8666558c0fcd07b2b179f,source_result_migration,tools/replot_results_e20_e24.py,python tools/replot_results_e20_e24.py,present_in_reference_tree,rebuild_from_code
results-E20-E24/source_originals/E23/direct_training/figures/effect_vs_type_heterogeneity.png,outputs/results-E20-E24/source_originals/E23/direct_training/figures/effect_vs_type_heterogeneity.png,260546,46c669d85d8fdbacd69e2306295b7d8fa08473c6e88b3afbbe79905fcf3cef86,source_result_migration,tools/replot_results_e20_e24.py,python tools/replot_results_e20_e24.py,present_in_reference_tree,rebuild_from_code
results-E20-E24/source_originals/E23/direct_training/figures/imbalance_metric_summary.pdf,outputs/results-E20-E24/source_originals/E23/direct_training/figures/imbalance_metric_summary.pdf,32673,823c3ade5131f3d823332e73c29a8b2115f3af99308af0159ea6f2c3b87c2b05,source_result_migration,tools/replot_results_e20_e24.py,python tools/replot_results_e20_e24.py,present_in_reference_tree,rebuild_from_code
results-E20-E24/source_originals/E23/direct_training/figures/imbalance_metric_summary.png,outputs/results-E20-E24/source_originals/E23/direct_training/figures/imbalance_metric_summary.png,136738,3a261fc118faa33ca6c4d24492060ee350fe7ae4365985e4001897bfbadf2a7b,source_result_migration,tools/replot_results_e20_e24.py,python tools/replot_results_e20_e24.py,present_in_reference_tree,rebuild_from_code
results-E20-E24/source_originals/E23/direct_training/figures/region_density_assignments.pdf,outputs/results-E20-E24/source_originals/E23/direct_training/figures/region_density_assignments.pdf,24440,3807969e974cbb33f1b32d7548434d73e7f1b5b0dbce9d0595afdab815442303,source_result_migration,tools/replot_results_e20_e24.py,python tools/replot_results_e20_e24.py,present_in_reference_tree,rebuild_from_code
results-E20-E24/source_originals/E23/direct_training/figures/region_density_assignments.png,outputs/results-E20-E24/source_originals/E23/direct_training/figures/region_density_assignments.png,129156,97662c2ae543b2752870baddfc1703f3e5a6853f7970551af8dcbf3cb551d17f,source_result_migration,tools/replot_results_e20_e24.py,python tools/replot_results_e20_e24.py,present_in_reference_tree,rebuild_from_code
results-E20-E24/source_originals/E23/direct_training/figures/safety_vs_headroom_coupling.pdf,outputs/results-E20-E24/source_originals/E23/direct_training/figures/safety_vs_headroom_coupling.pdf,97066,36255acc41ce47df492afd6bb4079026fdc6bb90a603cb3b32dfca9be6f53c15,source_result_migration,tools/replot_results_e20_e24.py,python tools/replot_results_e20_e24.py,present_in_reference_tree,rebuild_from_code
results-E20-E24/source_originals/E23/direct_training/figures/safety_vs_headroom_coupling.png,outputs/results-E20-E24/source_originals/E23/direct_training/figures/safety_vs_headroom_coupling.png,223442,dec0c99698d1a300e2963731c1a03c683b015fa774d6ceb02b4d8b7b31bc0cbd,source_result_migration,tools/replot_results_e20_e24.py,python tools/replot_results_e20_e24.py,present_in_reference_tree,rebuild_from_code
results-E20-E24/source_originals/E23/direct_training/figures/spatial_heterogeneity_algorithm_comparison.pdf,outputs/results-E20-E24/source_originals/E23/direct_training/figures/spatial_heterogeneity_algorithm_comparison.pdf,42140,6501b45216a995259cb27668dc6901d7a190b2c5e946a473d25311c1b2d97c31,source_result_migration,tools/replot_results_e20_e24.py,python tools/replot_results_e20_e24.py,present_in_reference_tree,rebuild_from_code
results-E20-E24/source_originals/E23/direct_training/figures/spatial_heterogeneity_algorithm_comparison.png,outputs/results-E20-E24/source_originals/E23/direct_training/figures/spatial_heterogeneity_algorithm_comparison.png,212622,48adf49b75d42596ba57442fa550d3beb6af628048b600c6d380f6f5aa2cfce0,source_result_migration,tools/replot_results_e20_e24.py,python tools/replot_results_e20_e24.py,present_in_reference_tree,rebuild_from_code
results-E20-E24/source_originals/E23/figures/e23_boundary_summary.pdf,outputs/results-E20-E24/source_originals/E23/figures/e23_boundary_summary.pdf,45868,971bdb6b5fba7c42603fc691d87ee2157f2920eb583aa3e53647a2a894690c44,source_result_migration,tools/replot_results_e20_e24.py,python tools/replot_results_e20_e24.py,present_in_reference_tree,rebuild_from_code
results-E20-E24/source_originals/E23/figures/e23_boundary_summary.png,outputs/results-E20-E24/source_originals/E23/figures/e23_boundary_summary.png,100045,4e80c05c744b256acbafc0f4eaadd34afd92a188af27d7b27b2492778c052ca6,source_result_migration,tools/replot_results_e20_e24.py,python tools/replot_results_e20_e24.py,present_in_reference_tree,rebuild_from_code
results-E20-E24/source_originals/E23/figures/e23_dataset_boundary_distribution.pdf,outputs/results-E20-E24/source_originals/E23/figures/e23_dataset_boundary_distribution.pdf,60464,f769b753b396c7d4ec26b0c7c2a25de380bb3dccb956a1a9fe771f86fa057d8c,source_result_migration,tools/replot_results_e20_e24.py,python tools/replot_results_e20_e24.py,present_in_reference_tree,rebuild_from_code
results-E20-E24/source_originals/E23/figures/e23_dataset_boundary_distribution.png,outputs/results-E20-E24/source_originals/E23/figures/e23_dataset_boundary_distribution.png,179227,0c9769f6c94dba53534d3db0fd81b794f82374e4b7a9a25815ff0c3dbed774f7,source_result_migration,tools/replot_results_e20_e24.py,python tools/replot_results_e20_e24.py,present_in_reference_tree,rebuild_from_code
results-E20-E24/source_originals/E23/figures/e23_physical_violation_curves.pdf,outputs/results-E20-E24/source_originals/E23/figures/e23_physical_violation_curves.pdf,81432,62f8fe9e3e9d966e3bf25db68b20592955137ccbc72cf4d6ef84c384d218bf2c,source_result_migration,tools/replot_results_e20_e24.py,python tools/replot_results_e20_e24.py,present_in_reference_tree,rebuild_from_code
results-E20-E24/source_originals/E23/figures/e23_physical_violation_curves.png,outputs/results-E20-E24/source_originals/E23/figures/e23_physical_violation_curves.png,306467,4d18bd9e57824256bb288ef6b473c98fc614da1928afab5df7867adfed8f0cea,source_result_migration,tools/replot_results_e20_e24.py,python tools/replot_results_e20_e24.py,present_in_reference_tree,rebuild_from_code
results-E20-E24/source_originals/E23/figures/e23_r2_pressure_curves.pdf,outputs/results-E20-E24/source_originals/E23/figures/e23_r2_pressure_curves.pdf,60802,777f5848d913bb8c2d588dda6815c75e78e73003a9d72f4ef0ef47c174c4ac26,source_result_migration,tools/replot_results_e20_e24.py,python tools/replot_results_e20_e24.py,present_in_reference_tree,rebuild_from_code
results-E20-E24/source_originals/E23/figures/e23_r2_pressure_curves.png,outputs/results-E20-E24/source_originals/E23/figures/e23_r2_pressure_curves.png,531829,34bbb006e6765455f64a6bbf7902060eebec8969d16251fbddcab990de36d78c,source_result_migration,tools/replot_results_e20_e24.py,python tools/replot_results_e20_e24.py,present_in_reference_tree,rebuild_from_code
results-E20-E24/source_originals/E23/figures/e23_r2_spatial_conditions.pdf,outputs/results-E20-E24/source_originals/E23/figures/e23_r2_spatial_conditions.pdf,37065,19bacf8f12df0e029ac763c1d736e26d5987b5cba13edd972ffc6799e9fde309,source_result_migration,tools/replot_results_e20_e24.py,python tools/replot_results_e20_e24.py,present_in_reference_tree,rebuild_from_code
results-E20-E24/source_originals/E23/figures/e23_r2_spatial_conditions.png,outputs/results-E20-E24/source_originals/E23/figures/e23_r2_spatial_conditions.png,214244,c4054f52cb71a3ce5b738e61eb612998cd5cb7c61811108b0b13b4c604c70d2a,source_result_migration,tools/replot_results_e20_e24.py,python tools/replot_results_e20_e24.py,present_in_reference_tree,rebuild_from_code
results-E20-E24/source_originals/E23/figures/e23_reduction_vs_r2_spatial.pdf,outputs/results-E20-E24/source_originals/E23/figures/e23_reduction_vs_r2_spatial.pdf,51747,ab3a16d4279b0d6c757cf6e57f513cfc2dc2585ee015ff6c4ed87aba4d3e54ea,source_result_migration,tools/replot_results_e20_e24.py,python tools/replot_results_e20_e24.py,present_in_reference_tree,rebuild_from_code
results-E20-E24/source_originals/E23/figures/e23_reduction_vs_r2_spatial.png,outputs/results-E20-E24/source_originals/E23/figures/e23_reduction_vs_r2_spatial.png,150430,d4f57ac17ca920818ca552083555317e7d8206d1d19e7f0603601e7c57e26846,source_result_migration,tools/replot_results_e20_e24.py,python tools/replot_results_e20_e24.py,present_in_reference_tree,rebuild_from_code
results-E20-E24/source_originals/E23/figures/e23_relative_advantage_curves.pdf,outputs/results-E20-E24/source_originals/E23/figures/e23_relative_advantage_curves.pdf,64261,756624dcc4de3da7ad23adb40e7886179dfb8a8d4ba210376ecd36636af2f529,source_result_migration,tools/replot_results_e20_e24.py,python tools/replot_results_e20_e24.py,present_in_reference_tree,rebuild_from_code
results-E20-E24/source_originals/E23/figures/e23_relative_advantage_curves.png,outputs/results-E20-E24/source_originals/E23/figures/e23_relative_advantage_curves.png,308652,1d5c3514adf30bfa93889ac21759fe546b03388402f42a7bdb9335ccf219baf3,source_result_migration,tools/replot_results_e20_e24.py,python tools/replot_results_e20_e24.py,present_in_reference_tree,rebuild_from_code
results-E20-E24/source_originals/E23/figures/e23_relative_effect_curves.pdf,outputs/results-E20-E24/source_originals/E23/figures/e23_relative_effect_curves.pdf,75781,71e79fd5a14499d254939800f285f7722f54600d643d77756622a664baceabfb,source_result_migration,tools/replot_results_e20_e24.py,python tools/replot_results_e20_e24.py,present_in_reference_tree,rebuild_from_code
results-E20-E24/source_originals/E23/figures/e23_relative_effect_curves.png,outputs/results-E20-E24/source_originals/E23/figures/e23_relative_effect_curves.png,426593,5775eb724f7dc7d02104daa45e06f313fd5b8be7d2cd221e647a576f488d397c,source_result_migration,tools/replot_results_e20_e24.py,python tools/replot_results_e20_e24.py,present_in_reference_tree,rebuild_from_code
results-E20-E24/source_originals/E23/figures/effect_vs_density_imbalance.pdf,outputs/results-E20-E24/source_originals/E23/figures/effect_vs_density_imbalance.pdf,97432,56e5d1046f7dfcef3a96991f0a258a2517335b5525f7f5eba0c461a1f7a14c5d,source_result_migration,tools/replot_results_e20_e24.py,python tools/replot_results_e20_e24.py,present_in_reference_tree,rebuild_from_code
results-E20-E24/source_originals/E23/figures/effect_vs_density_imbalance.png,outputs/results-E20-E24/source_originals/E23/figures/effect_vs_density_imbalance.png,249292,16e8b7104c00b6a64ae0d8bc021a4e812eb5fb3e27d4e74868228ed6238b7c7d,source_result_migration,tools/replot_results_e20_e24.py,python tools/replot_results_e20_e24.py,present_in_reference_tree,rebuild_from_code
results-E20-E24/source_originals/E23/figures/effect_vs_type_heterogeneity.pdf,outputs/results-E20-E24/source_originals/E23/figures/effect_vs_type_heterogeneity.pdf,99179,d2973e478c378f0bfe4e18f4b1cbd1fcfe3408aff016d88705f9aa5bfe58b5ba,source_result_migration,tools/replot_results_e20_e24.py,python tools/replot_results_e20_e24.py,present_in_reference_tree,rebuild_from_code
results-E20-E24/source_originals/E23/figures/effect_vs_type_heterogeneity.png,outputs/results-E20-E24/source_originals/E23/figures/effect_vs_type_heterogeneity.png,260653,c4b1bd5482690ae170ed42b1fa3633594dfc693cb41899af6c5dacc2df58e57e,source_result_migration,tools/replot_results_e20_e24.py,python tools/replot_results_e20_e24.py,present_in_reference_tree,rebuild_from_code
results-E20-E24/source_originals/E23/figures/ieee69_constraint_margins.pdf,outputs/results-E20-E24/source_originals/E23/figures/ieee69_constraint_margins.pdf,72781,6a4fc04a1d009ffbc17165b07873293bddc22b80ac5df73820b68a1830e8062e,source_result_migration,tools/replot_results_e20_e24.py,python tools/replot_results_e20_e24.py,present_in_reference_tree,rebuild_from_code
results-E20-E24/source_originals/E23/figures/ieee69_constraint_margins.png,outputs/results-E20-E24/source_originals/E23/figures/ieee69_constraint_margins.png,470995,ebb7d810cc51edf987f894216ff843f20b5ab67c62e3d63893be9997113bfd78,source_result_migration,tools/replot_results_e20_e24.py,python tools/replot_results_e20_e24.py,present_in_reference_tree,rebuild_from_code
results-E20-E24/source_originals/E23/figures/ieee69_effect_under_stress.pdf,outputs/results-E20-E24/source_originals/E23/figures/ieee69_effect_under_stress.pdf,46977,e4be18337a40c82d2b908d7e04b53f8c064d7a8808818ef4c05d35697eadd138,source_result_migration,tools/replot_results_e20_e24.py,python tools/replot_results_e20_e24.py,present_in_reference_tree,rebuild_from_code
results-E20-E24/source_originals/E23/figures/ieee69_effect_under_stress.png,outputs/results-E20-E24/source_originals/E23/figures/ieee69_effect_under_stress.png,410883,ca76eaeb3400f6191efd94f6a065632cc081f2bf723661cf1620c7dab3b17df1,source_result_migration,tools/replot_results_e20_e24.py,python tools/replot_results_e20_e24.py,present_in_reference_tree,rebuild_from_code
results-E20-E24/source_originals/E23/figures/ieee69_failure_boundary_dashboard.pdf,outputs/results-E20-E24/source_originals/E23/figures/ieee69_failure_boundary_dashboard.pdf,84842,b2373e52e0744b2d0c7524368f9af19105e6e4e50b08ac2e14c67001534f90c9,source_result_migration,tools/replot_results_e20_e24.py,python tools/replot_results_e20_e24.py,present_in_reference_tree,rebuild_from_code
results-E20-E24/source_originals/E23/figures/ieee69_failure_boundary_dashboard.png,outputs/results-E20-E24/source_originals/E23/figures/ieee69_failure_boundary_dashboard.png,510618,e715829b946eb81512fb5dd05e499f3655f1999ebd61f907e31ef9af2eb91127,source_result_migration,tools/replot_results_e20_e24.py,python tools/replot_results_e20_e24.py,present_in_reference_tree,rebuild_from_code
results-E20-E24/source_originals/E23/figures/ieee69_mean_effect.pdf,outputs/results-E20-E24/source_originals/E23/figures/ieee69_mean_effect.pdf,33751,d6cfb7de0096ea8d579ec8928c19fc6e690f24662c1be89fb7505d0f24673540,source_result_migration,tools/replot_results_e20_e24.py,python tools/replot_results_e20_e24.py,present_in_reference_tree,rebuild_from_code
results-E20-E24/source_originals/E23/figures/ieee69_mean_effect.png,outputs/results-E20-E24/source_originals/E23/figures/ieee69_mean_effect.png,146217,31ebe38fa31010264398d932d89c29b39b4a06c06e262427f8bf9824af016bcf,source_result_migration,tools/replot_results_e20_e24.py,python tools/replot_results_e20_e24.py,present_in_reference_tree,rebuild_from_code
results-E20-E24/source_originals/E23/figures/imbalance_metric_summary.pdf,outputs/results-E20-E24/source_originals/E23/figures/imbalance_metric_summary.pdf,32673,b426a7c93c4cbc51e05b6468b3753804529297cdcece76519c23503b96c4e63d,source_result_migration,tools/replot_results_e20_e24.py,python tools/replot_results_e20_e24.py,present_in_reference_tree,rebuild_from_code
results-E20-E24/source_originals/E23/figures/imbalance_metric_summary.png,outputs/results-E20-E24/source_originals/E23/figures/imbalance_metric_summary.png,136738,3a261fc118faa33ca6c4d24492060ee350fe7ae4365985e4001897bfbadf2a7b,source_result_migration,tools/replot_results_e20_e24.py,python tools/replot_results_e20_e24.py,present_in_reference_tree,rebuild_from_code
results-E20-E24/source_originals/E23/figures/region_density_assignments.pdf,outputs/results-E20-E24/source_originals/E23/figures/region_density_assignments.pdf,24440,12dd41f8ceb377c910502e2f35eef54be2156b00a8c694803c1eda42a22dd5d2,source_result_migration,tools/replot_results_e20_e24.py,python tools/replot_results_e20_e24.py,present_in_reference_tree,rebuild_from_code
results-E20-E24/source_originals/E23/figures/region_density_assignments.png,outputs/results-E20-E24/source_originals/E23/figures/region_density_assignments.png,129156,97662c2ae543b2752870baddfc1703f3e5a6853f7970551af8dcbf3cb551d17f,source_result_migration,tools/replot_results_e20_e24.py,python tools/replot_results_e20_e24.py,present_in_reference_tree,rebuild_from_code
results-E20-E24/source_originals/E23/figures/safety_vs_headroom_coupling.pdf,outputs/results-E20-E24/source_originals/E23/figures/safety_vs_headroom_coupling.pdf,97053,47ad384efd8b7135a10446d8e24fd98a731ab20aaaa536b6c5971a0c75e418c9,source_result_migration,tools/replot_results_e20_e24.py,python tools/replot_results_e20_e24.py,present_in_reference_tree,rebuild_from_code
results-E20-E24/source_originals/E23/figures/safety_vs_headroom_coupling.png,outputs/results-E20-E24/source_originals/E23/figures/safety_vs_headroom_coupling.png,223952,e2a0650e190e97613f20937b90344affb4f3e23353f7f1f082b0ac8ec0dfb379,source_result_migration,tools/replot_results_e20_e24.py,python tools/replot_results_e20_e24.py,present_in_reference_tree,rebuild_from_code
results-E20-E24/source_originals/E23/figures/spatial_heterogeneity_algorithm_comparison.pdf,outputs/results-E20-E24/source_originals/E23/figures/spatial_heterogeneity_algorithm_comparison.pdf,42135,fbaa404f27b42b9d5b0215d02a7ae5f112434493e510ad5da12e9a244e155799,source_result_migration,tools/replot_results_e20_e24.py,python tools/replot_results_e20_e24.py,present_in_reference_tree,rebuild_from_code
results-E20-E24/source_originals/E23/figures/spatial_heterogeneity_algorithm_comparison.png,outputs/results-E20-E24/source_originals/E23/figures/spatial_heterogeneity_algorithm_comparison.png,212670,030b647d1b8ee86c68d33d2061fa463b298db660795768eb3cafc8ce9ef5a7bd,source_result_migration,tools/replot_results_e20_e24.py,python tools/replot_results_e20_e24.py,present_in_reference_tree,rebuild_from_code
results-E20-E24/source_originals/E24/figures/e24_ieee123_effect_comparison.pdf,outputs/results-E20-E24/source_originals/E24/figures/e24_ieee123_effect_comparison.pdf,50958,a5522a5ee8aec50e472d5bca601bd2e4d885a2a3096d8b2aabaeb6c4eb4a9e96,source_result_migration,tools/replot_results_e20_e24.py,python tools/replot_results_e20_e24.py,present_in_reference_tree,rebuild_from_code
results-E20-E24/source_originals/E24/figures/e24_ieee123_effect_comparison.png,outputs/results-E20-E24/source_originals/E24/figures/e24_ieee123_effect_comparison.png,226427,a31d2373c117671856e075bffd24fcadb590eb00f55cae408c168bc3ef0144e4,source_result_migration,tools/replot_results_e20_e24.py,python tools/replot_results_e20_e24.py,present_in_reference_tree,rebuild_from_code
results-E20-E24/source_originals/E24/figures/e24_ieee123_safety_audit.pdf,outputs/results-E20-E24/source_originals/E24/figures/e24_ieee123_safety_audit.pdf,50309,b0d0374cdfff5b55c2f40a1765929ed48695d1403b3379c101980d66efa63d7f,source_result_migration,tools/replot_results_e20_e24.py,python tools/replot_results_e20_e24.py,present_in_reference_tree,rebuild_from_code
results-E20-E24/source_originals/E24/figures/e24_ieee123_safety_audit.png,outputs/results-E20-E24/source_originals/E24/figures/e24_ieee123_safety_audit.png,181888,a817ecf9d700c58e9df1043ef2fbb064c4c32dc1e7e5b3998ab90cc1ba72e81b,source_result_migration,tools/replot_results_e20_e24.py,python tools/replot_results_e20_e24.py,present_in_reference_tree,rebuild_from_code
results-E20-E24/source_originals/E24/figures/e24_r2_scenario_comparison.pdf,outputs/results-E20-E24/source_originals/E24/figures/e24_r2_scenario_comparison.pdf,46552,b8d697bd35632e7e9848e5b6d42f373e77e49594381c0f4eec7574dfa00b09f1,source_result_migration,tools/replot_results_e20_e24.py,python tools/replot_results_e20_e24.py,present_in_reference_tree,rebuild_from_code
results-E20-E24/source_originals/E24/figures/e24_r2_scenario_comparison.png,outputs/results-E20-E24/source_originals/E24/figures/e24_r2_scenario_comparison.png,440069,326a576a7523782e97c7bf3c601164cc29278fff8245815a7345402cbfa33c78,source_result_migration,tools/replot_results_e20_e24.py,python tools/replot_results_e20_e24.py,present_in_reference_tree,rebuild_from_code
results-E20-E24/source_originals/E24/trained_eps_ieee123_direct/figures/ieee123_direct_training_r2.pdf,outputs/results-E20-E24/source_originals/E24/trained_eps_ieee123_direct/figures/ieee123_direct_training_r2.pdf,28999,b0fceea9d334e38914c6e38bb6b53788c967cecbdbf90636a75ad2bcda4ad847,source_result_migration,tools/replot_results_e20_e24.py,python tools/replot_results_e20_e24.py,present_in_reference_tree,rebuild_from_code
results-E20-E24/source_originals/E24/trained_eps_ieee123_direct/figures/ieee123_direct_training_r2.png,outputs/results-E20-E24/source_originals/E24/trained_eps_ieee123_direct/figures/ieee123_direct_training_r2.png,96563,cfca92c89f7300bc828d166763ba4ed7f92131a20af0bb58fa8f4bce3a2cb831,source_result_migration,tools/replot_results_e20_e24.py,python tools/replot_results_e20_e24.py,present_in_reference_tree,rebuild_from_code
table example.png,outputs/table example.png,94857,b915e52cc364db2ec8bce6018c119d62546a6c1ac5f9196ea524f7dae6391c98,supplementary_tables,tools/build_supplementary_tables_s1_s4_s5.py,python tools/build_supplementary_tables_s1_s4_s5.py,present_in_reference_tree,rebuild_from_code
